product_id,product_name,description,category,price,brand,search_text
B01CUPMQZE,"Howard LC0008 Leather Conditioner, 8-Ounce (4-Pack)",,,,Howard Products,"Howard LC0008 Leather Conditioner, 8-Ounce (4-Pack) Howard Products"
B076WQZGPM,"Yes to Tomatoes Detoxifying Charcoal Cleanser (Pack of 2) with Charcoal Powder, Tomato Fruit Extract, and Gingko Biloba Leaf Extract, 5 fl. oz.",,,,Yes To,"Yes to Tomatoes Detoxifying Charcoal Cleanser (Pack of 2) with Charcoal Powder, Tomato Fruit Extract, and Gingko Biloba Leaf Extract, 5 fl. oz. Yes To"
B000B658RI,Eye Patch Black Adult with Tie Band (6 Per Pack),,,,Levine Health Products,Eye Patch Black Adult with Tie Band (6 Per Pack) Levine Health Products
B088FKY3VD,"Tattoo Eyebrow Stickers, Waterproof Eyebrow, 4D Imitation Eyebrow Tattoos, 4D Hair-like Authentic Eyebrows Waterproof Long Lasting for Woman & Man Makeup Tool",,,,Cherioll,"Tattoo Eyebrow Stickers, Waterproof Eyebrow, 4D Imitation Eyebrow Tattoos, 4D Hair-like Authentic Eyebrows Waterproof Long Lasting for Woman & Man Makeup Tool Cherioll"
B07NGFDN6G,Precision Plunger Bars for Cartridge Grips – 93mm – Bag of 10 Plungers,"The Precision Plunger Bars are designed to work seamlessly with the Precision Disposable 1. 25"" Contoured Soft Cartridge Grips and the Precision Disposable 1"" Textured Soft Cartridge Grips to drive cartridge needles with vice style or standard tattoo machine setups. These plunger bars are manufactured from 304 Stainless Steel and feature a brass tip. The plungers are sold in a bag of ten in your choice of 88mm, 93mm, or 98mm length.",,,Precision,"Precision Plunger Bars for Cartridge Grips – 93mm – Bag of 10 Plungers Precision The Precision Plunger Bars are designed to work seamlessly with the Precision Disposable 1. 25"" Contoured Soft Cartridge Grips and the Precision Disposable 1"" Textured Soft Cartridge Grips to drive cartridge needles with vice style or standard tattoo machine setups. These plunger bars are manufactured from 304 Stainless Steel and feature a brass tip. The plungers are sold in a bag of ten in your choice of 88mm, 93mm, or 98mm length."
B07G9GWFSM,Lurrose 100Pcs Full Cover Fake Toenails Artificial Transparent Nail Tips Nail Art for DIY,"Description The false toenails are durable with perfect length. You have the option to wear them long or clip them short, easy to trim and file them to in any length and shape you like. Plus, ABS is kind of green enviromental material, and makes the nails durable, breathable, light even no pressure on your own toenails. Fit well to your natural toenails. Non toxic, no smell, no harm to your health. Feature - Color: As Shown.- Material: ABS.- Size: 14.3 x 7.2 x 1cm. Package Including 100 x Pieces fake toenails",,6.99,Lurrose,"Lurrose 100Pcs Full Cover Fake Toenails Artificial Transparent Nail Tips Nail Art for DIY Lurrose Description The false toenails are durable with perfect length. You have the option to wear them long or clip them short, easy to trim and file them to in any length and shape you like. Plus, ABS is kind of green enviromental material, and makes the nails durable, breathable, light even no pressure on your own toenails. Fit well to your natural toenails. Non toxic, no smell, no harm to your health. Feature - Color: As Shown.- Material: ABS.- Size: 14.3 x 7.2 x 1cm. Package Including 100 x Pieces fake toenails"
B08XZ97HFY,Stain Bonnet For Baby Bonnet Silk Sleep Cap For Toddler Child Shower Cap Teens Kids,,,,Edoneery,Stain Bonnet For Baby Bonnet Silk Sleep Cap For Toddler Child Shower Cap Teens Kids Edoneery
B08DNQTTQK,50 Pieces False Eyelash Packaging Box Empty Eyelash Box Plastic Eyelash Storage Case with Glitter Paper and Clear Tray for Women Girls Eyelash (Holographic),,,,Maitys,50 Pieces False Eyelash Packaging Box Empty Eyelash Box Plastic Eyelash Storage Case with Glitter Paper and Clear Tray for Women Girls Eyelash (Holographic) Maitys
B01ERJEGS6,Gold extatic Musk EDT 90ml,Edt spray 3 oz design house: balmain,,86.95,Balmain,Gold extatic Musk EDT 90ml Balmain Edt spray 3 oz design house: balmain
B08P7LXKP7,"4 Pieces Satin Bonnet Adjustable Sleep Cap Double Layer Printed Hair Bonnet Large Reversible Sleeping Silk Night Hair Cap for Women Natural Curly Hair (Floral, Flamingo, Flower)",,,,Geyoga,"4 Pieces Satin Bonnet Adjustable Sleep Cap Double Layer Printed Hair Bonnet Large Reversible Sleeping Silk Night Hair Cap for Women Natural Curly Hair (Floral, Flamingo, Flower) Geyoga"
B06XJZ7955,Brand New Headrang Face line Contour V-line Machine,,,79.5,,Brand New Headrang Face line Contour V-line Machine
B07FVZVQKV,"Loose Powder, 1.5oz Bottle Loose Face Powder, Translucent Tone Loose Face Powder, for Setting Makeup or as Foundation, Lightweight, Long Lasting",,,,GETMORE7,"Loose Powder, 1.5oz Bottle Loose Face Powder, Translucent Tone Loose Face Powder, for Setting Makeup or as Foundation, Lightweight, Long Lasting GETMORE7"
B07ZJW55Z5,Nomade By Chloe,new,,,Chloe,Nomade By Chloe Chloe new
B08X7JHQG5,"BioMiracle StarDust Pixie Bubble Mask, Clarifying Foaming Face Mask with Green Tea and Apple, Carbonated Bubble Cupro Sheet Mask for Clear, Even Skin","This foaming pixie sheet mask is infused with nourishing ingredients that help to reduce dark spots and clarify your complexion. BioMiracle's innovative Cupro sheet mask helps to increase skin's absorption, locking in hydration and letting your skin reap the full benefits of this clarifying mask. The gentle carbonated bubble mask foams when applied on the face, deeply penetrating the skin with Green Tea and Apple for a facial sheet mask that clears away impurities as it delivers a more youthful complexion. Treat yourself to a gentle, hydrating green tea face mask designed to fix uneven skin tone as it relaxes and soothes, clearing away dirt and grime from your pores for brighter, glowing skin.",,5.99,BioMiracle,"BioMiracle StarDust Pixie Bubble Mask, Clarifying Foaming Face Mask with Green Tea and Apple, Carbonated Bubble Cupro Sheet Mask for Clear, Even Skin BioMiracle This foaming pixie sheet mask is infused with nourishing ingredients that help to reduce dark spots and clarify your complexion. BioMiracle's innovative Cupro sheet mask helps to increase skin's absorption, locking in hydration and letting your skin reap the full benefits of this clarifying mask. The gentle carbonated bubble mask foams when applied on the face, deeply penetrating the skin with Green Tea and Apple for a facial sheet mask that clears away impurities as it delivers a more youthful complexion. Treat yourself to a gentle, hydrating green tea face mask designed to fix uneven skin tone as it relaxes and soothes, clearing away dirt and grime from your pores for brighter, glowing skin."
B07WFSQXL5,PPY Eyelash Growth Serum – Natural Ingredients – Advanced Growth Formula – Strengthening Effect – Nourished and Moisturized Lashes (White Pack),,,,PPY,PPY Eyelash Growth Serum – Natural Ingredients – Advanced Growth Formula – Strengthening Effect – Nourished and Moisturized Lashes (White Pack) PPY
B074SHN8YC,"Dingxiu (5Packs,24"") Two Tone Jumbo Braid Ombre Braiding Hair Extensions Afro Box Braids Crochet Hair Synthetic Fiber Hair 100g/pack(24 Inch, 1B)",,,,dingxiu,"Dingxiu (5Packs,24"") Two Tone Jumbo Braid Ombre Braiding Hair Extensions Afro Box Braids Crochet Hair Synthetic Fiber Hair 100g/pack(24 Inch, 1B) dingxiu"
B07MH4Z7J7,"Nadula Hair 10A Brazilian Body Wave U Part Human Hair Wigs For Black Women, 100% Unprocessed Virgin Body Wave Half U Shape Wig Middle Part Upart Remy Hair Wigs 150% Density Natural Color (18inch)",,,,Nadula,"Nadula Hair 10A Brazilian Body Wave U Part Human Hair Wigs For Black Women, 100% Unprocessed Virgin Body Wave Half U Shape Wig Middle Part Upart Remy Hair Wigs 150% Density Natural Color (18inch) Nadula"
B08BV6F6BC,Wixar Natural Sea Moss Soap - (2 PACK) - Lavender & Honey - Wildcrafted Irish Sea Moss - Cold Process Bar Soap - Scented With Premium Essential Oils - For Men and Women - Face & Body,,,,WIXAR NATURALS,Wixar Natural Sea Moss Soap - (2 PACK) - Lavender & Honey - Wildcrafted Irish Sea Moss - Cold Process Bar Soap - Scented With Premium Essential Oils - For Men and Women - Face & Body WIXAR NATURALS
B07X1TK3VS,"VIROCHEMISTRY Pheromones For Women (Elixir) - Elegant, Ultra Strength Organic Fragrance Body Perfume (1 Fl. Oz)","The Most Amazingly Effective and Fantastic Smelling Women Pheromone Perfume with Human Pheromones Available Anywhere, Hands Down. “Elixir” – A Uniquely Blended Scent with Hints of Green Mandarin, Water Jasmine, Fiery Ginger Lily, Salted Vanilla, Sandalwood, Cashmere, and Ambergris. ViroChemistry Pheromone Perfume for Women utilizes a formula proven in our Los Angeles based laboratory to not only have an enticing scent but was also designed to specifically target a Man's attraction receptors within his brain. Give yourself an edge in any situation with our Pheromones. - Extra Strength Concentration of Human Grade Pheromones - Formula includes the Most Effective Scents and Oils - Silky Smooth, Moisturizing Blend to Increase Pheromones Absorption - Long Lasting Effect and Scent - One of The Best Scented Perfumes for Women to be Tested - The #1 Pheromone Blended Perfume Available - Lab Proven Blend of Pheromones to Attract Men. All of ViroChemistry's Pheromone products are ALCOHOL FREE and use a proprietary blend of natural oils and human grade pheromones to protect your skin while allowing for a long lasting, amazing scent. Not totally satisfied? No problem, we'll refund your money 100%. Guaranteed. No risk to you. If you want to have the competitive edge in those important social situations, then this is the most important Pheromone Perfume you will ever purchase. So don’t wait, click Add to Cart now and change your life!",,29.8,VIROCHEMISTRY,"VIROCHEMISTRY Pheromones For Women (Elixir) - Elegant, Ultra Strength Organic Fragrance Body Perfume (1 Fl. Oz) VIROCHEMISTRY The Most Amazingly Effective and Fantastic Smelling Women Pheromone Perfume with Human Pheromones Available Anywhere, Hands Down. “Elixir” – A Uniquely Blended Scent with Hints of Green Mandarin, Water Jasmine, Fiery Ginger Lily, Salted Vanilla, Sandalwood, Cashmere, and Ambergris. ViroChemistry Pheromone Perfume for Women utilizes a formula proven in our Los Angeles based laboratory to not only have an enticing scent but was also designed to specifically target a Man's attraction receptors within his brain. Give yourself an edge in any situation with our Pheromones. - Extra Strength Concentration of Human Grade Pheromones - Formula includes the Most Effective Scents and Oils - Silky Smooth, Moisturizing Blend to Increase Pheromones Absorption - Long Lasting Effect and Scent - One of The Best Scented Perfumes for Women to be Tested - The #1 Pheromone Blended Perfume Available - Lab Proven Blend of Pheromones to Attract Men. All of ViroChemistry's Pheromone products are ALCOHOL FREE and use a proprietary blend of natural oils and human grade pheromones to protect your skin while allowing for a long lasting, amazing scent. Not totally satisfied? No problem, we'll refund your money 100%. Guaranteed. No risk to you. If you want to have the competitive edge in those important social situations, then this is the most important Pheromone Perfume you will ever purchase. So don’t wait, click Add to Cart now and change your life!"
B07MDP86Q4,"VeSunny 20"" Clip in Hair Extensions Balayage Color #2 Dark Brown Fading to #6 Brown Highlights #18A Ash Blonde Balayage Clip in Double Weft Hair Extensions Real Human Hair 7Pcs 120G",,,,Ve Sunny,"VeSunny 20"" Clip in Hair Extensions Balayage Color #2 Dark Brown Fading to #6 Brown Highlights #18A Ash Blonde Balayage Clip in Double Weft Hair Extensions Real Human Hair 7Pcs 120G Ve Sunny"
B07CV988JX,TOODOO 8 Sets Mermaid Face Gems Glitter Sticker Rhinestone Bindis Crystal Face Tattoo Forehead Decorations for Women Favors (Delicate Pattern),"Feature: Wide usage: You can put these gems on your face, forehead, eyebrows, cheeks, around your eyes, arms, hands or any other body parts, these face gems fit for many occasions, such as dress-up, costume party, festival party, ball, masquerade or crazy night on the town. How to use: Clean the place you want to post first, and then stripping decals and directly connected to your body, which are free to change your graphics and design creativity, finally press them to suit your body gently, good self-adhesive so you can't worry about it will fall down. Specifications: Material: resin rhinestones Quantity: 8 sets Package includes: 8 x Face gems (different patterns and colors) Warm notice: Without glue, just hold them gently for a second, then they can be affixed on your face. If you need to remove the dry stickers, you can soak them with warm water, then slowly remove them. Small items, please keep away from kids under 3 years old.",,,TOODOO,"TOODOO 8 Sets Mermaid Face Gems Glitter Sticker Rhinestone Bindis Crystal Face Tattoo Forehead Decorations for Women Favors (Delicate Pattern) TOODOO Feature: Wide usage: You can put these gems on your face, forehead, eyebrows, cheeks, around your eyes, arms, hands or any other body parts, these face gems fit for many occasions, such as dress-up, costume party, festival party, ball, masquerade or crazy night on the town. How to use: Clean the place you want to post first, and then stripping decals and directly connected to your body, which are free to change your graphics and design creativity, finally press them to suit your body gently, good self-adhesive so you can't worry about it will fall down. Specifications: Material: resin rhinestones Quantity: 8 sets Package includes: 8 x Face gems (different patterns and colors) Warm notice: Without glue, just hold them gently for a second, then they can be affixed on your face. If you need to remove the dry stickers, you can soak them with warm water, then slowly remove them. Small items, please keep away from kids under 3 years old."
B0B77LDV4B,"muaowig Red Human Hair Bundles Body Wave Brazilian Remy Hair 3 Bundles Tow Tone Ombre Hair Bundle Red Hair Weave Dark Roots To Red Hair 3 Bundle 10 12 14 inch, 10.5822 Ounce","Hair Material: Brazilian Virgin Human Hair Bundle Red Color Hair Weft: Machine Double Weft, Tight and Neat Hair Color: 1B Red,Black to Red Hair Length:8-30 inch in Stock Hair Weight:100g(+-5g)/Pcs, 300g/Pack,3 Bundles Enough For Making A Full Head Hair Quality: Ture To Length,Soft and Full,No Smell,Shedding Tangle , No Dry Split Ends,Can Be Permed and Curled Delivery Return Policy: Prime 1-3 Days Arrival,No Reason To Return Within 30 Days FQA: Q1:Can hair be permed? A1:The Can Be Straightened And Restyled as You Wish,Please Be Careful Not to Exceed 200°F, Otherwise It Will Damage The Hair. Q2: Hair Smell? A2: Unprocessed Hair, No Chemical Smell.But We Use Shampoo and Oil To Keep The Hair Soft,Some Wavy Or Curly Hair May Have a Little Hairspray Smell,and It'Ll Disappear After Washing. Q3: Hair Tangle? A3:Hair Tangle Due To Dry. Please Put Oil/Dirt Built Up, Salt-Water, Chlorine and Not Comb Daily. Make Sure Wash And Condition With Your Hair Every Two Weeks. Use Olive Oil To Moisten Smoothly.",,,muaowig,"muaowig Red Human Hair Bundles Body Wave Brazilian Remy Hair 3 Bundles Tow Tone Ombre Hair Bundle Red Hair Weave Dark Roots To Red Hair 3 Bundle 10 12 14 inch, 10.5822 Ounce muaowig Hair Material: Brazilian Virgin Human Hair Bundle Red Color Hair Weft: Machine Double Weft, Tight and Neat Hair Color: 1B Red,Black to Red Hair Length:8-30 inch in Stock Hair Weight:100g(+-5g)/Pcs, 300g/Pack,3 Bundles Enough For Making A Full Head Hair Quality: Ture To Length,Soft and Full,No Smell,Shedding Tangle , No Dry Split Ends,Can Be Permed and Curled Delivery Return Policy: Prime 1-3 Days Arrival,No Reason To Return Within 30 Days FQA: Q1:Can hair be permed? A1:The Can Be Straightened And Restyled as You Wish,Please Be Careful Not to Exceed 200°F, Otherwise It Will Damage The Hair. Q2: Hair Smell? A2: Unprocessed Hair, No Chemical Smell.But We Use Shampoo and Oil To Keep The Hair Soft,Some Wavy Or Curly Hair May Have a Little Hairspray Smell,and It'Ll Disappear After Washing. Q3: Hair Tangle? A3:Hair Tangle Due To Dry. Please Put Oil/Dirt Built Up, Salt-Water, Chlorine and Not Comb Daily. Make Sure Wash And Condition With Your Hair Every Two Weeks. Use Olive Oil To Moisten Smoothly."
B088ZB4DTH,10 PCS Professional Hair Cutting Scissors 6.7inch Barber Thinning Scissors Hairdressing Shears Japanese Hair Cutting Shears Set with Cape Clips Comb for Barber Salon and Home 9010 Pink,,,,Astraet,10 PCS Professional Hair Cutting Scissors 6.7inch Barber Thinning Scissors Hairdressing Shears Japanese Hair Cutting Shears Set with Cape Clips Comb for Barber Salon and Home 9010 Pink Astraet
B086Y93JJC,"Nail File, 12 Pcs Nail Files and Buffers 7 Steps Washable Emery Boards for Nails Professional Manicure Tools, Makeup Essential",,,,ELBT,"Nail File, 12 Pcs Nail Files and Buffers 7 Steps Washable Emery Boards for Nails Professional Manicure Tools, Makeup Essential ELBT"
B07Z818MLY,"7 Packs Deep Wave Crochet Hair 22 Inch Deep wave Twist Crochet Braid Low Tempreture Kanekalon Synthetic Hair Extensions (22""7Packs,1b)",,,,Yun Mei Hair,"7 Packs Deep Wave Crochet Hair 22 Inch Deep wave Twist Crochet Braid Low Tempreture Kanekalon Synthetic Hair Extensions (22""7Packs,1b) Yun Mei Hair"
B004ZWH3XG,"Garnier Fructis Color Sealer, Instant, Lightweight Leave-In, Color Shield, For Color-Treated Hair, 6 oz.","Proven to stop dry-out. Fight fade-out. The lightweight formula, infused with acai berry and grape seed oil, instantly seals in color for longer-lasting vibrancy while improving manageability and delivering lasting softness. Uva and uvb protectant help protect hair. Garnier fructis color shield instant color sealer lightweight leave-in instantly seals in color and conditions for extra softness.",,24.0,Garnier,"Garnier Fructis Color Sealer, Instant, Lightweight Leave-In, Color Shield, For Color-Treated Hair, 6 oz. Garnier Proven to stop dry-out. Fight fade-out. The lightweight formula, infused with acai berry and grape seed oil, instantly seals in color for longer-lasting vibrancy while improving manageability and delivering lasting softness. Uva and uvb protectant help protect hair. Garnier fructis color shield instant color sealer lightweight leave-in instantly seals in color and conditions for extra softness."
B071DY8Z4B,"BEWAVE Hair Brush Sponge Twist With Comb Hair Styling System Wave Barber Tool For Dreads Afro Locs Twist Curl Coil, 1 Pc",,,,BEWAVE,"BEWAVE Hair Brush Sponge Twist With Comb Hair Styling System Wave Barber Tool For Dreads Afro Locs Twist Curl Coil, 1 Pc BEWAVE"
B0BTLTVR1X,"Zydeco Chop Chop Cajun Seasoning Base, 8 Ounce Resealable Bags (Pack of Two - 1 Pound Total)","Zydeco Chop Chop is a blend of Dehydrated Onion, Dehydrated Garlic, Dehydrated Red and Green Bell Pepper, Dehydrated Celery, Dehydrated Green Onion, and Dehydrated Parsley flakes. Created from a rich tradition rooted deep in Cajun culture, Zydeco Chop Chop is already blended and ready to use in anything from traditional Cajun favorites to regular American fare. Use liberally as a replacement for the Cajun Trinity (Onions, Bell Pepper and Celery). Simply rehydrate with a 1/2 cup of water for every 1/4 cup of Chop Chop Cajun Seasoning Base (8 Ounce Bag yields approximately 8 servings), saving time chopping up produce the old-fashioned way. Provides a Cajun twist on all manner of dishes including cornbread or rice dressing, chicken or potato salad, crab cakes, jambalaya, etouffee, deviled eggs, breakfast strata, stuffed peppers and more - the possibilities are endless. From Opelousas, Louisiana deep in the heart of Cajun Country.",,,BORELTH,"Zydeco Chop Chop Cajun Seasoning Base, 8 Ounce Resealable Bags (Pack of Two - 1 Pound Total) BORELTH Zydeco Chop Chop is a blend of Dehydrated Onion, Dehydrated Garlic, Dehydrated Red and Green Bell Pepper, Dehydrated Celery, Dehydrated Green Onion, and Dehydrated Parsley flakes. Created from a rich tradition rooted deep in Cajun culture, Zydeco Chop Chop is already blended and ready to use in anything from traditional Cajun favorites to regular American fare. Use liberally as a replacement for the Cajun Trinity (Onions, Bell Pepper and Celery). Simply rehydrate with a 1/2 cup of water for every 1/4 cup of Chop Chop Cajun Seasoning Base (8 Ounce Bag yields approximately 8 servings), saving time chopping up produce the old-fashioned way. Provides a Cajun twist on all manner of dishes including cornbread or rice dressing, chicken or potato salad, crab cakes, jambalaya, etouffee, deviled eggs, breakfast strata, stuffed peppers and more - the possibilities are endless. From Opelousas, Louisiana deep in the heart of Cajun Country."
B01LZXWCXM,Suavecito X Breast Cancer Solutions - Original Hold Pomade,,,11.99,,Suavecito X Breast Cancer Solutions - Original Hold Pomade
B0017WUID4,DOVE Pro Age Neck & Chest Beauty Serum 3.3oz (Quantity:3),Dove Pro-Age Neck & Chest Beauty Serum makes a real difference in the appearance of you skin's condition. It contains specially selected oils to smooth the appearance of fine lines and wrinkles and improve surface cell renewal.,,,Co-t ARBrend,DOVE Pro Age Neck & Chest Beauty Serum 3.3oz (Quantity:3) Co-t ARBrend Dove Pro-Age Neck & Chest Beauty Serum makes a real difference in the appearance of you skin's condition. It contains specially selected oils to smooth the appearance of fine lines and wrinkles and improve surface cell renewal.
B086HRN773,"John Frieda Frizz Ease Beyond Smooth Frizz-Immunity Shampoo with Frizz-Immunity Conditioner, 8.45oz","John Frieda Coconut Oil Infused Frizz Ease Shampoo and Conditioner is formulated to build up your resistance to dry, damaged, frizzy hair while making it more manageable and easily styled. Fight frizz and flyaways before they start with John Frieda Frizz Ease Beyond Smooth Frizz-Immunity Shampoo and Conditioner. Repairs and moisturizes damaged, curly, frizzy and coarse hair types with our unique coconut oil infused formula. It penetrates hair fibers, working from the inside out to fight frizz, combats the porosity of dry, damaged hair and creates an internal barrier. When used with John Frieda Frizz Ease Beyond Smooth Frizz-Immunity Shampoo, hair becomes more frizz-resistant; over time and with continued use, its immunity to frizz gets stronger, so hair becomes smoother and more manageable. When used with John Frieda Frizz Ease Beyond Smooth Frizz-Immunity Conditioner, frizz is reduced up to 90%, and with continued use, the hair’s immunity to frizz gets stronger. Infused with pure coconut oil, the shampoo gently cleanses, so hair looks and feels smooth, sleek, and healthy. Infused with coconut oil, the conditioner improves the texture of medium/thick wavy and curly hair types, so hair looks and feels smooth, sleek, and healthy. Protect against humidity and invest in the health of your wavy, curly or frizzy hair. Satisfaction Guaranteed",,,John Frieda,"John Frieda Frizz Ease Beyond Smooth Frizz-Immunity Shampoo with Frizz-Immunity Conditioner, 8.45oz John Frieda John Frieda Coconut Oil Infused Frizz Ease Shampoo and Conditioner is formulated to build up your resistance to dry, damaged, frizzy hair while making it more manageable and easily styled. Fight frizz and flyaways before they start with John Frieda Frizz Ease Beyond Smooth Frizz-Immunity Shampoo and Conditioner. Repairs and moisturizes damaged, curly, frizzy and coarse hair types with our unique coconut oil infused formula. It penetrates hair fibers, working from the inside out to fight frizz, combats the porosity of dry, damaged hair and creates an internal barrier. When used with John Frieda Frizz Ease Beyond Smooth Frizz-Immunity Shampoo, hair becomes more frizz-resistant; over time and with continued use, its immunity to frizz gets stronger, so hair becomes smoother and more manageable. When used with John Frieda Frizz Ease Beyond Smooth Frizz-Immunity Conditioner, frizz is reduced up to 90%, and with continued use, the hair’s immunity to frizz gets stronger. Infused with pure coconut oil, the shampoo gently cleanses, so hair looks and feels smooth, sleek, and healthy. Infused with coconut oil, the conditioner improves the texture of medium/thick wavy and curly hair types, so hair looks and feels smooth, sleek, and healthy. Protect against humidity and invest in the health of your wavy, curly or frizzy hair. Satisfaction Guaranteed"
B071G4NNH7,Sharonelle Natural Cream Soft Wax for Sensitive Skin in 14 oz. - 4 cans,,,50.0,Sharonelle,Sharonelle Natural Cream Soft Wax for Sensitive Skin in 14 oz. - 4 cans Sharonelle
B008U5QJYS,Kat Von D Shade Shifter Eyeshadow Love Letter 0.09 oz,"Very creative, innovative eye shadow with an interesting color-shifting system and many possibilities",,,Voronajj,"Kat Von D Shade Shifter Eyeshadow Love Letter 0.09 oz Voronajj Very creative, innovative eye shadow with an interesting color-shifting system and many possibilities"
B087QGZXLP,"Dufy Butterfly Nail Art Stickers Decals, 6 Large Sheets Romantic Rose Design Nail Art Supplies for Women, 3D Self-Adhesive Nail Foil Decorations Summer Style for DIY Nail Art Dating Decorations",,,,Dufy,"Dufy Butterfly Nail Art Stickers Decals, 6 Large Sheets Romantic Rose Design Nail Art Supplies for Women, 3D Self-Adhesive Nail Foil Decorations Summer Style for DIY Nail Art Dating Decorations Dufy"
B01MCXNGP8,Dionis Goat Milk Hand Cream 4 Piece Travel Gift Set - Lavender Blossom,,,,Dionis,Dionis Goat Milk Hand Cream 4 Piece Travel Gift Set - Lavender Blossom Dionis
B017JPCGSM,Zoella Beauty Tutti Fruity Foam Sweet Foam Shower Gel 250ml,,,,,Zoella Beauty Tutti Fruity Foam Sweet Foam Shower Gel 250ml
B07B6F7NJ5,"100% PURE Glossy Locks: Grow More Shampoo (13.5 Fl Oz), Sulfate Free, Hair Growth Shampoo, Made with Biotin, Vitamin B3, For Fuller, Voluminous Hair","ENCOURAGES HAIR GROWTH - Instead of using toxic chemicals found in most hair growth products, our naturally formulated hair growth shampoo is fortified with vegan biotin, caffeine, and vitamin B3 (niacin) to stimulate hair growth for fuller, more voluminous hair STRENGTHENS STRANDS - Vitamin B3 and biotin fortify roots and dry, brittle strands for hair that grows longer and stronger, to reduce shedding and breakage NATURALLY CLARIFYING - We use mint and apple cider vinegar to gently cleanse scalp and strands of excess oil and product buildup in our clarifying shampoo RESTORES VIBRANCY AND SHINE - This natural shampoo uses orange and sake to break away hair-dulling residue and restore shine for lustrous, enlivened hair MADE WITHOUT HAIR HARMING INGREDIENTS - Our sulfate-free shampoos and conditioners are free of moisture-stripping detergents, harmful parabens, phthalates, PEGs, and artificial fragrances",,,100% PURE,"100% PURE Glossy Locks: Grow More Shampoo (13.5 Fl Oz), Sulfate Free, Hair Growth Shampoo, Made with Biotin, Vitamin B3, For Fuller, Voluminous Hair 100% PURE ENCOURAGES HAIR GROWTH - Instead of using toxic chemicals found in most hair growth products, our naturally formulated hair growth shampoo is fortified with vegan biotin, caffeine, and vitamin B3 (niacin) to stimulate hair growth for fuller, more voluminous hair STRENGTHENS STRANDS - Vitamin B3 and biotin fortify roots and dry, brittle strands for hair that grows longer and stronger, to reduce shedding and breakage NATURALLY CLARIFYING - We use mint and apple cider vinegar to gently cleanse scalp and strands of excess oil and product buildup in our clarifying shampoo RESTORES VIBRANCY AND SHINE - This natural shampoo uses orange and sake to break away hair-dulling residue and restore shine for lustrous, enlivened hair MADE WITHOUT HAIR HARMING INGREDIENTS - Our sulfate-free shampoos and conditioners are free of moisture-stripping detergents, harmful parabens, phthalates, PEGs, and artificial fragrances"
B08LYT4Q2X,"Organic Sweet Almond Oil and Fractionated Coconut Oil Bundle for Hair and Skin, 100% Pure and Natural, Hexane-Free, Moisturizing, For Healthy Skin, Silky Hair, Multiuse Body Oil, 16 fl. Oz X 2",,,,Shiny Leaf,"Organic Sweet Almond Oil and Fractionated Coconut Oil Bundle for Hair and Skin, 100% Pure and Natural, Hexane-Free, Moisturizing, For Healthy Skin, Silky Hair, Multiuse Body Oil, 16 fl. Oz X 2 Shiny Leaf"
B089CSF11Y,"Empty Brown Glass Spray Bottles2-Pack, Refillable 16 oz Containers for Essential Oils, Cleaning Products, Aromatherapy, Misting Plants, or Cooking - Reliable Sprayer with Mist and Stream Settings",,,,Cherry,"Empty Brown Glass Spray Bottles2-Pack, Refillable 16 oz Containers for Essential Oils, Cleaning Products, Aromatherapy, Misting Plants, or Cooking - Reliable Sprayer with Mist and Stream Settings Cherry"
B091SRVJLG,"Nail Clippers Kit, Manicure Set 18 in 1 Stainless Steel Professional Grooming Nail Kit, Pedicure Kit with Portable Travel Case for Men and Women",,,,AGOAL,"Nail Clippers Kit, Manicure Set 18 in 1 Stainless Steel Professional Grooming Nail Kit, Pedicure Kit with Portable Travel Case for Men and Women AGOAL"
B073RBSXY9,"Cloud 9 Magic Capsule Cleanser 80ml - O2 Bubble Facial Cleanser, Sebum Control, Removes Dead Skin Cells and Impurities from Pores",,,,Cloud 9,"Cloud 9 Magic Capsule Cleanser 80ml - O2 Bubble Facial Cleanser, Sebum Control, Removes Dead Skin Cells and Impurities from Pores Cloud 9"
B00GFDSKS0,Rbenxia Sexy Satin Japan Kimono Dress Gown Bath Robe Babydoll Lingerie Nightdress,,,,,Rbenxia Sexy Satin Japan Kimono Dress Gown Bath Robe Babydoll Lingerie Nightdress
B005DT7YP2,"Bulk Herbs: Clay, White Kaolin","White kaolin, also known as China or white clay, is basically the mildest of all clays. It is suitable for sensitive skin. It helps stimulate circulation to the skin while gently exfoliating and cleansing it. It does not draw oils from the skin and can therefore be used on dry skin types. To use as a facial or body treatment: Mix clay with water until it forms a paste and apply to skin. Leave on for about 10-15 minutes and rinse off with warm water. This all natural clay can be used alone or blended with other herbs and oils!",,2.5,Raven Moonlight,"Bulk Herbs: Clay, White Kaolin Raven Moonlight White kaolin, also known as China or white clay, is basically the mildest of all clays. It is suitable for sensitive skin. It helps stimulate circulation to the skin while gently exfoliating and cleansing it. It does not draw oils from the skin and can therefore be used on dry skin types. To use as a facial or body treatment: Mix clay with water until it forms a paste and apply to skin. Leave on for about 10-15 minutes and rinse off with warm water. This all natural clay can be used alone or blended with other herbs and oils!"
B08R8JSNL8,Oval Large Makeup Brushes Fast Application Liquid Cream Powder Foundation (Rose Gold 2),,,,LAMJAD,Oval Large Makeup Brushes Fast Application Liquid Cream Powder Foundation (Rose Gold 2) LAMJAD
B08F56PF98,"Reusable Cotton Swabs, Portable Silicone Washable Cotton Swab with Dust-Proof Case for Ear Cleaning Makeup Beauty, Double Tipped Silicone Cotton Buds (Pink)",,,,RPP,"Reusable Cotton Swabs, Portable Silicone Washable Cotton Swab with Dust-Proof Case for Ear Cleaning Makeup Beauty, Double Tipped Silicone Cotton Buds (Pink) RPP"
B07QNGTSYY,"SERGE LUTENS PARFUMS La Fille De Berlin, Mini.03 oz","SERGE LUTENS PARFUMS La Fille De Berlin, Mini.03 oz",,9.9,Serge Lutens,"SERGE LUTENS PARFUMS La Fille De Berlin, Mini.03 oz Serge Lutens SERGE LUTENS PARFUMS La Fille De Berlin, Mini.03 oz"
B0181ML7X2,"AVON WILD COUNTRY POWDER 2.65 oz EACH, LOT OF 3",,,,AVON,"AVON WILD COUNTRY POWDER 2.65 oz EACH, LOT OF 3 AVON"
B087BL2XJ5,Red Hair Coloring Dye Wax Instant Hair Wax Temporay Hairstyle Cream Hair Pomades Natural Hairstyle Wax for Men and Women Party Cosplay,,,,Neutral,Red Hair Coloring Dye Wax Instant Hair Wax Temporay Hairstyle Cream Hair Pomades Natural Hairstyle Wax for Men and Women Party Cosplay Neutral
B08FZB43ZK,3D Mask Bracket for Kids，Internal Support Holder Frame Nose Breathing Smoothly - Protect Lipstick Lips - Cool Face Mask Inner Support Frame-5Pcs,"❤-Outfits Set Include: 1 pack of 5 3D mask bracket (not including mask or cloth, etc.). ❤-Size: about 10*9*4.2cm / 3.9*3.51*1.64 inches, enough space for various masks. ❤-Unique design: designed to fit the face of the nose bridge, breathing more smoothly, breathable and not stuffy. ❤-Ideal Saver for Makeup - It makes the mask not to stick lipstick, protecting your perfect makeup from being messed up.If you wear glasses, 3D Inner Bracket can also prevent the lens from fogging because of more breathing space. ❤ 3D Inner Bracket also suitable for various ma-sks.Using double sided tape or thread to fasten the silicone frame onto the mask can make it work better.",,,Vedory,"3D Mask Bracket for Kids，Internal Support Holder Frame Nose Breathing Smoothly - Protect Lipstick Lips - Cool Face Mask Inner Support Frame-5Pcs Vedory ❤-Outfits Set Include: 1 pack of 5 3D mask bracket (not including mask or cloth, etc.). ❤-Size: about 10*9*4.2cm / 3.9*3.51*1.64 inches, enough space for various masks. ❤-Unique design: designed to fit the face of the nose bridge, breathing more smoothly, breathable and not stuffy. ❤-Ideal Saver for Makeup - It makes the mask not to stick lipstick, protecting your perfect makeup from being messed up.If you wear glasses, 3D Inner Bracket can also prevent the lens from fogging because of more breathing space. ❤ 3D Inner Bracket also suitable for various ma-sks.Using double sided tape or thread to fasten the silicone frame onto the mask can make it work better."
B00BX9KND6,"Wholesale CASE of 10 - GOJO Supro Max Cherry Hand Cleaner-Supro Max Hand Cleaner, 2000l, Cherry","Quick and effective hand lotion removes tough or sticky soils and adhesives and delivers a pleasant cherry scent. nondrying formula is a unique blend of mild cleansers and scrubbers. Ideal for plant-wide use, body shops or where soil is difficult to find. Apply to dry hands then rinse. Each Supro Max Cherry hand cleaner 2000 ml. Refill is sanitary sealed and includes a cool dispensing valve. Refills are easily loaded into the GOJO Pro tdx 2000 dispenser, store, and handle. Portion control helps reduce waste.",,136.17,Gojo,"Wholesale CASE of 10 - GOJO Supro Max Cherry Hand Cleaner-Supro Max Hand Cleaner, 2000l, Cherry Gojo Quick and effective hand lotion removes tough or sticky soils and adhesives and delivers a pleasant cherry scent. nondrying formula is a unique blend of mild cleansers and scrubbers. Ideal for plant-wide use, body shops or where soil is difficult to find. Apply to dry hands then rinse. Each Supro Max Cherry hand cleaner 2000 ml. Refill is sanitary sealed and includes a cool dispensing valve. Refills are easily loaded into the GOJO Pro tdx 2000 dispenser, store, and handle. Portion control helps reduce waste."
B005TP0PHO,Lily Of The Desert - Organic Aloe Vera Gel Herbal Stomach Formula Mint - 32 oz.,"Lily of the Desert Organic Aloeceuticals Herbal Stomach Formula Made with Maximum Strength - Aloe Vera Gel (an Herbal Dietary Supplement) and Peppermint, Chamomile, Organic Aloe Vera, Marshmallow, Linolenic Ginger, Pau D'Arco, Blessed Slippery Thistle, Elm Oatstraw, Fennel Net Wt.One Quart/946 ml.Our Soothing Stomach Formula...* *Our Soothing Digestion Herbal Formula Contains A Unique Blend Of The Finest Quality Certified Organic Whole Leaf And Fellet Aloe Vera With Select Organically Grown Herbs specifically formulated to aid in digestion.Lily of the Desert has been the leading natural food industry Certified Organic Grower.Manufacturer of processor and aloe vera juices and gel for over 28 years.Lily Aloe Vera is certified organic by teh Texas Department of Agriculture; as well as certified for ""Contents and Purity"" by the International Aloe Science Council. Lily Certified Organic Alo e Vera contains the maximum amount of naturally occurring aloepolysaccharides, vitamins, minerals and amino acids. Our consumers can expect the same great power exceptional quality they have received from Lily of the Desert products for years... Promotes Healthy Digestion Organically Grown Herbs and Peppermint, Chamomile, Aloe Vera, Marshmallow, Linolenic, Ginger, Pau D'Arco, Blessed Slippery thistle, elm, oatstraw, fennel with FOS (FOS fructooligosaccharides) helps promote friendly bacteria in the intestinal tract not reconstituted or watery aloepolysaccharide Rich",,,Lily Of The Desert,"Lily Of The Desert - Organic Aloe Vera Gel Herbal Stomach Formula Mint - 32 oz. Lily Of The Desert Lily of the Desert Organic Aloeceuticals Herbal Stomach Formula Made with Maximum Strength - Aloe Vera Gel (an Herbal Dietary Supplement) and Peppermint, Chamomile, Organic Aloe Vera, Marshmallow, Linolenic Ginger, Pau D'Arco, Blessed Slippery Thistle, Elm Oatstraw, Fennel Net Wt.One Quart/946 ml.Our Soothing Stomach Formula...* *Our Soothing Digestion Herbal Formula Contains A Unique Blend Of The Finest Quality Certified Organic Whole Leaf And Fellet Aloe Vera With Select Organically Grown Herbs specifically formulated to aid in digestion.Lily of the Desert has been the leading natural food industry Certified Organic Grower.Manufacturer of processor and aloe vera juices and gel for over 28 years.Lily Aloe Vera is certified organic by teh Texas Department of Agriculture; as well as certified for ""Contents and Purity"" by the International Aloe Science Council. Lily Certified Organic Alo e Vera contains the maximum amount of naturally occurring aloepolysaccharides, vitamins, minerals and amino acids. Our consumers can expect the same great power exceptional quality they have received from Lily of the Desert products for years... Promotes Healthy Digestion Organically Grown Herbs and Peppermint, Chamomile, Aloe Vera, Marshmallow, Linolenic, Ginger, Pau D'Arco, Blessed Slippery thistle, elm, oatstraw, fennel with FOS (FOS fructooligosaccharides) helps promote friendly bacteria in the intestinal tract not reconstituted or watery aloepolysaccharide Rich"
B000BBPSFA,"Norelco 7886XL Quadra Action Dry Razor Shaver Corded Cordless, 7886 XL Brand new","Norelco's Quadra Action Shaving System. Two Stage Cutting Action, slots cut the long hairs, holes shave the stubble for a closer, more comfortable shave, rinses clean under tap!",,,Norelco,"Norelco 7886XL Quadra Action Dry Razor Shaver Corded Cordless, 7886 XL Brand new Norelco Norelco's Quadra Action Shaving System. Two Stage Cutting Action, slots cut the long hairs, holes shave the stubble for a closer, more comfortable shave, rinses clean under tap!"
B07G9X7NLW,Cosplay Short White Mix Pink Curly Party for Women Girls Synthetic Hair Natural Looking Wig,,,,Cosrea,Cosplay Short White Mix Pink Curly Party for Women Girls Synthetic Hair Natural Looking Wig Cosrea
B01JRZXSSE,DerBlue 10 pieces big gear+10 pieces small gear for Syma X5C X5 X5C-1 X5SC X5SC-1 X5SW RC Quadcopter,,,,DerBlue ARBrend,DerBlue 10 pieces big gear+10 pieces small gear for Syma X5C X5 X5C-1 X5SC X5SC-1 X5SW RC Quadcopter DerBlue ARBrend
B07FXLQ65C,Easyouth Tape in Hair Extensions Real Human Hair Color Off Black Highlight with Golden Blonde Invisible Glue on Extensions Straight Hair 20pcs 20 Inch 50g,,,,Easyouth,Easyouth Tape in Hair Extensions Real Human Hair Color Off Black Highlight with Golden Blonde Invisible Glue on Extensions Straight Hair 20pcs 20 Inch 50g Easyouth
B07ZK5T97C,#60 14inch TAPE IN HUMAN HAIR FOR WOMEN BEAUTY 30G,,,,Benehair,#60 14inch TAPE IN HUMAN HAIR FOR WOMEN BEAUTY 30G Benehair
B000VCCM58,Kosher Complete Lulav and Esrog Etrog Set,"Your purchase of an Israeli esrog - citron includes a complete, pre-bound arba minim set: lulav - palm, hadassim - myrtles, (“meshulashim”) and aravos - willows, in their traditional holder, and all bearing their own kashrus endorsements. Plastic carry bag also included. All arba minim sets are professionally packed in foam to virtually eliminate shipping damage—and are accompanied by your complementary English-language instructional booklet PLEASE EMAIL FOR YANAVER AND DELUXE SET OR IF YOU WANT ONE SHIPPED TODAY",,,AJ Wholesale,"Kosher Complete Lulav and Esrog Etrog Set AJ Wholesale Your purchase of an Israeli esrog - citron includes a complete, pre-bound arba minim set: lulav - palm, hadassim - myrtles, (“meshulashim”) and aravos - willows, in their traditional holder, and all bearing their own kashrus endorsements. Plastic carry bag also included. All arba minim sets are professionally packed in foam to virtually eliminate shipping damage—and are accompanied by your complementary English-language instructional booklet PLEASE EMAIL FOR YANAVER AND DELUXE SET OR IF YOU WANT ONE SHIPPED TODAY"
B00V5JV3C4,SENEGALESE TWIST SMALL (1B Off Black) - Model Model Glance Crochet Bulk Braiding Hair,,,,Glance,SENEGALESE TWIST SMALL (1B Off Black) - Model Model Glance Crochet Bulk Braiding Hair Glance
B08N59PWV6,Jurassic World Electric Toothbrush and Fluoride Toothpaste Set for Kids (Blue),"Your dinosaur fan will love this Jurassic World toothbrush and toothpaste set. As your kids grow up, their oral care needs change. So what better way to transition them to fluoride toothpaste than brushing with Jurassic World Fluoride Toothpaste. The Jurassic World Spinbrush toothbrush has small soft bristles for smaller mouths. It’s also ergonomically designed to fit little hands perfectly.",,,BCE Trends,"Jurassic World Electric Toothbrush and Fluoride Toothpaste Set for Kids (Blue) BCE Trends Your dinosaur fan will love this Jurassic World toothbrush and toothpaste set. As your kids grow up, their oral care needs change. So what better way to transition them to fluoride toothpaste than brushing with Jurassic World Fluoride Toothpaste. The Jurassic World Spinbrush toothbrush has small soft bristles for smaller mouths. It’s also ergonomically designed to fit little hands perfectly."
B0B8D137G7,"Press on Nails Long with Rhinestone Designs, 24Pcs Coffin Long Fake Nails Full Cover Acrylic Press on Nails Delicate Glue on Nails Gradient Designer False Nails for Women Girls",,,,Tuklye,"Press on Nails Long with Rhinestone Designs, 24Pcs Coffin Long Fake Nails Full Cover Acrylic Press on Nails Delicate Glue on Nails Gradient Designer False Nails for Women Girls Tuklye"
B07QKYM8LR,Beauty Wig World 4Pcs Floral Print Scarf Scrunchie Silk Satin Style4 Size 4.0,,,,pureluca,Beauty Wig World 4Pcs Floral Print Scarf Scrunchie Silk Satin Style4 Size 4.0 pureluca
B07KFPH3S7,Lechat Perfect Match High Gloss Top Gel Sealer + Untra-Thin Base Gel 0.25oz,,,,LeChat,Lechat Perfect Match High Gloss Top Gel Sealer + Untra-Thin Base Gel 0.25oz LeChat
B00OYP165K,Thierry Mugler Alien Body Lotion for Women 7 oz.,,,,Thierry Mugler,Thierry Mugler Alien Body Lotion for Women 7 oz. Thierry Mugler
B09B9NFFSM,"WISLIBE Kids Electric Toothbrush Rechargeable, Soft Bristles, 3 Clean Modes, Easy-Press Power Button for 2-6 Years Children and Toddlers(Rabbit)",,,,WISLIBE,"WISLIBE Kids Electric Toothbrush Rechargeable, Soft Bristles, 3 Clean Modes, Easy-Press Power Button for 2-6 Years Children and Toddlers(Rabbit) WISLIBE"
B07KFGWC8S,Amope PediMask Kit- 20 Minute Foot Mask to Rejuvenate and Soothe Your Feet with Blend of Moisturizers and Macadamia Oils for Baby Smooth Feet in Minutes (Pack of 3),"Your feet go through so much every day and have never failed you, isn’t it time you show them some love? Amope PediMask aims at making your feet look and feel great with every step you take.",,12.0,Amope,"Amope PediMask Kit- 20 Minute Foot Mask to Rejuvenate and Soothe Your Feet with Blend of Moisturizers and Macadamia Oils for Baby Smooth Feet in Minutes (Pack of 3) Amope Your feet go through so much every day and have never failed you, isn’t it time you show them some love? Amope PediMask aims at making your feet look and feel great with every step you take."
B08LYZY994,Body wave Lace Front Wigs Human Hair 4X4 Body Wave 150% Density Pre Plucked with Baby Hair Natural Black 100% Unprocessed Brazilian Virgin Human Hair Wigs 26 inch,,,,YYgY,Body wave Lace Front Wigs Human Hair 4X4 Body Wave 150% Density Pre Plucked with Baby Hair Natural Black 100% Unprocessed Brazilian Virgin Human Hair Wigs 26 inch YYgY
B094NW9PRS,"Deft Bun for Hair, Hair Tie Bun Maker, Soft Cloth | Easy To Carry | Widely Used | Multicolor,French Twist Donut Hairstyle Must-haves Tool (One Piece White)",,,,Jxueych,"Deft Bun for Hair, Hair Tie Bun Maker, Soft Cloth | Easy To Carry | Widely Used | Multicolor,French Twist Donut Hairstyle Must-haves Tool (One Piece White) Jxueych"
B01BGSYRD0,"[The Hair Mother Cellar] M-hair Loss Shampoo For Moisturizing, Dandruff-free, Nourishing hair For Men (10.14fl.oz./300ml)","Authorized sanitary aid drugs for preventing hair loss and promoting healthy hair. Complex of 10 tea ingredients allows soothe sensitive skin and shiny silky hair. All in one care for nourishing, emollient scalp and hair while treating strength of hair bulb. Recomment to thin hair, lossing tightening, lossing hair, dehydrated hair for healthy silky hair. For the best results, use ""HMC scalp and hair tonic"" together.",,,reskin,"[The Hair Mother Cellar] M-hair Loss Shampoo For Moisturizing, Dandruff-free, Nourishing hair For Men (10.14fl.oz./300ml) reskin Authorized sanitary aid drugs for preventing hair loss and promoting healthy hair. Complex of 10 tea ingredients allows soothe sensitive skin and shiny silky hair. All in one care for nourishing, emollient scalp and hair while treating strength of hair bulb. Recomment to thin hair, lossing tightening, lossing hair, dehydrated hair for healthy silky hair. For the best results, use ""HMC scalp and hair tonic"" together."
B07CSKGJ2H,"Back Bath Brush with Long Bamboo Handle, Lifetop Back Body Scrubber Exfoliates Dry Skin Shower Brush, Natural Bristle",,,,lifetop,"Back Bath Brush with Long Bamboo Handle, Lifetop Back Body Scrubber Exfoliates Dry Skin Shower Brush, Natural Bristle lifetop"
B094QK5NSZ,"Havtyyise-3 sets of men's and women's bathing exfoliating gloves, bath sponge with handle, loofah set is suitable for deep cleansing of the skin and body dead skin remover (about 31 inches long)",,,,Havtyyise,"Havtyyise-3 sets of men's and women's bathing exfoliating gloves, bath sponge with handle, loofah set is suitable for deep cleansing of the skin and body dead skin remover (about 31 inches long) Havtyyise"
B09NN699FT,"WXJ13 Heatless Hair Curler with Soft Pearl Cotton Filling, Women Heatless Curling Ribbon, No Heat Curling Headband, Heatless Curls Headband Ribbon, Heatless Hair Curler with Hair Clip & Scrunchies",,,,WXJ13,"WXJ13 Heatless Hair Curler with Soft Pearl Cotton Filling, Women Heatless Curling Ribbon, No Heat Curling Headband, Heatless Curls Headband Ribbon, Heatless Hair Curler with Hair Clip & Scrunchies WXJ13"
B00QBZ7D9E,uxcell Metal Woman Hairdressing Hair Hoop Hairhoop Ornament 5Pcs Black,,,,uxcell,uxcell Metal Woman Hairdressing Hair Hoop Hairhoop Ornament 5Pcs Black uxcell
B089SQTVDW,AISI BEAUTY Kinky Straight Ponytail for Women Yaki Ponytail Extension 24 Inch Long Synthetic Clip in Ponytail Hairpieces for Women(30#),,,,AISI BEAUTY,AISI BEAUTY Kinky Straight Ponytail for Women Yaki Ponytail Extension 24 Inch Long Synthetic Clip in Ponytail Hairpieces for Women(30#) AISI BEAUTY
B07YJGYBXX,"Yepei Human Hair Ponytail Extension Long Natural Curly Wave Black Drawstring Pony Tail Real Hair Pieces For Women Or Girl Wrap Around Clip In Weave Ponytails 150g (20 inch, Black)",,,,YePei,"Yepei Human Hair Ponytail Extension Long Natural Curly Wave Black Drawstring Pony Tail Real Hair Pieces For Women Or Girl Wrap Around Clip In Weave Ponytails 150g (20 inch, Black) YePei"
B0159D9ZJ4,Barber Sponge Brush Double Side 2 Different Wave Sizes 2 PC,,,,umi,Barber Sponge Brush Double Side 2 Different Wave Sizes 2 PC umi
B01CLV0KI2,"Naked Nails Refills Replacement Parts Buffers, Files & Shines",,,,Naked Nails,"Naked Nails Refills Replacement Parts Buffers, Files & Shines Naked Nails"
B08L8THDHW,MowigLux Afro Bomb Kinky Curly Wigs with Bangs for Black Women Short Afro Synthetic Hair Wig Large Bouncy and Soft Natural Looking,,,,MowigLux,MowigLux Afro Bomb Kinky Curly Wigs with Bangs for Black Women Short Afro Synthetic Hair Wig Large Bouncy and Soft Natural Looking MowigLux
B0058WE96Q,"Clear Essence Specialist Skin Care Body Oil, 8 Ounce - Soothing Body Moisturizer and Toner","Clear Essence Specialist Skincare Body Oil is a unique moisturizing body oil that gives your skin a sultry sheen. Scented with a special blend of Vitamin A and E, Lavender and Rosemary oils and Chamomile extracts, it's great for all skin types. It lubricates and relieves dry, chapped skin while helping improve your skin's elasticity and reducing the appearance of scars.",,12.0,Clear Essence,"Clear Essence Specialist Skin Care Body Oil, 8 Ounce - Soothing Body Moisturizer and Toner Clear Essence Clear Essence Specialist Skincare Body Oil is a unique moisturizing body oil that gives your skin a sultry sheen. Scented with a special blend of Vitamin A and E, Lavender and Rosemary oils and Chamomile extracts, it's great for all skin types. It lubricates and relieves dry, chapped skin while helping improve your skin's elasticity and reducing the appearance of scars."
B08GCB8ZH5,"Emirde Black Liquid double-headed Winged Eyeliner Pens, Smooth Liquid Quick Makeup Wing Cat Eye Stamp, Long Lasting Waterproof & Smudgeproof Eyeliner",,,,Emirde,"Emirde Black Liquid double-headed Winged Eyeliner Pens, Smooth Liquid Quick Makeup Wing Cat Eye Stamp, Long Lasting Waterproof & Smudgeproof Eyeliner Emirde"
B002CJI2BG,Sydney Girls Stretch Headband (Brown),,,,Funny Girl Designs,Sydney Girls Stretch Headband (Brown) Funny Girl Designs
B002UG5EZS,Remington R7130XLP Men's Shaver,"High quality remington shaver, men's, washable. High quality remington cord/cordless, 110/220, LCD. Energy star certified.",,,Remington,"Remington R7130XLP Men's Shaver Remington High quality remington shaver, men's, washable. High quality remington cord/cordless, 110/220, LCD. Energy star certified."
B01663ASGU,"Suave for Men Body Wash, Sport Recharge - 12oz. (Pack of 4)",,,,Suave,"Suave for Men Body Wash, Sport Recharge - 12oz. (Pack of 4) Suave"
B0177RLJ1W,reskin TS Propolis Serum Even Skin-tone Moisture Care,,,,,reskin TS Propolis Serum Even Skin-tone Moisture Care
B08V5DYF6R,"Dienalls Nail Art, Nail Decoration Kits 48Colors Nail Decals Decorations Accessories Stuff, Heart Sequins+Splarkly Snowflake Flake+Glitter Letter+Resin Dried Flowers+3D Nail Art Brush Dotting Pens",,,,Dienalls,"Dienalls Nail Art, Nail Decoration Kits 48Colors Nail Decals Decorations Accessories Stuff, Heart Sequins+Splarkly Snowflake Flake+Glitter Letter+Resin Dried Flowers+3D Nail Art Brush Dotting Pens Dienalls"
B08ND9SL4Q,NLCAC Beaded Headband for Women Handmade Beaded Evil Eye Embroidered Knotted Turban Headband Statement Wide Fabric Hairband Headdress Hair Accessories (Black),,,,NLCAC,NLCAC Beaded Headband for Women Handmade Beaded Evil Eye Embroidered Knotted Turban Headband Statement Wide Fabric Hairband Headdress Hair Accessories (Black) NLCAC
B010J7VQ88,"Miss U Hair 20""/50cm 110g Long Curl/wavy Clip in Hair Extensions 5Clips Women Synthetic Hairpiece Accessories (Purple)",,,,miss u hair,"Miss U Hair 20""/50cm 110g Long Curl/wavy Clip in Hair Extensions 5Clips Women Synthetic Hairpiece Accessories (Purple) miss u hair"
B07N9715WM,"African Pride Black Castor Miracle Hold and Cover Edges Black, 2.25 oz",African Pride Black Castor Miracle Hold & Cover Edges BLACK 2.25oz. Covers gray and holds down edges,,9.99,African Pride,"African Pride Black Castor Miracle Hold and Cover Edges Black, 2.25 oz African Pride African Pride Black Castor Miracle Hold & Cover Edges BLACK 2.25oz. Covers gray and holds down edges"
B0001HYJW2,Philips Norelco T970 Accu-Vac Beard and Moustache Trimmer,"Product Description Norelco's AccuVac Beard and Moustache Trimmer offers the best of both worlds; precise even trimming with no mess. The Accu Control System is a Norelco patented flexing guide comb which adjusts to facial contours for precise, even trimming every time. Along with this goof proof feature, the AccuVac System has superior vacuum suction that captures cut hairs so there is no mess to clean. Amazon.com Step up to a new level of precision and comfort with the Norelco T970 AccuVac Vacuum Trimmer. The unique design incorporates vacuum suction to capture and direct cut hairs into the integrated hair chamber so there is no mess to clean up -- no matter what angle you're trimming. The advanced technology of the AccuVac System, the most effective integrated vacuum available in a trimmer, effortlessly captures and directs cut hairs into the Hair Chamber so there is no mess to clean up. The precision zoom lock locks into one of nine different settings to easily achieve a precise, even trim. View larger The unique AccuControl trimming system adjusts to all facial contours. View larger Meanwhile, the T970's ""AccuControl"" trimming system features a flexing guide comb that adjusts to facial contours for precise, even trimming every time. Simple to Maneuver, the AccuControl system easily trims difficult to reach areas such as the neck and chin. The trimming unit also locks into one of nine different settings for your desired beard length. The trimmer cuts precisely and evenly no matter what look you're after: stubble, goatee, or a medium to full beard. Norelco's revolutionary ""SteelWave"" technology adds another dimension of precision with wave-shaped, self-sharpening blades that channel and cut hair. There's even a specialty mini-trimmer attachment that clips on for precise trimming of your mustache, sideburns, or beard line. In addition to great trimming performance, the T970 is designed for longevity and comfort. The stainless steel self-sharpening blades offer a lifetime of precision cutting and no lubrication is ever needed. The ergonomic design provides total control over the trimming process, while making the trimmer easy to use, comfortable to hold, and simple to maneuver. The transparent hair chamber makes it easy to see when the chamber needs to be emptied to maintain optimum performance. And a five-LED battery charging level meter provides you with accurate battery power status. In addition to a full two-year warranty, the T970 comes with a 60-day money-back guarantee. What's in the Box Norelco T970 AccuVac Vacuum Trimmer, travel pouch, power cord and AC adaptor, and cleaning brush. View box contents",,,PHILIPS,"Philips Norelco T970 Accu-Vac Beard and Moustache Trimmer PHILIPS Product Description Norelco's AccuVac Beard and Moustache Trimmer offers the best of both worlds; precise even trimming with no mess. The Accu Control System is a Norelco patented flexing guide comb which adjusts to facial contours for precise, even trimming every time. Along with this goof proof feature, the AccuVac System has superior vacuum suction that captures cut hairs so there is no mess to clean. Amazon.com Step up to a new level of precision and comfort with the Norelco T970 AccuVac Vacuum Trimmer. The unique design incorporates vacuum suction to capture and direct cut hairs into the integrated hair chamber so there is no mess to clean up -- no matter what angle you're trimming. The advanced technology of the AccuVac System, the most effective integrated vacuum available in a trimmer, effortlessly captures and directs cut hairs into the Hair Chamber so there is no mess to clean up. The precision zoom lock locks into one of nine different settings to easily achieve a precise, even trim. View larger The unique AccuControl trimming system adjusts to all facial contours. View larger Meanwhile, the T970's ""AccuControl"" trimming system features a flexing guide comb that adjusts to facial contours for precise, even trimming every time. Simple to Maneuver, the AccuControl system easily trims difficult to reach areas such as the neck and chin. The trimming unit also locks into one of nine different settings for your desired beard length. The trimmer cuts precisely and evenly no matter what look you're after: stubble, goatee, or a medium to full beard. Norelco's revolutionary ""SteelWave"" technology adds another dimension of precision with wave-shaped, self-sharpening blades that channel and cut hair. There's even a specialty mini-trimmer attachment that clips on for precise trimming of your mustache, sideburns, or beard line. In addition to great trimming performance, the T970 is designed for longevity and comfort. The stainless steel self-sharpening blades offer a lifetime of precision cutting and no lubrication is ever needed. The ergonomic design provides total control over the trimming process, while making the trimmer easy to use, comfortable to hold, and simple to maneuver. The transparent hair chamber makes it easy to see when the chamber needs to be emptied to maintain optimum performance. And a five-LED battery charging level meter provides you with accurate battery power status. In addition to a full two-year warranty, the T970 comes with a 60-day money-back guarantee. What's in the Box Norelco T970 AccuVac Vacuum Trimmer, travel pouch, power cord and AC adaptor, and cleaning brush. View box contents"
B00NI8L5R8,Amybria New Silver Plated Full Crystal Inlay Bouquet Flowers Brooch Pin Party Lady,,,,,Amybria New Silver Plated Full Crystal Inlay Bouquet Flowers Brooch Pin Party Lady
B07VXTP6G5,"Headbands for Women, 16 Pack Turban Headbands for Women, Knotted Headbands for Women Boho headband, (6 Solid Color +10 Pattern Headbands)",,,,ANBALA,"Headbands for Women, 16 Pack Turban Headbands for Women, Knotted Headbands for Women Boho headband, (6 Solid Color +10 Pattern Headbands) ANBALA"
B017I3QBJK,Zest Fruitboost Citrus Sp Size 10z Zest Fruitboost Citrus Splash 10z,,,,,Zest Fruitboost Citrus Sp Size 10z Zest Fruitboost Citrus Splash 10z
B076QMVRS9,avena New 328429 Bath & Shower Gel 25.5Z Instituto Espanol (-Pack) Bath Products Wholesale Bulk Health & Beauty Bath Products Gel,,,20.51,Avena,avena New 328429 Bath & Shower Gel 25.5Z Instituto Espanol (-Pack) Bath Products Wholesale Bulk Health & Beauty Bath Products Gel Avena
B01KGIFJSS,Specialized Care Co Inc Surround® Toothbrush (Pack of 2) (Blue/Coral),,,17.5,Specialized Care Co Inc,Specialized Care Co Inc Surround® Toothbrush (Pack of 2) (Blue/Coral) Specialized Care Co Inc
B084D433NB,"Pack of 2 Revlon Colorstay Longwear Lip Liner, Mink (703)",,,,REVLON,"Pack of 2 Revlon Colorstay Longwear Lip Liner, Mink (703) REVLON"
B07KQGN4J1,"Mererke_Pretty Shimmer Lip Gloss Metal Lipstick,Primers Waterproof Moisturizing Liquid Lipstick,Long Lasting Glitter Lip Tints (04)",,,,Mererke_Pretty,"Mererke_Pretty Shimmer Lip Gloss Metal Lipstick,Primers Waterproof Moisturizing Liquid Lipstick,Long Lasting Glitter Lip Tints (04) Mererke_Pretty"
B0924GT395,"OSRSR Cryo Sticks,Unbreakable Stainless Steel Beauty Ice Facial Massage Tools for Woman,Skin Case Ice Globes Cryo Spoons,Cooling Globes Cold Globes for Face,Eyes & Neck","PREMIUM QUALITY ICE GLOBES: OSRSR cryo sticks for facial are made from 304 stainless steel and filled with non-toxic cooling gel. So they are no happen break, durable and stays cold for long! PROFESSIONAL CRYO FACIAL THERAPHY: The ice globes for face can reduce puffiness, shrink pores, soothes inflammations, swollen eyes and dark circles, help promote blood circulation. You will feel like you brought your facial at home. RELIEVE YOUR STRESS: The cooling globes for face help with tightening the skin and removes fatigue. This Cryo facial massage tool is contributing to the repair and regeneration of skin cell and stimulate collagen. SAFE & EASY TO USE: Place the cold globes for facials in the freezer or refrigerator for 2 hours and then use the facial globes for up to 5-6 hours, Pair over your creams or other skin care products! ELEGANTLY PACKAGE: 2 PC facial massage cryo sticks and use instruction with Storage Case in Luxury Box. OSRSR cold rollers make the perfect birthday or Christmas present for women mom wife Girlfriend. Perfect as a gift for your loved ones and even for yourself!",,17.49,OSRSR,"OSRSR Cryo Sticks,Unbreakable Stainless Steel Beauty Ice Facial Massage Tools for Woman,Skin Case Ice Globes Cryo Spoons,Cooling Globes Cold Globes for Face,Eyes & Neck OSRSR PREMIUM QUALITY ICE GLOBES: OSRSR cryo sticks for facial are made from 304 stainless steel and filled with non-toxic cooling gel. So they are no happen break, durable and stays cold for long! PROFESSIONAL CRYO FACIAL THERAPHY: The ice globes for face can reduce puffiness, shrink pores, soothes inflammations, swollen eyes and dark circles, help promote blood circulation. You will feel like you brought your facial at home. RELIEVE YOUR STRESS: The cooling globes for face help with tightening the skin and removes fatigue. This Cryo facial massage tool is contributing to the repair and regeneration of skin cell and stimulate collagen. SAFE & EASY TO USE: Place the cold globes for facials in the freezer or refrigerator for 2 hours and then use the facial globes for up to 5-6 hours, Pair over your creams or other skin care products! ELEGANTLY PACKAGE: 2 PC facial massage cryo sticks and use instruction with Storage Case in Luxury Box. OSRSR cold rollers make the perfect birthday or Christmas present for women mom wife Girlfriend. Perfect as a gift for your loved ones and even for yourself!"
B08FQQJB7T,"jinshiband 4PCS Double Layer Twist Plait Headband Hair Tools, Double Bangs Hairstyle Hairpin, Multi-Layer Hollow Woven Headband, Headband with Alligator Clip Korean Style Fashionable Girl Braided Hair",,,,jinshiband,"jinshiband 4PCS Double Layer Twist Plait Headband Hair Tools, Double Bangs Hairstyle Hairpin, Multi-Layer Hollow Woven Headband, Headband with Alligator Clip Korean Style Fashionable Girl Braided Hair jinshiband"
B081ZN3TD5,JPNK 4PCS Anti-Static Detangling Fine & Wide Tooth Shower Comb Set,,,,JPNK,JPNK 4PCS Anti-Static Detangling Fine & Wide Tooth Shower Comb Set JPNK
B07Q4YCBWD,Best Mom Ever French Milled Luxury Soap Set of 3 Bars (6.35oz),,,,Jolitee,Best Mom Ever French Milled Luxury Soap Set of 3 Bars (6.35oz) Jolitee
B07SS4G6B2,1pcs Rainbow Colorful Sector Nail Soft Dust Cleaner Brush Cleaning Brush Acrylic Gel Powder Removal Brush Manicure Nail Tool,,,,xingqing,1pcs Rainbow Colorful Sector Nail Soft Dust Cleaner Brush Cleaning Brush Acrylic Gel Powder Removal Brush Manicure Nail Tool xingqing
B01N0OO5OJ,"Argan deluxe 100% Pure Organic Moroccan Argan Oil Luxury Hair Care Bundle includes Shampoo, Conditioner, Shine Spray, Hydrating Mask, Hair Body Serum- Restores Shine and Softness-For all hair types",,,,Argan Deluxe,"Argan deluxe 100% Pure Organic Moroccan Argan Oil Luxury Hair Care Bundle includes Shampoo, Conditioner, Shine Spray, Hydrating Mask, Hair Body Serum- Restores Shine and Softness-For all hair types Argan Deluxe"
B016YAMKWA,"Hair Curling Iron, Anself Pro Anti-scalded Electric Ceramic Hair Curler Spiral Hair Rollers Curling Iron Wand Salon Tools (Purple)",,,,Anself,"Hair Curling Iron, Anself Pro Anti-scalded Electric Ceramic Hair Curler Spiral Hair Rollers Curling Iron Wand Salon Tools (Purple) Anself"
B08HWD7JHJ,"25MM Eyelashes Faux Mink, Calphdiar Fluffy Volume 5D False Eyelashes, Long Dramatic Lashes 20 pairs 4 styles",,,,calphdiar,"25MM Eyelashes Faux Mink, Calphdiar Fluffy Volume 5D False Eyelashes, Long Dramatic Lashes 20 pairs 4 styles calphdiar"
B077TSWZDN,WEFOO Pro Stainless Steel Cosmetic Mixing Plate With Makeup Blending Spatula Tool With Genuine Leather Case,,,,WEFOO,WEFOO Pro Stainless Steel Cosmetic Mixing Plate With Makeup Blending Spatula Tool With Genuine Leather Case WEFOO
B07CNYD5D7,Deadpool Steelbook 2 Year Anniversary Edition 4K Ultra HD Blu-ray,Everyone's Favorite Deadpool Now in an Ultimate SteelBook Edition!,,,SEAJEA,Deadpool Steelbook 2 Year Anniversary Edition 4K Ultra HD Blu-ray SEAJEA Everyone's Favorite Deadpool Now in an Ultimate SteelBook Edition!
B08PQC8LQ2,Professional Makeup Brushes Set - 5pcs Cosmetic Anime Peripheral Okuno Cosplay Gift Makeup Brush Set For Women (silver color),,,,feimeng jewelry,Professional Makeup Brushes Set - 5pcs Cosmetic Anime Peripheral Okuno Cosplay Gift Makeup Brush Set For Women (silver color) feimeng jewelry
B00GAXFYY8,B·LEVE Elegant Solid Color Scarf - Different Colors Available (Green),"Free shipping! 100% brand new. In 2013 upgrade Perfect fashion accessory for any season, event or occasion!",,,B·LEVE,"B·LEVE Elegant Solid Color Scarf - Different Colors Available (Green) B·LEVE Free shipping! 100% brand new. In 2013 upgrade Perfect fashion accessory for any season, event or occasion!"
B07YBLFFW5,Shimmer Anna Shine Headband (St. Patricks Green Clover),"A perfect St Patrick's Day hair accessory One size fits most women Material: Headbands made of cotton and spandex Whether you are wanting to wish someone good luck, feeling lucky or celebrating St. Pats day you will love this headband! Comfort and Style: Soft, stretchy and comfortable",,6.99,Shimmer Anna Shine,"Shimmer Anna Shine Headband (St. Patricks Green Clover) Shimmer Anna Shine A perfect St Patrick's Day hair accessory One size fits most women Material: Headbands made of cotton and spandex Whether you are wanting to wish someone good luck, feeling lucky or celebrating St. Pats day you will love this headband! Comfort and Style: Soft, stretchy and comfortable"
B00AJVLYGO,Zuri Naturally Sheer Pressed Powder Wet To Dry - Autumn Burst,,,,ZURI,Zuri Naturally Sheer Pressed Powder Wet To Dry - Autumn Burst ZURI
B08X46Z2PC,"Jaw Exerciser - (3-PACK- ALL LEVELS) Slim and Tone Your Face And Jawline Jaw & Neck Jawline Exerciser Reduce Double Chin. 3 Levels 40, 50 & 60 lbs resistance. (Red, Blue, Black) (3 LEVELS)",,,,Paradise Emerald,"Jaw Exerciser - (3-PACK- ALL LEVELS) Slim and Tone Your Face And Jawline Jaw & Neck Jawline Exerciser Reduce Double Chin. 3 Levels 40, 50 & 60 lbs resistance. (Red, Blue, Black) (3 LEVELS) Paradise Emerald"
B08JTH7FVD,"Face Blush Makeup, Powder Blush Long-Wear, Matte Cheekers Contours Cheeks, Easy to Blend Makeup Blush, Cheek Color Blush For Girls And Women (Color 07)",,,,COLORROSE,"Face Blush Makeup, Powder Blush Long-Wear, Matte Cheekers Contours Cheeks, Easy to Blend Makeup Blush, Cheek Color Blush For Girls And Women (Color 07) COLORROSE"
B08GYJ3GMB,Matte Hair Clips for Women Leaf Hair Claw Clips Acrylic Hair Catch Barrettes Non Slip Jaw Clamps 4 Colors Accessories for Thick Hair Girls,,,,BVGA,Matte Hair Clips for Women Leaf Hair Claw Clips Acrylic Hair Catch Barrettes Non Slip Jaw Clamps 4 Colors Accessories for Thick Hair Girls BVGA
B07C7SXR7R,"Aifaifa Nail Polish Set 7 Pack Trendy Peelable Water Based Nail Polish, Pink, Glitter, Metallic, Spring Color, Summer Color Full Size Set",,,,,"Aifaifa Nail Polish Set 7 Pack Trendy Peelable Water Based Nail Polish, Pink, Glitter, Metallic, Spring Color, Summer Color Full Size Set"
B086BX71TD,7 Packs 24 Inch Water Wave Passion Twist Hair Crochet Hair Pre Looped Long Passion Twist Synthetic Crochet Braid Hair Ombre Braiding Hair 154 Strands in Total(1B/27),,,,Artist Unknown,7 Packs 24 Inch Water Wave Passion Twist Hair Crochet Hair Pre Looped Long Passion Twist Synthetic Crochet Braid Hair Ombre Braiding Hair 154 Strands in Total(1B/27) Artist Unknown
B01IT7527Q,Bodermincer 5 Color Natural Waterproof Longlasting Shadow Eyebrow Pencil Kit Eye Brow Pen Make Up Shaper Cosmetic Makeup Tool (Light Brown),,,,Bodermincer,Bodermincer 5 Color Natural Waterproof Longlasting Shadow Eyebrow Pencil Kit Eye Brow Pen Make Up Shaper Cosmetic Makeup Tool (Light Brown) Bodermincer
B00759LVR0,J. Leblanc French Pistachio Oil - 8 fl.oz. - Huile de Pistache,,,59.12,J. LeBlanc,J. Leblanc French Pistachio Oil - 8 fl.oz. - Huile de Pistache J. LeBlanc
B07BM2X7PG,Brazilian Funmi Hair Curly Weave 4 Bundles Human Hair Curly Hair Weave 50g/pcs Spiral Curl Hair Bundles 10A Romance Curl 100% Unprocessed Hair Weft Extensions Natural Black Color(10 10 10 10),,,,,Brazilian Funmi Hair Curly Weave 4 Bundles Human Hair Curly Hair Weave 50g/pcs Spiral Curl Hair Bundles 10A Romance Curl 100% Unprocessed Hair Weft Extensions Natural Black Color(10 10 10 10)
B07TWM2CXD,SIQUK 12 Pcs Rainbow Headbands Hair Wreath Headband with Flowers Colorful Rose Headbands Festival Wedding Party Favors for Women Girls,,,,SIQUK,SIQUK 12 Pcs Rainbow Headbands Hair Wreath Headband with Flowers Colorful Rose Headbands Festival Wedding Party Favors for Women Girls SIQUK
B07PV3R2Y4,"Organic Face Wash Bar Soap - Facial Cleanser Soap Bar for Dry or Sensitive Skin, Natural Soap Face Cleanser, Organic Soap, Womens & Mens Face Wash Soap Bars, Vegan Soap for Face Care",,,,Beauty by Earth,"Organic Face Wash Bar Soap - Facial Cleanser Soap Bar for Dry or Sensitive Skin, Natural Soap Face Cleanser, Organic Soap, Womens & Mens Face Wash Soap Bars, Vegan Soap for Face Care Beauty by Earth"
B07DCDJMSB,Bath & Body Works PocketBac Hand Gel I'm Really A Mermaid Surf & Sands,,,,Bath & Body Works,Bath & Body Works PocketBac Hand Gel I'm Really A Mermaid Surf & Sands Bath & Body Works
B07WC326QR,"Halloween Wizard Wig and Faux Beard Set Party Costume Cosplay Accessory for Women Men, Grey",,,,WILLBOND,"Halloween Wizard Wig and Faux Beard Set Party Costume Cosplay Accessory for Women Men, Grey WILLBOND"
B08RSJDSSB,"Isaic Straight Ponytail Extension Synthetic Wrap Around Clip in Hairpiece for Women (16 Inch, 1B)",,,,Isaic,"Isaic Straight Ponytail Extension Synthetic Wrap Around Clip in Hairpiece for Women (16 Inch, 1B) Isaic"
B00QPOZPSM,ZRCN01BAG - ReliaMed Carrying Bag for the ReliaMed Compressor Nebulizer ZRCN01,,,11.69,Reliamed,ZRCN01BAG - ReliaMed Carrying Bag for the ReliaMed Compressor Nebulizer ZRCN01 Reliamed
B06ZZMXS8W,"Skully's Buck Shot Beard Balm 2 fl. oz (Orange, Tea Tree and Peppermint Scented) All Natural, Medium Hold Beard Balm for Men, Deep Conditioning, Tames Flyaways, Promotes Healthy Beard Growth",,,18.99,Skully's Ctz Beard Oil,"Skully's Buck Shot Beard Balm 2 fl. oz (Orange, Tea Tree and Peppermint Scented) All Natural, Medium Hold Beard Balm for Men, Deep Conditioning, Tames Flyaways, Promotes Healthy Beard Growth Skully's Ctz Beard Oil"
B018QY0FK6,Instant Fab Remy Human Hair Wig Edgy Bob (1B),,,,INSTANT FAB,Instant Fab Remy Human Hair Wig Edgy Bob (1B) INSTANT FAB
B092MBF587,HANYUDIE Clip in Bangs Human Hair Bangs Hairpiece Light Brown Clip on Air Bangs with Temple Wispy Bangs Hair Extensions for Women (Light Brown Bangs),,,,HANYUDIE,HANYUDIE Clip in Bangs Human Hair Bangs Hairpiece Light Brown Clip on Air Bangs with Temple Wispy Bangs Hair Extensions for Women (Light Brown Bangs) HANYUDIE
B07QTHXN1D,"False Eyelash Storage Box Pack of 50, Empty False Eyelash Care Storage Case Box, Makeup Organizer Plastic Container Holder Tool",,,,VERY100,"False Eyelash Storage Box Pack of 50, Empty False Eyelash Care Storage Case Box, Makeup Organizer Plastic Container Holder Tool VERY100"
B07SXJ5BM9,"Bride Hair Accessories Messen Leaf Hair Bobby Pins Vintage Gold Clip for Wedding Bridesmaid Jewelry Handmade (Pack of 3, Gold)",,,,Messen,"Bride Hair Accessories Messen Leaf Hair Bobby Pins Vintage Gold Clip for Wedding Bridesmaid Jewelry Handmade (Pack of 3, Gold) Messen"
B01DABT1AU,110 Rose Gold Dots 1 mm Stick On Fake Nose Studs/Gold Fake Nose labret Eye Piercing Stud/Self Adhesive Nose Stud/Fake Nose Stud/Costume Jewels,"This Listing is for: * 110 dots 1 mm crystal clear Gold acrylic stick on fake nose, ear studs. *Size: 1 mm * High Quality Gum * Long Lasting * Ready to use * Reusable",,7.0,Glamorous Collection,"110 Rose Gold Dots 1 mm Stick On Fake Nose Studs/Gold Fake Nose labret Eye Piercing Stud/Self Adhesive Nose Stud/Fake Nose Stud/Costume Jewels Glamorous Collection This Listing is for: * 110 dots 1 mm crystal clear Gold acrylic stick on fake nose, ear studs. *Size: 1 mm * High Quality Gum * Long Lasting * Ready to use * Reusable"
B003D1UTRC,"Cala Cosmetic wedge travel pack 6 count, 6 Count",Cala cosmetic wedges travel pack is a must-have makeup tool for your daily beauty care routine. Made from high-quality material and can be used for personal and professional use. The individual products are in the shape of wedges. Handy product and can be very useful when travelling.,,,Cala,"Cala Cosmetic wedge travel pack 6 count, 6 Count Cala Cala cosmetic wedges travel pack is a must-have makeup tool for your daily beauty care routine. Made from high-quality material and can be used for personal and professional use. The individual products are in the shape of wedges. Handy product and can be very useful when travelling."
B07W13NWVR,I'M MEME I'M Mystery Volume Tint Collection (005 Mystery Beet),,,,I'M MEME,I'M MEME I'M Mystery Volume Tint Collection (005 Mystery Beet) I'M MEME
B07V5KKRNB,"Native, Powder and Cotton Body Wash 11.5 oz Bottles x2",,,,Native,"Native, Powder and Cotton Body Wash 11.5 oz Bottles x2 Native"
B07CTX62W7,New Kat Von D 24-Hour Super Brow Long-Wear Pomade And Brow Struck Dimension Powder! Choose Your Shade From 16 Pomades And 7 Powders! Long-Wear And Waterproof! (Taupe Powder),,,,Kat Von D,New Kat Von D 24-Hour Super Brow Long-Wear Pomade And Brow Struck Dimension Powder! Choose Your Shade From 16 Pomades And 7 Powders! Long-Wear And Waterproof! (Taupe Powder) Kat Von D
B01C3Z6T68,Futuretrend40cm Layered Filp Out Heat-resist Theater Cosplay Wig-purple,,,,,Futuretrend40cm Layered Filp Out Heat-resist Theater Cosplay Wig-purple
B00QQLBWNQ,BNG 20000 RPM Electric Nail Art Drill File Buffer Bits Manicure Pedicure Acrylic Gel Polish Callus Removal Nail Salon Tool,,,,BNG,BNG 20000 RPM Electric Nail Art Drill File Buffer Bits Manicure Pedicure Acrylic Gel Polish Callus Removal Nail Salon Tool BNG
B01BQXYWQM,"Blue Vintage Flower Temporary Tattoo - Realistic Body Art - Gift - Accessory - Wedding - Set of 2 Temporary Tattoos, 4"" x 3.5""",,,,myTaT,"Blue Vintage Flower Temporary Tattoo - Realistic Body Art - Gift - Accessory - Wedding - Set of 2 Temporary Tattoos, 4"" x 3.5"" myTaT"
B00A9LPMEY,Travalo Travalo Red 1 Pc,Travalo Red has a patented easy fill system that allows you to refill in seconds with a simple repeat pump action. Travalo fills directly from almost any fragrance bottle with a removable spray head.,,,Travalo,Travalo Travalo Red 1 Pc Travalo Travalo Red has a patented easy fill system that allows you to refill in seconds with a simple repeat pump action. Travalo fills directly from almost any fragrance bottle with a removable spray head.
B08HR5PDN6,"Orly Neon Earth Collection Summer 2018 Nail Lacquer Sands of Time #20978""","Orly Nail Polish, Sands of Time, 20978, .60 fl. oz.Bright light peach creme nail color with subtle orange undertones. Orly Neon Earth Collection.",,8.05,Orly,"Orly Neon Earth Collection Summer 2018 Nail Lacquer Sands of Time #20978"" Orly Orly Nail Polish, Sands of Time, 20978, .60 fl. oz.Bright light peach creme nail color with subtle orange undertones. Orly Neon Earth Collection."
B01LFUCWKO,"Argan Oil Hair Mask for Dry Damaged Hair - Keratin Complex Deep Conditioner for Color Treated Hair - Sulfate Free Hair Treatment to Strengthen, Repair, Hydrate, Protect Dull Hair by Osensia, 8 Ounces","THE SECRET TO SHINE – Do you fill with envy every time you see people that seem blessed with beautiful hair? It’s time to take control of your strands! Get the commercial-worthy hair that turns heads, by treating your hair to the tress-taming magic of Osensia’s Argan Oil and Keratin hair treatment mask. Watch as those eyes of envy turn to you, and decide whether you want to let them in on the Osensia secret. GIVE YOUR HAIR WHAT IT CRAVES – Every day your hair deals with a damaging onslaught from hot tools to environmental pollutants, so you shouldn’t be surprised that it lacks the luster you dream about. Luckily, with Osensia’s repair conditioner treatment you can restore, strengthen, and protect for longer, thicker, faster growing locks. Discover the hair you were born to have. NATURALLY STUNNING STRANDS – Tired of spending top dollar on salon brands that don’t live up to their promises? We packed Osensia’s Sulfate Free, Paraben Free intensive conditioning formula full of some of nature’s best ingredients to bring your hair back to life. Our Moroccan Argan Oil conditioner is infused with keratin and fortifying botanical proteins that nourish your hair, instead of stripping it. THE SILKY SMOOTH DIFFERENCE – No matter your hair type, we’re certain you’ll fall for the way Osensia’s repair hair mask makes your hair look and feel. But, to reveal truly luscious, radiant hair, we recommend combining it with our full hydration range. Prepare to be wowed by the way our Hydrating Shampoo & Conditioner, Leave-In Treatment, and Hair Mask transform dry, damaged, curly, color treated, and frizzy hair into touchable, head-turning perfection. OUR PROMISE – We know you’ll love your locks the first time you use our conditioning treatment. But, if you’re not impressed, that’s ok. You’re backed by our 100% satisfaction guarantee. No matter the reason, we’ll gladly refund or replace your keratin conditioner – no questions asked.",,,Osensia,"Argan Oil Hair Mask for Dry Damaged Hair - Keratin Complex Deep Conditioner for Color Treated Hair - Sulfate Free Hair Treatment to Strengthen, Repair, Hydrate, Protect Dull Hair by Osensia, 8 Ounces Osensia THE SECRET TO SHINE – Do you fill with envy every time you see people that seem blessed with beautiful hair? It’s time to take control of your strands! Get the commercial-worthy hair that turns heads, by treating your hair to the tress-taming magic of Osensia’s Argan Oil and Keratin hair treatment mask. Watch as those eyes of envy turn to you, and decide whether you want to let them in on the Osensia secret. GIVE YOUR HAIR WHAT IT CRAVES – Every day your hair deals with a damaging onslaught from hot tools to environmental pollutants, so you shouldn’t be surprised that it lacks the luster you dream about. Luckily, with Osensia’s repair conditioner treatment you can restore, strengthen, and protect for longer, thicker, faster growing locks. Discover the hair you were born to have. NATURALLY STUNNING STRANDS – Tired of spending top dollar on salon brands that don’t live up to their promises? We packed Osensia’s Sulfate Free, Paraben Free intensive conditioning formula full of some of nature’s best ingredients to bring your hair back to life. Our Moroccan Argan Oil conditioner is infused with keratin and fortifying botanical proteins that nourish your hair, instead of stripping it. THE SILKY SMOOTH DIFFERENCE – No matter your hair type, we’re certain you’ll fall for the way Osensia’s repair hair mask makes your hair look and feel. But, to reveal truly luscious, radiant hair, we recommend combining it with our full hydration range. Prepare to be wowed by the way our Hydrating Shampoo & Conditioner, Leave-In Treatment, and Hair Mask transform dry, damaged, curly, color treated, and frizzy hair into touchable, head-turning perfection. OUR PROMISE – We know you’ll love your locks the first time you use our conditioning treatment. But, if you’re not impressed, that’s ok. You’re backed by our 100% satisfaction guarantee. No matter the reason, we’ll gladly refund or replace your keratin conditioner – no questions asked."
B08HGQT46C,16PC Magic Hair Donuts Curler Hairdress Magic Hair Styling Roller Curler DIY Tool for Woman Hair Accessories Small (A),"No more heat and chemical damage when curling your hair with this incredible and colorful Magic Hair Donuts Curler! Each of these curlers has the ability to hold tons of hair, making it quick and super easy to have those summer beach waves in no time at all ! Made from soft plastic materials, these magic hair curlers are flexible and can be bent to any direction. They’re easy to use and lightweight so you can have heat and chemical free beautifully soft curly hair that’s perfect for all occasions! Rapid hair rollers create curly sexy hair style in minutes. DIY at home and save money and time spending at the salon. Quick and easy way to create beautiful curls at home. No chemical treatment, protect your hair. High-speed changing magic perm unimaginably. Operation Steps: Control the hair at 60%-70% of humidity of the zone; In the middle of the prominent part curled your hair, and buttoned the hair curler; Then roll up your hair one by one; At the same time you can use the hairdryer to blow your hair; The next morning or 10 minutes after blowing your hair, so that you can get your perfect hair style.",,7.99,wendunide,"16PC Magic Hair Donuts Curler Hairdress Magic Hair Styling Roller Curler DIY Tool for Woman Hair Accessories Small (A) wendunide No more heat and chemical damage when curling your hair with this incredible and colorful Magic Hair Donuts Curler! Each of these curlers has the ability to hold tons of hair, making it quick and super easy to have those summer beach waves in no time at all ! Made from soft plastic materials, these magic hair curlers are flexible and can be bent to any direction. They’re easy to use and lightweight so you can have heat and chemical free beautifully soft curly hair that’s perfect for all occasions! Rapid hair rollers create curly sexy hair style in minutes. DIY at home and save money and time spending at the salon. Quick and easy way to create beautiful curls at home. No chemical treatment, protect your hair. High-speed changing magic perm unimaginably. Operation Steps: Control the hair at 60%-70% of humidity of the zone; In the middle of the prominent part curled your hair, and buttoned the hair curler; Then roll up your hair one by one; At the same time you can use the hairdryer to blow your hair; The next morning or 10 minutes after blowing your hair, so that you can get your perfect hair style."
B0113BF8NI,"L'oreal Infallible Pro-last Nail Color, 905 Double Entendre (Pack of 2)",,,10.99,L'Oreal Paris,"L'oreal Infallible Pro-last Nail Color, 905 Double Entendre (Pack of 2) L'Oreal Paris"
B00CF2P7AY,Girl's First Communion Veil,Girl's First Communion Veil Embedded cross decor,,22.88,Corrine,Girl's First Communion Veil Corrine Girl's First Communion Veil Embedded cross decor
B0771NT64F,Spider-Man Homecoming Bath Time Shave Set for Kids,Spider-Man Homecoming Bath Time Shave Set for Kids,,,Spider Man,Spider-Man Homecoming Bath Time Shave Set for Kids Spider Man Spider-Man Homecoming Bath Time Shave Set for Kids
B00VKEV0L8,IBD Builder Gel Clear UV Gel Strong 2oz 56g,,,34.95,IBD,IBD Builder Gel Clear UV Gel Strong 2oz 56g IBD
B01HTO87X6,Lioele Blooming Shimmer Pearl Base 35Ml,,,,,Lioele Blooming Shimmer Pearl Base 35Ml
B07Y9JG82G,NUOBESTY Crab Headband Crab Costume Accessories Lobster Hair Hoops Plush Animal Hair Band Headwear for Halloween Dress Up Christmas Party,"Description Are you looking for something new and novel for your head decor? Then, this creative crab design head will be a great choice for you. This attractive headband is manufactured with design for personalized decoration. Wearing this headband, you will be the most attractive one of the crowed. Feature - Color: red. - Material: plush and pp cotton. - Size: About 25x20x1.5cm. - Perfect for birthday party, Christmas party, cosplay party, costume party, masquerade, etc. - Creative gift for girls to bring them more fun and surprise. - Made of material, it is lightweight, non-fading and non-deformation. - It can easily makes you eye-catching in the crowd. - Headband is expandable and adjustable. Elastic band allows easy and comfortable wear. - Comfy for long day of wearing without feeling restrained. They are perfect for girls and lady. - Color: Red. - Size: 25*20CM. Package Including 1 x plush hair",,15.49,NUOBESTY,"NUOBESTY Crab Headband Crab Costume Accessories Lobster Hair Hoops Plush Animal Hair Band Headwear for Halloween Dress Up Christmas Party NUOBESTY Description Are you looking for something new and novel for your head decor? Then, this creative crab design head will be a great choice for you. This attractive headband is manufactured with design for personalized decoration. Wearing this headband, you will be the most attractive one of the crowed. Feature - Color: red. - Material: plush and pp cotton. - Size: About 25x20x1.5cm. - Perfect for birthday party, Christmas party, cosplay party, costume party, masquerade, etc. - Creative gift for girls to bring them more fun and surprise. - Made of material, it is lightweight, non-fading and non-deformation. - It can easily makes you eye-catching in the crowd. - Headband is expandable and adjustable. Elastic band allows easy and comfortable wear. - Comfy for long day of wearing without feeling restrained. They are perfect for girls and lady. - Color: Red. - Size: 25*20CM. Package Including 1 x plush hair"
B097VJFK2L,Gelish Soak-Off Gel Polish Uncharted Territory - Garnet Crème - 15 mL | .5 fl. Oz.,,,16.95,,Gelish Soak-Off Gel Polish Uncharted Territory - Garnet Crème - 15 mL | .5 fl. Oz.
B09NSG8VRM,"5 Colors Eyeliner Stamps Set Winged Liquid Eyeliner Waterproof Dual-ended Eyeliner Stamp Tool Wingliner, Colored Matte Eyeliner Stencils for Women Long Lasting & Smudge-proof",,,,Deepmind,"5 Colors Eyeliner Stamps Set Winged Liquid Eyeliner Waterproof Dual-ended Eyeliner Stamp Tool Wingliner, Colored Matte Eyeliner Stencils for Women Long Lasting & Smudge-proof Deepmind"
B011XUJR1I,"Professional Gel Polish UV LED - Soak Off Nail Lacquers Kit with Clear Base Coat and Top Coat for French Manicure Pedicure, Pack of 8, 8ml Each (Set #09)",,,,,"Professional Gel Polish UV LED - Soak Off Nail Lacquers Kit with Clear Base Coat and Top Coat for French Manicure Pedicure, Pack of 8, 8ml Each (Set #09)"
B072N95X6P,"Vanilla by Body Fantasies, 3 Pack 8 oz Fragrance Body Spray for Women","Body Fantasies Signature Vanilla by Parfums de Coeur is a Floral Fruity Gourmand fragrance for women launched during the 2000's. The fragrance features vanilla, jasmine, apple and musk.",,27.99,Parfums De Coeur,"Vanilla by Body Fantasies, 3 Pack 8 oz Fragrance Body Spray for Women Parfums De Coeur Body Fantasies Signature Vanilla by Parfums de Coeur is a Floral Fruity Gourmand fragrance for women launched during the 2000's. The fragrance features vanilla, jasmine, apple and musk."
B07W5S82Y5,"Salerm HI REPAIR Shampoo & Mask Conditioner DUO SET, High Repair Damaged Hair for Strong, Full Bodied Shine Softness Masque (250 ml (9 oz) + 250 ml (9 oz) - DUO KIT)","Salerm HI REPAIR Shampoo & Mask Conditioner DUO SET, Shampoo based on the technology developed by Salerm Cosmetics: sequential hair care system capable of restoring natural qualities to dehydrated hair, with water deficiencies, with defects in the internal structure of the cortex and lack of nutrients. Reconstructing mask with immediate action based on the technology developed by Salerm Cosmetics: sequential hair care system capable of restoring natural qualities to dehydrated hair, with water deficiencies, with defects in the internal structure of the cortex and lack of nutrients.",,33.72,Salerm,"Salerm HI REPAIR Shampoo & Mask Conditioner DUO SET, High Repair Damaged Hair for Strong, Full Bodied Shine Softness Masque (250 ml (9 oz) + 250 ml (9 oz) - DUO KIT) Salerm Salerm HI REPAIR Shampoo & Mask Conditioner DUO SET, Shampoo based on the technology developed by Salerm Cosmetics: sequential hair care system capable of restoring natural qualities to dehydrated hair, with water deficiencies, with defects in the internal structure of the cortex and lack of nutrients. Reconstructing mask with immediate action based on the technology developed by Salerm Cosmetics: sequential hair care system capable of restoring natural qualities to dehydrated hair, with water deficiencies, with defects in the internal structure of the cortex and lack of nutrients."
B0731VNNBX,Emoji Smiley Stamps Birthday Party Supplies Loot Bag Accessories 48 Pieces per Unit,,,,RIN,Emoji Smiley Stamps Birthday Party Supplies Loot Bag Accessories 48 Pieces per Unit RIN
B00F06EUFU,Smartele New Fashion Cute Sexy High Length Knee Print Socks Sheer Pantyhose Tattoo Lady Tights Socks Leggings Stockings (Cat),,,,,Smartele New Fashion Cute Sexy High Length Knee Print Socks Sheer Pantyhose Tattoo Lady Tights Socks Leggings Stockings (Cat)
B07SGNZ86V,"COLORGRAM TOK Glow Pop Tint 4g - IZONE Girlish Makeup K-Pop Beauty, Bead Glossy Long Lasting Moisturizing Lip Stain (#4 Coral Wish)",,,,COLORGRAM TOK,"COLORGRAM TOK Glow Pop Tint 4g - IZONE Girlish Makeup K-Pop Beauty, Bead Glossy Long Lasting Moisturizing Lip Stain (#4 Coral Wish) COLORGRAM TOK"
B0871ZTZSW,20 Sheets Nail Polish Stickers Glitter Gradient Nail Wraps Pure Color Shine Nail Tip Stickers Full Nail Self Adhesive Nail Decals False Nail Design Manicure Sets with 2 Nail File for Women Girls,,,,Blulu,20 Sheets Nail Polish Stickers Glitter Gradient Nail Wraps Pure Color Shine Nail Tip Stickers Full Nail Self Adhesive Nail Decals False Nail Design Manicure Sets with 2 Nail File for Women Girls Blulu
B07X5V6QLB,EVER FAITH Crystal Eleagnt Bridal Flower Cluster Headpiece Wedding Accessory Hair Barrette for Women Clear Silver-Tone,,,,EVER FAITH,EVER FAITH Crystal Eleagnt Bridal Flower Cluster Headpiece Wedding Accessory Hair Barrette for Women Clear Silver-Tone EVER FAITH
B084VH7M49,40 Pcs Fashion Hair Clips Set - Messen Pearl Hair Barrettes Korean Style Macaron Acrylic Resin Alligator Clips Geometric Metal Bobby Pin Sparkly Crystal Headwear Hair Accessories for Women Girls,,,,Messen,40 Pcs Fashion Hair Clips Set - Messen Pearl Hair Barrettes Korean Style Macaron Acrylic Resin Alligator Clips Geometric Metal Bobby Pin Sparkly Crystal Headwear Hair Accessories for Women Girls Messen
B07SY84DPP,False Nails for Kids 24 Pcs Press On Girls Fake Nails Tips Watermenlon Pattern,"♥ VIVI TELLA♥ specialized in nail art manicure products, including professional fake nails, nail tips, nail files, press on nails for kids, toe, Halloween, Christmas and so on. Over 16 Years focus on nail art products development and provide the best quality, latest designs and intimate service. ➤ You could visit our store to find that you like. It’s never too late to improve your nail health with Vivid Tella. ♡ Nail Tips: We have developed nearly 100 types of tips to suit various needs. Half cover or full cover. Transparent, natural or white. Coffin, almond, stiletto, ballerina, square, oval, rounded or more. ♡ Nail Files: Different grit with various nail art functions. Shorten or smooth the edges of your nails. Remove nail gel in your extended or acrylic nails. Regular use strengthens and hardens nails allowing you to grow and maintain long, healthy and beautiful nails. ♡ Press on Nails: We offered the pre-glued nails, nails with adhesive sticker and nails without any adhesive accessories( you could get glue to use it). ｛Remove Tips｝ Adhesive Tabs: Put your nails in warm water for 2 minutes and adhesive tabs can be removed easier. Nail Glue: Use nail remover. Never break or pull replacement nails off. This may damage your natural nails. ✈ They are great for both professional nail specialist or nail art learner, suitable for nail salons and DIY nail art at home, wonderful gift for your wife, girlfriend, mother or sisters, and excellent for Wedding/Halloween/Christmas/Parties/Costume ball/etc. ✉ Any questions during purchase and use, here are the most intimate services waiting for you.",,7.42,VIVID STELLA,"False Nails for Kids 24 Pcs Press On Girls Fake Nails Tips Watermenlon Pattern VIVID STELLA ♥ VIVI TELLA♥ specialized in nail art manicure products, including professional fake nails, nail tips, nail files, press on nails for kids, toe, Halloween, Christmas and so on. Over 16 Years focus on nail art products development and provide the best quality, latest designs and intimate service. ➤ You could visit our store to find that you like. It’s never too late to improve your nail health with Vivid Tella. ♡ Nail Tips: We have developed nearly 100 types of tips to suit various needs. Half cover or full cover. Transparent, natural or white. Coffin, almond, stiletto, ballerina, square, oval, rounded or more. ♡ Nail Files: Different grit with various nail art functions. Shorten or smooth the edges of your nails. Remove nail gel in your extended or acrylic nails. Regular use strengthens and hardens nails allowing you to grow and maintain long, healthy and beautiful nails. ♡ Press on Nails: We offered the pre-glued nails, nails with adhesive sticker and nails without any adhesive accessories( you could get glue to use it). ｛Remove Tips｝ Adhesive Tabs: Put your nails in warm water for 2 minutes and adhesive tabs can be removed easier. Nail Glue: Use nail remover. Never break or pull replacement nails off. This may damage your natural nails. ✈ They are great for both professional nail specialist or nail art learner, suitable for nail salons and DIY nail art at home, wonderful gift for your wife, girlfriend, mother or sisters, and excellent for Wedding/Halloween/Christmas/Parties/Costume ball/etc. ✉ Any questions during purchase and use, here are the most intimate services waiting for you."
B0716X1J4B,Arran After the Rain Boxed Saddle Soap 200g,,,,A Arran,Arran After the Rain Boxed Saddle Soap 200g A Arran
B08MVFKSQ8,"MoYo Natural Labs 8 oz Spray Bottles Fine Mist Empty Travel Containers, BPA Free PET Plastic for Essential Oils and Liquids/Cosmetics (Pack of 2, Blue)","MoYo Natural Labs SPRAY BOTTLE 8 OZ HDPE plastic designated by a recyclable does not contain BPA. This leak proof plastic spray bottle BPA free set and made in the USA. MoYo Natural Labs plastic spray bottle 8 oz, reusable, refillable, washable plastic spray plastic bottle is a durable spray oil bottle. Industrial strength plastic spray bottle BPA free for liquids can be used for many of your house cleaning, traveling accessories, essential oil, hairspray and skin care needs including perfume and cologne; a safe plastic water bottle. Designed to last, MoYo Natural Labs 8 oz water bottles that spray mist will save you money and hassle. MoYo Natural Labs spray bottle 8 ounce is ideal as a hair dressing spray bottle and a plastic spray bottle for essential oils, essential skin and body care products. OUR PROMISE! If these mist bottles from MoYo Natural Labs become compromised or leak in the first year, we'll replace your hand spray bottle, even if it is your fault. We're that confident that you'll love your new 8 ounce body spray bottle and will continue to use MoYo Natural Labs 8 oz containers in the future. CLICK the ""Add to Cart"" button to order the MoYo Natural Labs spray bottle 8 oz Travel Bottle Set and travel bottle containers. today!",,8.99,MoYo Natural Labs,"MoYo Natural Labs 8 oz Spray Bottles Fine Mist Empty Travel Containers, BPA Free PET Plastic for Essential Oils and Liquids/Cosmetics (Pack of 2, Blue) MoYo Natural Labs MoYo Natural Labs SPRAY BOTTLE 8 OZ HDPE plastic designated by a recyclable does not contain BPA. This leak proof plastic spray bottle BPA free set and made in the USA. MoYo Natural Labs plastic spray bottle 8 oz, reusable, refillable, washable plastic spray plastic bottle is a durable spray oil bottle. Industrial strength plastic spray bottle BPA free for liquids can be used for many of your house cleaning, traveling accessories, essential oil, hairspray and skin care needs including perfume and cologne; a safe plastic water bottle. Designed to last, MoYo Natural Labs 8 oz water bottles that spray mist will save you money and hassle. MoYo Natural Labs spray bottle 8 ounce is ideal as a hair dressing spray bottle and a plastic spray bottle for essential oils, essential skin and body care products. OUR PROMISE! If these mist bottles from MoYo Natural Labs become compromised or leak in the first year, we'll replace your hand spray bottle, even if it is your fault. We're that confident that you'll love your new 8 ounce body spray bottle and will continue to use MoYo Natural Labs 8 oz containers in the future. CLICK the ""Add to Cart"" button to order the MoYo Natural Labs spray bottle 8 oz Travel Bottle Set and travel bottle containers. today!"
B07CTQQLLJ,Staleks Pro Professional Cuticle Scissors Curved Manicure Pedicure Care Tools Nail Eyebrow Beard Moustache Eyelash Trimming PRO EXPERT 10 TYPE 1 (18 мм) (SE-10/1),,,,STALEKS,Staleks Pro Professional Cuticle Scissors Curved Manicure Pedicure Care Tools Nail Eyebrow Beard Moustache Eyelash Trimming PRO EXPERT 10 TYPE 1 (18 мм) (SE-10/1) STALEKS
B00028NLKG,Facial Mask-Mud Magick Botanicals 3 oz Cream,Facial Mask-Mud by Magick Botanicals 3 oz Cream Magick Mud Facial Masque 3 oz Makes 20 Facials Ingredients Clay Barley Rosemary Mint Kelp Rosehips Ascorbic Acid (Vitamin-C) Homeopathic Cell Salts Allantoin.,,,thebestton,Facial Mask-Mud Magick Botanicals 3 oz Cream thebestton Facial Mask-Mud by Magick Botanicals 3 oz Cream Magick Mud Facial Masque 3 oz Makes 20 Facials Ingredients Clay Barley Rosemary Mint Kelp Rosehips Ascorbic Acid (Vitamin-C) Homeopathic Cell Salts Allantoin.
B07R9RNDV5,Messen 4 Pack Hair Clip Barrette Bridal Jewelry Accessory for Women Girls,,,,Messen,Messen 4 Pack Hair Clip Barrette Bridal Jewelry Accessory for Women Girls Messen
B0734JLX5P,Sam&Helen 100% Handmade Siberian Mink Eyelashes | Blanche | Reusable 3D Mink Lashes for Daily Makeup Natural|Thick|Long|Short 8 Styles Options,,,,Sam&Helen,Sam&Helen 100% Handmade Siberian Mink Eyelashes | Blanche | Reusable 3D Mink Lashes for Daily Makeup Natural|Thick|Long|Short 8 Styles Options Sam&Helen
B07PFH92HN,"Gel Nail Polish Starter Kit with 36W Nail Light,LED Nail Dryer Lamp 12 Color Gel and Base Top Coat Essentials Manicure Tools",,,24.99,Fashion Zone,"Gel Nail Polish Starter Kit with 36W Nail Light,LED Nail Dryer Lamp 12 Color Gel and Base Top Coat Essentials Manicure Tools Fashion Zone"
B09K3Z86WR,NiegMeag 18 20 22 24 Inch Water Wave Bundles Brazilian Human Hair 4 8A 100percent Unprocessed Virgin Extensions for Women 100g/bundles Wet and Wavy Curly Natural Black Color Bundle,"`Hair Texture: Water Wave Human Hair Bundles.Material: 100% Unprocessed Brazilian Human Hair.Human Hair Type: Brazilian Remy Human Hair. Weave Hair Human Bundles.Color: Natural Black ColorUnit Weight: 4 Bundles ，95-100g/piece.Hair Weft: Machine Double Wefts.Can Be Permed: Yes,But Please Be Careful Not to Exceed 125°F ! Otherwise it Will Damage The Hair !Hair Smell: It May Have Local Shampoo Smell, but It Will Disappear Fast After Co-Wash, Don'T Worry.How To Take Care Of The Hair?1. Wash The Hair Regularly.2. Detangle Hair Gently Before Washing. Do Not Rub or Twist It.3. Add Mild Shampoo To Cool Water and Swish Hair Till Clean. Rinse Thoroughly.4. Blot Out Excess Water With Towel and Allow Hair to Dry Naturally. Do Not Expose to The Sun.5. Comb Hair Gently With Wide Toothed Comb or With Your Fingers . 6. Brush Straighter Hair in a Downward Motion Straight With The Ends. FAQ:Q1: Will It Shedding?A1: For New Hair, A Few Strands of Hair Initial Shedding is Normal Like Our Own Hair. The Hair is Double Machine Weft to Avoid Shedding.Hair Shedding Can Be Caused by Many Things. Heat Damage From Blow-Dryers, Curling Irons, And Flatirons, As Well As Coloring Will Result in Breakage.Q2: Return/Refund Policy?A2: You Can Return to us if You or Your Family Doesnt Like Our Hair .But Don'T Break The Package.",,,NiegMeag,"NiegMeag 18 20 22 24 Inch Water Wave Bundles Brazilian Human Hair 4 8A 100percent Unprocessed Virgin Extensions for Women 100g/bundles Wet and Wavy Curly Natural Black Color Bundle NiegMeag `Hair Texture: Water Wave Human Hair Bundles.Material: 100% Unprocessed Brazilian Human Hair.Human Hair Type: Brazilian Remy Human Hair. Weave Hair Human Bundles.Color: Natural Black ColorUnit Weight: 4 Bundles ，95-100g/piece.Hair Weft: Machine Double Wefts.Can Be Permed: Yes,But Please Be Careful Not to Exceed 125°F ! Otherwise it Will Damage The Hair !Hair Smell: It May Have Local Shampoo Smell, but It Will Disappear Fast After Co-Wash, Don'T Worry.How To Take Care Of The Hair?1. Wash The Hair Regularly.2. Detangle Hair Gently Before Washing. Do Not Rub or Twist It.3. Add Mild Shampoo To Cool Water and Swish Hair Till Clean. Rinse Thoroughly.4. Blot Out Excess Water With Towel and Allow Hair to Dry Naturally. Do Not Expose to The Sun.5. Comb Hair Gently With Wide Toothed Comb or With Your Fingers . 6. Brush Straighter Hair in a Downward Motion Straight With The Ends. FAQ:Q1: Will It Shedding?A1: For New Hair, A Few Strands of Hair Initial Shedding is Normal Like Our Own Hair. The Hair is Double Machine Weft to Avoid Shedding.Hair Shedding Can Be Caused by Many Things. Heat Damage From Blow-Dryers, Curling Irons, And Flatirons, As Well As Coloring Will Result in Breakage.Q2: Return/Refund Policy?A2: You Can Return to us if You or Your Family Doesnt Like Our Hair .But Don'T Break The Package."
B079SD3GZW,12 Pieces Set Dragonfly Style Crystal Barrette With Silver Color Metal Clip 5 Different Crystal Color,,,,Elice,12 Pieces Set Dragonfly Style Crystal Barrette With Silver Color Metal Clip 5 Different Crystal Color Elice
B0828Y9FM1,Chameleon Mirror Nail Glitters Powder Auroras Effect Nail Art Chrome Pigment Decoration 8 Box,,,,SEISSO,Chameleon Mirror Nail Glitters Powder Auroras Effect Nail Art Chrome Pigment Decoration 8 Box SEISSO
B08WHBSK6R,"Kidskin- Foaming Body Wash with Tea Tree Oil- Helps Combat Body and Foot Odor and Stubborn Body Acne and Skin Issues - Cruelty Free, Gluten Free, Paraben Free, Sulfate Free, Unscented, and Vegan- Made in USA","Kidskin Foaming Body Wash with Tea Tree Oil is designed exclusively for teens, tweens, pre teens, and boys and girls to work as an effective, yet gentle body wash. Natural ingredients like Allantoin and Bisabolol nourish beyond surface level, and penetrate into the lower levels of the skin for the deepest hydration possible, while active ingredient tea tree oil works to fight body acne and skin issues teens are commonly prone to. Unlike shower bars and other soaps, our products are designed to soothe problematic and compromised skin. With 100% Natural ingredients that are paraben, sulfate, fragrance, and gluten free, the Kidskin Foaming Body Wash with Tea Tree Oil is gentle enough for every day use. Our mission is to provide teens (like our own!) with a body wash that leaves them feeling fresh and confident so they can focus on what really matters- every day. Ingredients: Water (Aqua), Cocamidopropyl Betaine, Sodium Cocoyl Glutamate, Disodium Cocoyl Glutamate, Musa Sapientum (Banana) Extract, Polysorbate-20, Sodium Lauroyl Sarcosinate, ^ Glycerin, Melaleuca Alternifolia (Tea Tree) Leaf Oil, Sea Salt (Sodium Chloride), Tetrasodium EDTA, Citric Acid, Allantoin, Bisabolol",,,Kidskin,"Kidskin- Foaming Body Wash with Tea Tree Oil- Helps Combat Body and Foot Odor and Stubborn Body Acne and Skin Issues - Cruelty Free, Gluten Free, Paraben Free, Sulfate Free, Unscented, and Vegan- Made in USA Kidskin Kidskin Foaming Body Wash with Tea Tree Oil is designed exclusively for teens, tweens, pre teens, and boys and girls to work as an effective, yet gentle body wash. Natural ingredients like Allantoin and Bisabolol nourish beyond surface level, and penetrate into the lower levels of the skin for the deepest hydration possible, while active ingredient tea tree oil works to fight body acne and skin issues teens are commonly prone to. Unlike shower bars and other soaps, our products are designed to soothe problematic and compromised skin. With 100% Natural ingredients that are paraben, sulfate, fragrance, and gluten free, the Kidskin Foaming Body Wash with Tea Tree Oil is gentle enough for every day use. Our mission is to provide teens (like our own!) with a body wash that leaves them feeling fresh and confident so they can focus on what really matters- every day. Ingredients: Water (Aqua), Cocamidopropyl Betaine, Sodium Cocoyl Glutamate, Disodium Cocoyl Glutamate, Musa Sapientum (Banana) Extract, Polysorbate-20, Sodium Lauroyl Sarcosinate, ^ Glycerin, Melaleuca Alternifolia (Tea Tree) Leaf Oil, Sea Salt (Sodium Chloride), Tetrasodium EDTA, Citric Acid, Allantoin, Bisabolol"
B07KD6XFQZ,12Pcs Round Soft Foam Sponge Hair Curlers Rollers Magic No Heat Sleeping Curling Accessories Hair Styling Tool for Women Girls (Red),,,,mollensiuer,12Pcs Round Soft Foam Sponge Hair Curlers Rollers Magic No Heat Sleeping Curling Accessories Hair Styling Tool for Women Girls (Red) mollensiuer
B07DLGQBF5,Becca Be A Light Palette (Medium to Deep),"This all-over face palette introduces their new Sheer Glow Filter Powder, designed with varying levels or pigment and pearl to let your natural skin shine through. Silky to the touch and formulated with Light Diffusing Technology, Sheer Glow Filter Powder acts as a real-life filter, visibly minimizing imperfections and evening skin tone to create a perfecting veil for a soft, natural finish. Each shade uses varying levels of pearl & color to blur, define and illuminate for the ultimate real-girl glow.",,78.49,BECCA,"Becca Be A Light Palette (Medium to Deep) BECCA This all-over face palette introduces their new Sheer Glow Filter Powder, designed with varying levels or pigment and pearl to let your natural skin shine through. Silky to the touch and formulated with Light Diffusing Technology, Sheer Glow Filter Powder acts as a real-life filter, visibly minimizing imperfections and evening skin tone to create a perfecting veil for a soft, natural finish. Each shade uses varying levels of pearl & color to blur, define and illuminate for the ultimate real-girl glow."
B00MGLADU8,Amazing Elegant Golden Earrings/Ear Studs In Butterfly Shapes Embellished With Colourful Rhinestones Gems Crystals By VAGA,"Pair of Beautiful Golden Butterfly Ear Studs Embellished With Colourful Rhinestones These golden VAGA earrings are sparkly, cute, simply irresistable!",,3.99,VAGA,"Amazing Elegant Golden Earrings/Ear Studs In Butterfly Shapes Embellished With Colourful Rhinestones Gems Crystals By VAGA VAGA Pair of Beautiful Golden Butterfly Ear Studs Embellished With Colourful Rhinestones These golden VAGA earrings are sparkly, cute, simply irresistable!"
B08WL67Y7W,"Polish Me Silly,Sea Me Glow- Neon Green Blue Yellow Gold ""Glow Pop Nail Polish Collection"" Multi-Color Shifting: Mylar Oil Slick, Vegan & Cruelty-Free Nail Polish, 0.5 Fl. Oz. (15 mL)","Sea Me Glow is GORGEOUS! It's a neon blue with a stunning Neon Green Blue Yellow Gold shine/shimmer throughout this polish. The primary color is a beautiful bright neon blue with a stunning Neon Green Blue Yellow Gold shimmer at all times and will shift throughout all the different colors listed as shown in the photos! It looks different in all different lighting situations... indoors and outdoors! This polish requires 2 to 3 thick coats to achieve your desired look without a basecoat. This polish is very smooth to the touch. Always finish your manicure with a great top coat! ***DISCLAIMER: THE COLORS/POLISHES IN THE PHOTOS ABOVE MAY BE ALTERED DUE TO LIGHTING, CAMERA QUALITY AND SATURATION. These photos represent a moment in time under special lighting conditions***♥ This listing is for ONE FULL SIZE (0.5 oz. / 15ml) bottle. ♥ All of our polishes are custom- blended and they have loose cosmetic-grade glitters, micas and colorants. They are 5 freeNO Dibutyl Phthalate (DBP)NO Formaldehyde and NO Toluene.",,,Polish Me Silly,"Polish Me Silly,Sea Me Glow- Neon Green Blue Yellow Gold ""Glow Pop Nail Polish Collection"" Multi-Color Shifting: Mylar Oil Slick, Vegan & Cruelty-Free Nail Polish, 0.5 Fl. Oz. (15 mL) Polish Me Silly Sea Me Glow is GORGEOUS! It's a neon blue with a stunning Neon Green Blue Yellow Gold shine/shimmer throughout this polish. The primary color is a beautiful bright neon blue with a stunning Neon Green Blue Yellow Gold shimmer at all times and will shift throughout all the different colors listed as shown in the photos! It looks different in all different lighting situations... indoors and outdoors! This polish requires 2 to 3 thick coats to achieve your desired look without a basecoat. This polish is very smooth to the touch. Always finish your manicure with a great top coat! ***DISCLAIMER: THE COLORS/POLISHES IN THE PHOTOS ABOVE MAY BE ALTERED DUE TO LIGHTING, CAMERA QUALITY AND SATURATION. These photos represent a moment in time under special lighting conditions***♥ This listing is for ONE FULL SIZE (0.5 oz. / 15ml) bottle. ♥ All of our polishes are custom- blended and they have loose cosmetic-grade glitters, micas and colorants. They are 5 freeNO Dibutyl Phthalate (DBP)NO Formaldehyde and NO Toluene."
B08CGV3RR9,Stamped Glorious Curly Ponytail Extensions for Black Women Synthetic Drawstring Ponytails with 2 Clips for Women Daily Party Use (T33#),,,,Stamped Glorious,Stamped Glorious Curly Ponytail Extensions for Black Women Synthetic Drawstring Ponytails with 2 Clips for Women Daily Party Use (T33#) Stamped Glorious
B07XYVPQQK,"T Part Lace Front Wig For Black Woman Lace Wig Human Hair Wig Brazilian Virgin Human Lace Front Wig Straight Bob Wig 613 Blonde Short Bob Wigs(8 inch, 613#)",,,,PLADIO,"T Part Lace Front Wig For Black Woman Lace Wig Human Hair Wig Brazilian Virgin Human Lace Front Wig Straight Bob Wig 613 Blonde Short Bob Wigs(8 inch, 613#) PLADIO"
B077MWYVLC,BIELENDA NEURO COLLAGEN 3 PEPTIDE CERAMIDES. ADVANCED BEAUTIFYING FACE SERUM. DAY/NIGHT. 1 FL OZ,,,35.0,Bielenda,BIELENDA NEURO COLLAGEN 3 PEPTIDE CERAMIDES. ADVANCED BEAUTIFYING FACE SERUM. DAY/NIGHT. 1 FL OZ Bielenda
B017A0PAFW,"COKOHAPPY Large Temporary Tattoo, Keep Calm Word",,,,COKOHAPPY,"COKOHAPPY Large Temporary Tattoo, Keep Calm Word COKOHAPPY"
B08VGYCWQ7,"CB 2 Pairs Set 3D Reusable Dual Magnetic Eyelashes Kit Natural Dramatic Volume False Eyelash Extensions, With Magnetic Lash Curler (Set-B)",,,,CaserBay,"CB 2 Pairs Set 3D Reusable Dual Magnetic Eyelashes Kit Natural Dramatic Volume False Eyelash Extensions, With Magnetic Lash Curler (Set-B) CaserBay"
B087CK2GB4,"White Tube, Eau de Toilette Spray for Men, Wonderful Gift, Classic Fragrance, Daytime and Casual Use, for all Skin Types, a Classic Bottle, 1.15 Fluid Ounce (Pack of 2)",,,,J & H VARIETY PERFUME,"White Tube, Eau de Toilette Spray for Men, Wonderful Gift, Classic Fragrance, Daytime and Casual Use, for all Skin Types, a Classic Bottle, 1.15 Fluid Ounce (Pack of 2) J & H VARIETY PERFUME"
B00X8CFLNS,STARDEL LASH BLACK SF FLARE SHORT 3PACK,,,,STARDEL,STARDEL LASH BLACK SF FLARE SHORT 3PACK STARDEL
B072N2JF9V,"Farmermaker Direcsil Face Shield Patch, Liquid Acne Pimple Cover 10ml, 0.33 fl. oz. ( x1 )",,,,Farmermaker,"Farmermaker Direcsil Face Shield Patch, Liquid Acne Pimple Cover 10ml, 0.33 fl. oz. ( x1 ) Farmermaker"
B07CMWX44V,Toycamp cupcake Lip Gloss 6 Piece Girls Birthday Party Favors Easter Egg Filler Stuffer Christmas Gift FDA Approved,,,,Toycamp,Toycamp cupcake Lip Gloss 6 Piece Girls Birthday Party Favors Easter Egg Filler Stuffer Christmas Gift FDA Approved Toycamp
B09BNDHBHF,"QrBxa 20 Pcs/Set Tattoo Lipstick Cotton Swab Lipstick, Lip Tattoo Lip Stain Lipstick Cotton Swab, Waterproof Long-Lasting Non-Stick Lipstick Cotton Swab Lip Tint, Easy to Carry(Haze Red)",,,,QrBxa,"QrBxa 20 Pcs/Set Tattoo Lipstick Cotton Swab Lipstick, Lip Tattoo Lip Stain Lipstick Cotton Swab, Waterproof Long-Lasting Non-Stick Lipstick Cotton Swab Lip Tint, Easy to Carry(Haze Red) QrBxa"
B00PZY165E,Genuine African Formula Leave On Conditioner & Moisturizer 8 oz,,,,Genuine African Formula,Genuine African Formula Leave On Conditioner & Moisturizer 8 oz Genuine African Formula
B004VH2OSO,Degree Deod Inv Sld Clean Size 2.7z Degree Ultra Dry Clean Invisible Stick Deodorant - Pack of 2,"Degree Deod Inv Sld Clean Size 2.7z Degree Ultra Dry Clean Invisible Stick Deodorant - Pack of 2 helps keeps you fresh and dry, no matter what. A men’s antiperspirant that offers 48-hour dry protection with a clean neutral scent and a slight hint of citrus. Whether you’re having a long day in the office, playing sport outdoors, or working out in the gym you can be confident you’ll be protected from sweat and body odor. Designed by experts to be activated by your body heat, Degree Clean is a men’s antiperspirant deodorant stick that works as hard as you do, keeping you dry when you need it most. As well as being highly effective, Degree Clean has a clean neutral scent that will keep you fresh all day. Keep comfortable and confident thanks to Degree Clean's long-lasting formula that is tough on sweat, but not on the skin. It comes in an easy-to-use applicator stick - you simply turn the dial to raise the stick, apply a thin layer to your underarms and you’re ready for anything. Stay dry, cool, and confident thanks to Degree Men Clean. A men’s antiperspirant stick that offers 48-hour dry protection with a clean neutral scent and a slight hint of citrus. Body heat-activated Degree Men Clean gives you long-lasting protection when you need it the most. Degree. It won’t let you down.",,,,"Degree Deod Inv Sld Clean Size 2.7z Degree Ultra Dry Clean Invisible Stick Deodorant - Pack of 2 Degree Deod Inv Sld Clean Size 2.7z Degree Ultra Dry Clean Invisible Stick Deodorant - Pack of 2 helps keeps you fresh and dry, no matter what. A men’s antiperspirant that offers 48-hour dry protection with a clean neutral scent and a slight hint of citrus. Whether you’re having a long day in the office, playing sport outdoors, or working out in the gym you can be confident you’ll be protected from sweat and body odor. Designed by experts to be activated by your body heat, Degree Clean is a men’s antiperspirant deodorant stick that works as hard as you do, keeping you dry when you need it most. As well as being highly effective, Degree Clean has a clean neutral scent that will keep you fresh all day. Keep comfortable and confident thanks to Degree Clean's long-lasting formula that is tough on sweat, but not on the skin. It comes in an easy-to-use applicator stick - you simply turn the dial to raise the stick, apply a thin layer to your underarms and you’re ready for anything. Stay dry, cool, and confident thanks to Degree Men Clean. A men’s antiperspirant stick that offers 48-hour dry protection with a clean neutral scent and a slight hint of citrus. Body heat-activated Degree Men Clean gives you long-lasting protection when you need it the most. Degree. It won’t let you down."
B06W2K5ZFX,ORGANIC Coconut Extracts Luxury SALT Scrub,,,17.99,Asquith & Somerset,ORGANIC Coconut Extracts Luxury SALT Scrub Asquith & Somerset
B0C5V83YMB,YouClean 300 Antibacterial Travel Hand Soap Sheets - Pocket/Purse/Wallet/Backpack -Great for Outdoor Camping or Daily Use (Tea Party) (Tea Party),"Brand: YouClean Item Form: Sheet Formulation: Concentrated plant-based soap Scent: Tea Party (Chamomile, Green Tea, Tea Tree) Package Box Size: 2 x 1 x 1.5 inch www.shopyouclean.com We are changing our packaging. No more small plastic cases! Our new packaging is 100% biodegradable paper. All 300 sheets are tightly packed in 3 tiny paper boxes (100 sheets/box) which nicely fit in any purse/wallet, handbag, and kids' pack-backs. Check out our 9 scent collections: - Tea Party - Citrus Collection - Purple Heart - Pink Pamper - Red Passion - Blanca Elegance - Seaside Vacation - The Adventure - The Nonsense (unscented)",,13.87,YouClean,"YouClean 300 Antibacterial Travel Hand Soap Sheets - Pocket/Purse/Wallet/Backpack -Great for Outdoor Camping or Daily Use (Tea Party) (Tea Party) YouClean Brand: YouClean Item Form: Sheet Formulation: Concentrated plant-based soap Scent: Tea Party (Chamomile, Green Tea, Tea Tree) Package Box Size: 2 x 1 x 1.5 inch www.shopyouclean.com We are changing our packaging. No more small plastic cases! Our new packaging is 100% biodegradable paper. All 300 sheets are tightly packed in 3 tiny paper boxes (100 sheets/box) which nicely fit in any purse/wallet, handbag, and kids' pack-backs. Check out our 9 scent collections: - Tea Party - Citrus Collection - Purple Heart - Pink Pamper - Red Passion - Blanca Elegance - Seaside Vacation - The Adventure - The Nonsense (unscented)"
B0B7WHWMC1,"Cica Relief Sun Essence - Vegan formula, SPF 50+ / PA +++, No white cast and Skin conditioning ingredients",,,,Dr.Althea,"Cica Relief Sun Essence - Vegan formula, SPF 50+ / PA +++, No white cast and Skin conditioning ingredients Dr.Althea"
B08543WQLC,Hempz Crisp Nectarine & White Wine Spritzer 6 oz,Hempz Crisp Nectarine & White Wine Spritzer 6 oz. Hempz Crisp Nectarine & White Wine Spritzer 6 oz.,,13.18,Hempz,Hempz Crisp Nectarine & White Wine Spritzer 6 oz Hempz Hempz Crisp Nectarine & White Wine Spritzer 6 oz. Hempz Crisp Nectarine & White Wine Spritzer 6 oz.
B0777W6C4X,"tweexy Wearable Nail Polish Holder Ring, Fingernail Painting Tool, Manicure and Pedicure Accessories (Bonbon Pink & Spa Green, 2-Pack)","TWO IS BETTER THAN ONE. Whether you’re torn between 2 colors or polishing with a friend, the Tweexy’s nail polish holder 2 pack gives you options. Narrow it down to 2 colors that fit your vibe, or someone else's. The soft silicone tool for nail care is a time saver that makes polishing an easy and mess-free activity. FITS ANY FINGERS & ALL BOTTLES. The flexible silicone rings on Tweexy’s nail polish accessory won’t squeeze your fingers. Wear the nail polish holder on the hand you're polishing for quick application, and put any size or shape bottle into the top opening. From teenagers to adults, all size hands will be complemented by the fitted design of our nail care accessory. 19 COLORFUL COMBOS. Paired to match or complement, everyone can find their personality in one of these nail care duos. With 19 colorful options to choose from, you can decide by yourself to gift, or choose your favorite pair of Tweexy wearable nail polish holders together. STOP GIFT-GUESSING. It’s time to take the guessing game out of buying gifts. The Tweexy wearable nail polish holder is made for the professionals and those just learning how to polish. No matter what age, the greatest gifts make life easier and more enjoyable. LIFETIME GUARANTEE. The nail polish holder ring is virtually indestructible. Tweexy offers a lifetime guarantee to promise this nail polish tool is the one you’ll always come back to. Accessorize and accent your life with a guaranteed life-simplifying nail-care combo package",,14.99,tweexy,"tweexy Wearable Nail Polish Holder Ring, Fingernail Painting Tool, Manicure and Pedicure Accessories (Bonbon Pink & Spa Green, 2-Pack) tweexy TWO IS BETTER THAN ONE. Whether you’re torn between 2 colors or polishing with a friend, the Tweexy’s nail polish holder 2 pack gives you options. Narrow it down to 2 colors that fit your vibe, or someone else's. The soft silicone tool for nail care is a time saver that makes polishing an easy and mess-free activity. FITS ANY FINGERS & ALL BOTTLES. The flexible silicone rings on Tweexy’s nail polish accessory won’t squeeze your fingers. Wear the nail polish holder on the hand you're polishing for quick application, and put any size or shape bottle into the top opening. From teenagers to adults, all size hands will be complemented by the fitted design of our nail care accessory. 19 COLORFUL COMBOS. Paired to match or complement, everyone can find their personality in one of these nail care duos. With 19 colorful options to choose from, you can decide by yourself to gift, or choose your favorite pair of Tweexy wearable nail polish holders together. STOP GIFT-GUESSING. It’s time to take the guessing game out of buying gifts. The Tweexy wearable nail polish holder is made for the professionals and those just learning how to polish. No matter what age, the greatest gifts make life easier and more enjoyable. LIFETIME GUARANTEE. The nail polish holder ring is virtually indestructible. Tweexy offers a lifetime guarantee to promise this nail polish tool is the one you’ll always come back to. Accessorize and accent your life with a guaranteed life-simplifying nail-care combo package"
B07SSFL9T5,CANMAKE Powder Cheeks PW43 Coral Hologram 4g,"Cheeks glimmering with light-polarizing pearl Coral♥ for the ultimate luster! PW43 Coral Hologram Pearl Type Coral with alluring light-polarizing pearl Smooth and moist oil in cheek Oil-In-Base Formula ● Contains fresh moisturize powder, which makes your skin moisturize with smooth and silky texture. Formulation designed to cling to your cheeks!!! ● Contains a long-lasting effect powder you can be sure your cheeks will keep looking soft and cute, absorbing extra sebum. Contains 8 types of beautifying and moisturizing agents ♡ Hyaluronic acid, glycerin, ectoin, squalane, grapeseed oil, honey, royal jelly extract, and apple fruit extract",,10.0,CANMAKE,"CANMAKE Powder Cheeks PW43 Coral Hologram 4g CANMAKE Cheeks glimmering with light-polarizing pearl Coral♥ for the ultimate luster! PW43 Coral Hologram Pearl Type Coral with alluring light-polarizing pearl Smooth and moist oil in cheek Oil-In-Base Formula ● Contains fresh moisturize powder, which makes your skin moisturize with smooth and silky texture. Formulation designed to cling to your cheeks!!! ● Contains a long-lasting effect powder you can be sure your cheeks will keep looking soft and cute, absorbing extra sebum. Contains 8 types of beautifying and moisturizing agents ♡ Hyaluronic acid, glycerin, ectoin, squalane, grapeseed oil, honey, royal jelly extract, and apple fruit extract"
B01DTU7VM2,Patriotic Paws - Waterslide Nail Decals,Create Nail Designs in less than a minute with these decals!,,4.19,Boston Nail Art,Patriotic Paws - Waterslide Nail Decals Boston Nail Art Create Nail Designs in less than a minute with these decals!
B0813F6K6X,"ROSALIND Christmas Gel Nail Polish for Nails, Soak Off UV Green Red Gel Kit Required Gel Base Top Coat LED Nail Lamp",,,,ROSALIND,"ROSALIND Christmas Gel Nail Polish for Nails, Soak Off UV Green Red Gel Kit Required Gel Base Top Coat LED Nail Lamp ROSALIND"
B017J17QQ8,"Caress Body Wash, Pure Embrace 12 oz","Want to feel irresistible every day? Revel in the feeling of soft silky skin with Caress Pure Embrace Body Wash. Infused with a symphony of white flower extracts and almond oil, indulge yourself in its luxurious lather, composed by the world’s best perfume experts. Caress Pure Embrace is an indulgent and pampering body wash that blends rich, luxurious lather with expertly crafted fine fragrance. It is the body wash that Gently cleanses and leaves skin delicately fragrant, beautifully soft. Sink into the silky touch of Caress Pure Embrace, a delicately scented body wash infused with the scent of fragrant white flowers and pampering almond oil. White floral notes tantalize the senses before opening up to seductive base notes of vanilla to round out and soften the scent to create a beautifully complex perfume that lingers on your skin. Make your daily shower one to remember as you delight in the fine fragrance of white flowers infused with almond oil and enjoy the lavish lather of Caress Pure Embrace. Indulge in this exquisite combination of fragrance and softness meant to wrap you in a soft embrace that delivers irresistibly silky and exquisitely perfumed skin. Caress body wash and beauty bar fragrances are crafted by the world’s best perfumers to transform your daily shower into an indulging experience that will make you feel special every day?",,,Unilever,"Caress Body Wash, Pure Embrace 12 oz Unilever Want to feel irresistible every day? Revel in the feeling of soft silky skin with Caress Pure Embrace Body Wash. Infused with a symphony of white flower extracts and almond oil, indulge yourself in its luxurious lather, composed by the world’s best perfume experts. Caress Pure Embrace is an indulgent and pampering body wash that blends rich, luxurious lather with expertly crafted fine fragrance. It is the body wash that Gently cleanses and leaves skin delicately fragrant, beautifully soft. Sink into the silky touch of Caress Pure Embrace, a delicately scented body wash infused with the scent of fragrant white flowers and pampering almond oil. White floral notes tantalize the senses before opening up to seductive base notes of vanilla to round out and soften the scent to create a beautifully complex perfume that lingers on your skin. Make your daily shower one to remember as you delight in the fine fragrance of white flowers infused with almond oil and enjoy the lavish lather of Caress Pure Embrace. Indulge in this exquisite combination of fragrance and softness meant to wrap you in a soft embrace that delivers irresistibly silky and exquisitely perfumed skin. Caress body wash and beauty bar fragrances are crafted by the world’s best perfumers to transform your daily shower into an indulging experience that will make you feel special every day?"
B07LD62HVC,"16"" Straight Drawstring Ponytail Hair Extensions Human Hair Ponytail Extension Ribbon Clip in Ponytails Hairpiece 80g",,,,JFFX,"16"" Straight Drawstring Ponytail Hair Extensions Human Hair Ponytail Extension Ribbon Clip in Ponytails Hairpiece 80g JFFX"
B08RBDB6ZT,Crewmate Temporary Tattoos | Imposter - Red is Sus - Emergency Meeting - Trust No One - Sabotage - Shhhh! & more | Pack of 28 | MADE IN THE USA | Skin Safe | Party Supplies & Stocking Stuffers | Removable,"Long-lasting and waterproof this set of 28 skin-safe temporary tattoos is the perfect party supply for your favorite spaceship murder betrayal video game themed activity or celebration. This pack includes 2 each of 2 of each including Imposter - Red is Sus - Crewmate - Trust No One - Sabotage - Report - Kill Report - Shhhh! - Kill - Ghost & more. Our large 2” x 2” tattoos are individually printed with your convenience in mind, no cutting required! Perfect for pool and beach parties, classrooms, sleepovers and birthday parties these tattoos can be dropped into kids party goodie bags or scattered on the table as fun decorations and rewards. Our temporary tattoos can also be applied to glass, paper and plastic to accessorize your party. Proudly made in the USA with skin-safe ingredients our tattoos are easy to use, 1. Clean and dry skin. 2. Remove the protective clear sheet. 3. Place face down on the skin. 4. Hold a wet paper towel on top for 30 seconds. 5. Carefully peel off the paper and admire your new artwork! Our temporary tattoos can last 5-7 days and are easy to remove with baby oil or makeup remover or with our Temporary Tattoo Removal Wipes (sold separately).",,6.95,Fashiontats,"Crewmate Temporary Tattoos | Imposter - Red is Sus - Emergency Meeting - Trust No One - Sabotage - Shhhh! & more | Pack of 28 | MADE IN THE USA | Skin Safe | Party Supplies & Stocking Stuffers | Removable Fashiontats Long-lasting and waterproof this set of 28 skin-safe temporary tattoos is the perfect party supply for your favorite spaceship murder betrayal video game themed activity or celebration. This pack includes 2 each of 2 of each including Imposter - Red is Sus - Crewmate - Trust No One - Sabotage - Report - Kill Report - Shhhh! - Kill - Ghost & more. Our large 2” x 2” tattoos are individually printed with your convenience in mind, no cutting required! Perfect for pool and beach parties, classrooms, sleepovers and birthday parties these tattoos can be dropped into kids party goodie bags or scattered on the table as fun decorations and rewards. Our temporary tattoos can also be applied to glass, paper and plastic to accessorize your party. Proudly made in the USA with skin-safe ingredients our tattoos are easy to use, 1. Clean and dry skin. 2. Remove the protective clear sheet. 3. Place face down on the skin. 4. Hold a wet paper towel on top for 30 seconds. 5. Carefully peel off the paper and admire your new artwork! Our temporary tattoos can last 5-7 days and are easy to remove with baby oil or makeup remover or with our Temporary Tattoo Removal Wipes (sold separately)."
B07FBYY9LD,"Vaupan Nail Clippers Set Manicure Pedicure Tools, 18 Pieces Professional Stainless Steel Fingernail Cutter & Grooming Kit, Gift for Men & Women with Portable Travel Leather Case (Red)",,,,Vaupan,"Vaupan Nail Clippers Set Manicure Pedicure Tools, 18 Pieces Professional Stainless Steel Fingernail Cutter & Grooming Kit, Gift for Men & Women with Portable Travel Leather Case (Red) Vaupan"
B0166R6XBU,"Bath Accessories Ice Bag, Bicycles","Bath Accessories Company Company Ice bag, bicycles",,,BATH ACCESSORIES,"Bath Accessories Ice Bag, Bicycles BATH ACCESSORIES Bath Accessories Company Company Ice bag, bicycles"
B09MF7XKPR,24Pcs Butterfly Hair Clips Dreadlock Accessories- Gold Dreadlock Charms Accessories- Butterfly Barid Clips with Shiny Rhinestones- Gold Hair Accessories for Women Girls Braids Party,,,,MADHOLLY,24Pcs Butterfly Hair Clips Dreadlock Accessories- Gold Dreadlock Charms Accessories- Butterfly Barid Clips with Shiny Rhinestones- Gold Hair Accessories for Women Girls Braids Party MADHOLLY
B083TPC3HN,"Easy Hair Coloring, mise en scene Hello Bubble Foam Color Dark Brown [3NT Dark Choco], Self Care DIY Hair Coloring Amore Pacific","Easy Hair Coloring, mise en scene Hello Bubble Foam Color Dark Brown [3NT Dark Choco], Self Care DIY Hair Coloring Amore Pacific.",,12.5,Mise En Scene,"Easy Hair Coloring, mise en scene Hello Bubble Foam Color Dark Brown [3NT Dark Choco], Self Care DIY Hair Coloring Amore Pacific Mise En Scene Easy Hair Coloring, mise en scene Hello Bubble Foam Color Dark Brown [3NT Dark Choco], Self Care DIY Hair Coloring Amore Pacific."
B07CJQSG5M,Plexaderm Collagen Peptide Firming Serum,,,,Plexaderm,Plexaderm Collagen Peptide Firming Serum Plexaderm
B016ZES556,Vivo Per Lei Dead Sea Minerals Cell-Renewing Night Cream 1.7 fl.oz./50 mL with a Jarosa Bee Organic Peppermint Lip Balm,,,,Vivo Per Lei & Jarosa Mr. MOTH,Vivo Per Lei Dead Sea Minerals Cell-Renewing Night Cream 1.7 fl.oz./50 mL with a Jarosa Bee Organic Peppermint Lip Balm Vivo Per Lei & Jarosa Mr. MOTH
B0978NWY6R,Body Wave Lace Frontal human hair Wigs 24 Inch Brazilian Virgin Lace Closure Wigs 4x4 Pre Plucked 150% Density Body Wave Human Hair For Black Women Natural Color(24inch，body wigs),,,,Fongly,Body Wave Lace Frontal human hair Wigs 24 Inch Brazilian Virgin Lace Closure Wigs 4x4 Pre Plucked 150% Density Body Wave Human Hair For Black Women Natural Color(24inch，body wigs) Fongly
B07X9L2XZT,"Tongcloud 12 pcs Multi-Purpose Cotton Canvas Zipper Bags Invoice Bill Bag Pen Pencil Cosmetic Makeup Bag Pouch Blank DIY Craft Bag (7.9x4 inches, Natural)",,,,Tongcloud,"Tongcloud 12 pcs Multi-Purpose Cotton Canvas Zipper Bags Invoice Bill Bag Pen Pencil Cosmetic Makeup Bag Pouch Blank DIY Craft Bag (7.9x4 inches, Natural) Tongcloud"
B08PNXDY6F,Goldfinch Straight Ombre Human Hair 3 Bundles Ombre Brazilian Straight Hair Bundls 1b/30 Two Tones Ombre Brown Human Virgin Hair Bundles 10 10 10 Inches,,,,Goldfinch,Goldfinch Straight Ombre Human Hair 3 Bundles Ombre Brazilian Straight Hair Bundls 1b/30 Two Tones Ombre Brown Human Virgin Hair Bundles 10 10 10 Inches Goldfinch
B07HPC9TLX,Buffing Granules Daily Exfoliating Cleanser - Scrub Away Dead Skin Cells & Stimulates Collagen Production by Newport Cosmeceuticals,"Gently removes dead skin cells and prepares for maximum penetration of key raw materials, while accelerating the turnover rate of fresh cells to stimulate collagen and elastin production. Buffing Granules will leave skin with a fresh, younger feeling texture and a smooth healthy glow and enhance the absorption properties of our moisturizers and rejuvenation products. With Newport Cosmeceuticals, you are about to experience the most scientifically advanced skin care system available today. Our formulations have been proven to achieve and accelerate dramatic, lasting results. Because our formulations are paramedical, physician quality products , the potency and level of ingredients are far superior to anything available in drug or department stores.Newport Cosmeceuticals was founded in 1996 by Andrew Bryden. During his tenure, he spearheaded the organization’s development of a complete anti-aging skin care line for a nationally renowned medical firm. A good face wash should be gentle enough for all skin types because, let’s face it, your skin is not just one type. It can fluctuate from dry to oily depending on different factors. You need a natural face wash that can adapt to your changing skin, not the other way around. But don’t be fooled–gentle doesn’t mean ineffective. Our facial cleanser for women and men is powerful enough to dissolve impurities embedded deep within the pores. And its small molecular structure can access your skin’s deeper layers, unlike an ordinary face wash or acne cleanser. Our face cleaner has a non-greasy quality that soothes and pacifies aggravated skin. It’s an investment in your skin.",,,Newport Cosmeceuticals,"Buffing Granules Daily Exfoliating Cleanser - Scrub Away Dead Skin Cells & Stimulates Collagen Production by Newport Cosmeceuticals Newport Cosmeceuticals Gently removes dead skin cells and prepares for maximum penetration of key raw materials, while accelerating the turnover rate of fresh cells to stimulate collagen and elastin production. Buffing Granules will leave skin with a fresh, younger feeling texture and a smooth healthy glow and enhance the absorption properties of our moisturizers and rejuvenation products. With Newport Cosmeceuticals, you are about to experience the most scientifically advanced skin care system available today. Our formulations have been proven to achieve and accelerate dramatic, lasting results. Because our formulations are paramedical, physician quality products , the potency and level of ingredients are far superior to anything available in drug or department stores.Newport Cosmeceuticals was founded in 1996 by Andrew Bryden. During his tenure, he spearheaded the organization’s development of a complete anti-aging skin care line for a nationally renowned medical firm. A good face wash should be gentle enough for all skin types because, let’s face it, your skin is not just one type. It can fluctuate from dry to oily depending on different factors. You need a natural face wash that can adapt to your changing skin, not the other way around. But don’t be fooled–gentle doesn’t mean ineffective. Our facial cleanser for women and men is powerful enough to dissolve impurities embedded deep within the pores. And its small molecular structure can access your skin’s deeper layers, unlike an ordinary face wash or acne cleanser. Our face cleaner has a non-greasy quality that soothes and pacifies aggravated skin. It’s an investment in your skin."
B07RW78DS8,Nylon Headbands for Baby Girls – Craft DIY Hair Bows – Bulk Wholesale Bands - Nylon Headband Interchangeable,"THE PERFECT BABY BOW STARTS WITH THE PERFECT HEADBAND. Whether you craft homemade baby bows and hair accessories for a living, or simply handcraft cute styles for your own children, you deserve a headband that won't stretch out or leave horrible red marks on sensitive little heads. Don't sacrifice quality, choose a Cherubb headband instead! ✔ ️ EASY TO CLEAN Our premium nylon headbands are easy to clean and care for. If they get dirty, simply hand wash gently using warm soap and water and let air dry. That's it! ✔ ️ ONE SIZE FITS ALL Our universal premium nylon headbands stretch to fit virtually any size head which means your bows and hair accessories can grow with your child for years to come! ✔ ️ GENTLE ON SKIN Don't cut corners with lower quality headbands. Cherubb premium nylon headbands are super soft and comfortable and won't leave red marks on the sensitive skin of newborns like most lower quality bands will. ✔ ️ DURABLE Our headbands are made to withstand the bustle of daily wear. They are super stretchy and hold their shape and elasticity without easily stretching out or getting runs. ✔ ️ 100% MONEY BACK GUARANTEE If for any reason you are unhappy with your purchase we will refund your entire order, no questions asked!",,32.99,Cherubb,"Nylon Headbands for Baby Girls – Craft DIY Hair Bows – Bulk Wholesale Bands - Nylon Headband Interchangeable Cherubb THE PERFECT BABY BOW STARTS WITH THE PERFECT HEADBAND. Whether you craft homemade baby bows and hair accessories for a living, or simply handcraft cute styles for your own children, you deserve a headband that won't stretch out or leave horrible red marks on sensitive little heads. Don't sacrifice quality, choose a Cherubb headband instead! ✔ ️ EASY TO CLEAN Our premium nylon headbands are easy to clean and care for. If they get dirty, simply hand wash gently using warm soap and water and let air dry. That's it! ✔ ️ ONE SIZE FITS ALL Our universal premium nylon headbands stretch to fit virtually any size head which means your bows and hair accessories can grow with your child for years to come! ✔ ️ GENTLE ON SKIN Don't cut corners with lower quality headbands. Cherubb premium nylon headbands are super soft and comfortable and won't leave red marks on the sensitive skin of newborns like most lower quality bands will. ✔ ️ DURABLE Our headbands are made to withstand the bustle of daily wear. They are super stretchy and hold their shape and elasticity without easily stretching out or getting runs. ✔ ️ 100% MONEY BACK GUARANTEE If for any reason you are unhappy with your purchase we will refund your entire order, no questions asked!"
B08L4RQ3MV,Tecbeauty 4pcs Glass Nail Dishes for Liquid Acrylic Powder Dappen Dish Cup Bowl with Lid,,,,Tecbeauty,Tecbeauty 4pcs Glass Nail Dishes for Liquid Acrylic Powder Dappen Dish Cup Bowl with Lid Tecbeauty
B08ND729SK,Sofeiyan Clip in Bangs Hair Extensions Fringe Bangs off Black Clip on Bangs Synthetic Hair Natural Flat Bangs Hairpiece with Temple One Piece for Women Girls,,,,SOFEIYAN,Sofeiyan Clip in Bangs Hair Extensions Fringe Bangs off Black Clip on Bangs Synthetic Hair Natural Flat Bangs Hairpiece with Temple One Piece for Women Girls SOFEIYAN
B085Y57C8G,"Human Hair Ponytail Extensions 80g #1 Jet Black 100% Remy Human Hair Wrap Around Long Ponytail Clip in Hair Extensions Straight One Piece Hairpiece (22, Copper Red)",,,,FAAAL,"Human Hair Ponytail Extensions 80g #1 Jet Black 100% Remy Human Hair Wrap Around Long Ponytail Clip in Hair Extensions Straight One Piece Hairpiece (22, Copper Red) FAAAL"
B07WXPMB38,"LaaVoo 14"" Straight Tape in Hair Extensions 100% Real Human Hair Balayage Ombre Color Ash Brown Fading Ash Blonde to Platinum Blonde Seamless Skin Weft Glue in Hair 20pcs/50g",,,,LAAVOO,"LaaVoo 14"" Straight Tape in Hair Extensions 100% Real Human Hair Balayage Ombre Color Ash Brown Fading Ash Blonde to Platinum Blonde Seamless Skin Weft Glue in Hair 20pcs/50g LAAVOO"
B08ZCGKGHR,Vivilly Coffin Fake Nails Long Glossy Ballerinas False Nails Gradual Change Clips Press on Nails for Women and Girls (Orange&Yellow),,,,Vivilly,Vivilly Coffin Fake Nails Long Glossy Ballerinas False Nails Gradual Change Clips Press on Nails for Women and Girls (Orange&Yellow) Vivilly
B09FDTDK3G,DoDo Premium Easy Fan Volume Lashes Extensions| Rapid Blooming Eyelash Extension .03/.05/.07mm C/D/CC/DD Curl Self Fanning Lashes Tray Soft Matte Application-Friendly,,,,Dodo,DoDo Premium Easy Fan Volume Lashes Extensions| Rapid Blooming Eyelash Extension .03/.05/.07mm C/D/CC/DD Curl Self Fanning Lashes Tray Soft Matte Application-Friendly Dodo
B01IRX4X4K,Wet N Wild Fergie Photo Focus Studio Eyeshadow Palette A226 Milano Collections,,,,wet n wild,Wet N Wild Fergie Photo Focus Studio Eyeshadow Palette A226 Milano Collections wet n wild
B089Q6KLHS,"Iteryn Detangling Brush Set with Edge Brush for Hair Textured, Detangler Brush for 3a to 4c Kinky Wavy Curly Coily Wet Dry Oil Thick Long Hair Easy Detangle for Men, Women, Kids (BLACK&PINK)",,,,Iteryn,"Iteryn Detangling Brush Set with Edge Brush for Hair Textured, Detangler Brush for 3a to 4c Kinky Wavy Curly Coily Wet Dry Oil Thick Long Hair Easy Detangle for Men, Women, Kids (BLACK&PINK) Iteryn"
B07LGZF4YV,"Beard Grooming Kit for Men Care - 100% Organic Unscented Beard Oil, Beard Shampoo, Beard Brush, Wooden Beard Comb, Mustache & Beard Balm Butter Wax Gift Set (beard wash kit)",,,,Wild Man Tame Beard,"Beard Grooming Kit for Men Care - 100% Organic Unscented Beard Oil, Beard Shampoo, Beard Brush, Wooden Beard Comb, Mustache & Beard Balm Butter Wax Gift Set (beard wash kit) Wild Man Tame Beard"
B07BXHZLV4,Remy Human Hair Pieces Front Clip in Hair #1B Natural Black Fringe Hair Extensions with Hair Temples,,,,,Remy Human Hair Pieces Front Clip in Hair #1B Natural Black Fringe Hair Extensions with Hair Temples
B07KFRJYPJ,"Daisy Fuentes, Mud Facial Mask with Hydrating Vitamin C",,,,Daisy Fuentes,"Daisy Fuentes, Mud Facial Mask with Hydrating Vitamin C Daisy Fuentes"
B08B2Q6BJ7,Charlotte Tilbury Airbrush Bronzer 03 Tan,,,40.99,CHARLOTTE TILBURY,Charlotte Tilbury Airbrush Bronzer 03 Tan CHARLOTTE TILBURY
B08HN147NV,Drawstring Ponytail Extensions Human Hair Kinky Curly Drawstring Ponytail With Wrap Extensions Natural Color For Black Women 3C 4A Kinky Curly Hair Piece Clip in Ponytail Hair (18inch 100gram),,,,Ornate Hair,Drawstring Ponytail Extensions Human Hair Kinky Curly Drawstring Ponytail With Wrap Extensions Natural Color For Black Women 3C 4A Kinky Curly Hair Piece Clip in Ponytail Hair (18inch 100gram) Ornate Hair
B07MMB6T1B,"BESTOOL Hair Brush-Vented Styling Brush for Blow Drying, Wooden Handle with Nylon Bristle Brushes for Men & Women Detangling and Blowout, Ideal for Curly, thick, long and Damage Hair (Dense Bristles)",,,,BESTOOL,"BESTOOL Hair Brush-Vented Styling Brush for Blow Drying, Wooden Handle with Nylon Bristle Brushes for Men & Women Detangling and Blowout, Ideal for Curly, thick, long and Damage Hair (Dense Bristles) BESTOOL"
B00TISI070,"32oz African Shea Butter 100% Pure Unrefined Raw Shea Butter, From Ghana (Gold or Ivory) (Gold)",,,,,"32oz African Shea Butter 100% Pure Unrefined Raw Shea Butter, From Ghana (Gold or Ivory) (Gold)"
B07FQG965K,Stretch Mask & Scar Removal Cream for Pregnancy Remove Acne Scars with Natural Herbal Extracts Anti Cellulite and Stretch Marks Remover Massage Safe for All Skin Types,,,,Lantique,Stretch Mask & Scar Removal Cream for Pregnancy Remove Acne Scars with Natural Herbal Extracts Anti Cellulite and Stretch Marks Remover Massage Safe for All Skin Types Lantique
B07BMD3BCW,Quick Drying Gel Application Tool & Brush,,,,Free Ship Deal ARBrend,Quick Drying Gel Application Tool & Brush Free Ship Deal ARBrend
B07G2P4K7D,MAC Shape + Shade Brow Tint Lingering,,,45.6,M.A.C,MAC Shape + Shade Brow Tint Lingering M.A.C
B0798PTV19,Cream balm for foot with an extract of the leech 75 ml,,,,Elixir,Cream balm for foot with an extract of the leech 75 ml Elixir
B010X7D7X6,"DFX Hair (TM) 8~30 inches Brazilian Virgin Human Hair Extension Body Wave, Natural Color (14)",,,,DFX Hair,"DFX Hair (TM) 8~30 inches Brazilian Virgin Human Hair Extension Body Wave, Natural Color (14) DFX Hair"
B08J3QLHXG,K'ryssma Fashion Ombre Grey Lace Front Wigs with Purple Roots Long Straight Ombre Synthetic Wig with Specially Designed Y Parting 24 inches,,,,K'ryssma,K'ryssma Fashion Ombre Grey Lace Front Wigs with Purple Roots Long Straight Ombre Synthetic Wig with Specially Designed Y Parting 24 inches K'ryssma
B018IVD9FK,"Hawaiian Drink It Up Leave - In Conditioning Mist Coconut Milk, 8 oz (Pack of 3) by Alba Botanica",,,,Alba Botanica,"Hawaiian Drink It Up Leave - In Conditioning Mist Coconut Milk, 8 oz (Pack of 3) by Alba Botanica Alba Botanica"
B07YRN53DK,LiangDian 9A Brazilian Deep Wave 3 Bundles with Closure 100% Unprocessed Human Hair Deep Curly Bundles with 4×4 Lace Closure Free Part Natural Color (16 18 20 + 14),,,,Liang Dian,LiangDian 9A Brazilian Deep Wave 3 Bundles with Closure 100% Unprocessed Human Hair Deep Curly Bundles with 4×4 Lace Closure Free Part Natural Color (16 18 20 + 14) Liang Dian
B08WF29DM9,"TULA Probiotic Skin Care Supersize 24-7 Moisture Hydrating Day & Night Cream | Holiday 2020, Ageless is the New Anti-Aging, Face Cream, Contains Watermelon Fruit and Blueberry Extract | 3.4 oz",,,,TULA,"TULA Probiotic Skin Care Supersize 24-7 Moisture Hydrating Day & Night Cream | Holiday 2020, Ageless is the New Anti-Aging, Face Cream, Contains Watermelon Fruit and Blueberry Extract | 3.4 oz TULA"
B072JC1JV2,"15 Sheet Metallic Temporary Tattoos - 300+ Shimmer Design Tattoo Gold ,Sliver and Black - Flowers, Elephants,Cross, Skull and Bracelets For Girls Kids Adult",,,,,"15 Sheet Metallic Temporary Tattoos - 300+ Shimmer Design Tattoo Gold ,Sliver and Black - Flowers, Elephants,Cross, Skull and Bracelets For Girls Kids Adult"
B00F77LG8G,"Genuine Czech, Etched, Crystal Glass, Classy Blue/purple,Manicure/pedicure Files-set of 3",,,,Mont Bleu,"Genuine Czech, Etched, Crystal Glass, Classy Blue/purple,Manicure/pedicure Files-set of 3 Mont Bleu"
B07F5TJZQ7,"RufnTop Pocket Palm Hair Brushes, Shampoo Beard Comb, Massager, Short Hair Cat, Dog Grooming Easel Display (12 Pieces, 3 Fingers or over-Finger)",,,,RufnTop,"RufnTop Pocket Palm Hair Brushes, Shampoo Beard Comb, Massager, Short Hair Cat, Dog Grooming Easel Display (12 Pieces, 3 Fingers or over-Finger) RufnTop"
B082V9GSMD,3D Mink Eyelashes Long Type 100% Siberian Mink Fur False Eyelashes Natural Layered Effect Hand Made Strips Eyelashes Reusable Make Up Real Fake Eyelashes 1 Pair (3D510),,,,yellow girl,3D Mink Eyelashes Long Type 100% Siberian Mink Fur False Eyelashes Natural Layered Effect Hand Made Strips Eyelashes Reusable Make Up Real Fake Eyelashes 1 Pair (3D510) yellow girl
B00JZK3A1M,BESDATA Nail Art Tool Manicure & Pedicure Kit 110V / 220V Electric Nail Drill File Ideal for Beauty Salon and Household - 36 Drill Bits + 56 Sanding Bands + Pedal - White - MS202,,,,AivmolIk,BESDATA Nail Art Tool Manicure & Pedicure Kit 110V / 220V Electric Nail Drill File Ideal for Beauty Salon and Household - 36 Drill Bits + 56 Sanding Bands + Pedal - White - MS202 AivmolIk
B01AY42P36,VAGA Belly Button Rings Stainless Steel Jewelry Silver Bellyring/Navel/Bellybutton Piercing/Bananabell With Pearls/Beads and Starfish Cute Trendy Rings,,,3.99,VAGA,VAGA Belly Button Rings Stainless Steel Jewelry Silver Bellyring/Navel/Bellybutton Piercing/Bananabell With Pearls/Beads and Starfish Cute Trendy Rings VAGA
B083SL4BTW,"Lace Front Wigs Human Hair NOBILITY Hair 13x4 Lace Frontal Wigs Brazilian 100% Unprocessed Virgin Human Hair Wigs With Baby Hair for Black Women (16 18 20+14 Inch, Staright 3 Bundles with Closure)",,,,NOBILITY,"Lace Front Wigs Human Hair NOBILITY Hair 13x4 Lace Frontal Wigs Brazilian 100% Unprocessed Virgin Human Hair Wigs With Baby Hair for Black Women (16 18 20+14 Inch, Staright 3 Bundles with Closure) NOBILITY"
B07CF9R32T,"Neutrogena Lightweight Body Oil Moisturizer for Dry Skin, Light Sesame Formula, 16 oz & Sheer Moisturizing Body Oil Lotion with Light Sesame Formula, 32 oz",,,,,"Neutrogena Lightweight Body Oil Moisturizer for Dry Skin, Light Sesame Formula, 16 oz & Sheer Moisturizing Body Oil Lotion with Light Sesame Formula, 32 oz"
B074YHVN5D,"Yeshan Rhinestone and Crystal Small Jaw Claw Hair Clip,Metal Butterfly Design Barrettes for Women,pack of 6.",,,,,"Yeshan Rhinestone and Crystal Small Jaw Claw Hair Clip,Metal Butterfly Design Barrettes for Women,pack of 6."
B00454W6XG,Sally Hansen Nail Prisms - Golden Tourmaline #29,,,11.99,Sally Hansen,Sally Hansen Nail Prisms - Golden Tourmaline #29 Sally Hansen
B011CS35QE,Josie Maran Model Citizen 100% Argan Oil 1.7oz Limited Edition Africa Red Rooibos Scent,,,,Josie Maran,Josie Maran Model Citizen 100% Argan Oil 1.7oz Limited Edition Africa Red Rooibos Scent Josie Maran
B082WYQWGF,Vasaana Natural Beeswax Coconut Oil and Shea Body Butter for Skin,,,,Vasaana,Vasaana Natural Beeswax Coconut Oil and Shea Body Butter for Skin Vasaana
B099RRLL72,"One Step Eyebrow Stamp Shaping Kit，Professional Brow Powder Stamp Makeup with 24 Reusable Eyebrow Stencils , Long Lasting Buildable Eyebrow Makeup (Gray-brown)",,,,KKINYAS,"One Step Eyebrow Stamp Shaping Kit，Professional Brow Powder Stamp Makeup with 24 Reusable Eyebrow Stencils , Long Lasting Buildable Eyebrow Makeup (Gray-brown) KKINYAS"
B01DM4ROS6,"CHuangQi Mouse Ears Headbands (Set of 2), Black Sequin Ear Headbands for Boys and Girls Birthday Party or Celebrations & Event",,,,CHuangQi,"CHuangQi Mouse Ears Headbands (Set of 2), Black Sequin Ear Headbands for Boys and Girls Birthday Party or Celebrations & Event CHuangQi"
B078JJW9GV,"COSRX Low pH PHA Barrier Mist, 75ml",,,,COSRX,"COSRX Low pH PHA Barrier Mist, 75ml COSRX"
B004H8ZKWE,Stargazer Glitter Lipstick - Glitter Silver by Stargazer Enterprises,,,6.01,,Stargazer Glitter Lipstick - Glitter Silver by Stargazer Enterprises
B0007CHJGY,"Zia Natural Skincare Ultimate Body Butter, 6 oz","Discover why our customers cannot get enought of this product. This rich, luxurious cream uses shea and mango butters to lavish the skin with moisture. A blend of organic botanicals including aloe, chamomile and ginko biloba, soothe dry, irritated skin and aid cell repair. Green tea, rosehip seed and essential oils are added to fight damage and promote cellular regeneration. Great for elbows, feet, and other areas prone to dry skin",,,Zia,"Zia Natural Skincare Ultimate Body Butter, 6 oz Zia Discover why our customers cannot get enought of this product. This rich, luxurious cream uses shea and mango butters to lavish the skin with moisture. A blend of organic botanicals including aloe, chamomile and ginko biloba, soothe dry, irritated skin and aid cell repair. Green tea, rosehip seed and essential oils are added to fight damage and promote cellular regeneration. Great for elbows, feet, and other areas prone to dry skin"
B00T5KQAUU,Multi-purpose Big Head Loose Powder Brush Blush Foundation Makeup Short,,,,Generic,Multi-purpose Big Head Loose Powder Brush Blush Foundation Makeup Short Generic
B099PLWWQY,Sinyanail 52 Pcs 3D Metal Nail Studs Decoration Gold Capital English Letters and Rhinestone DIY Designs Supplies for Women Gril (silver),,,,sinyanail,Sinyanail 52 Pcs 3D Metal Nail Studs Decoration Gold Capital English Letters and Rhinestone DIY Designs Supplies for Women Gril (silver) sinyanail
B071PCCMFF,"【Promotion】Full Shine 24""Seamless Skin Weft Hair Extension Ombre Tape Hair Extensions Balayage Hair Extensions Color #2 Fading to #6 and #18 Ash Blonde Highlighted Tape Hair Extensions50g 20 Pcs",,,,,"【Promotion】Full Shine 24""Seamless Skin Weft Hair Extension Ombre Tape Hair Extensions Balayage Hair Extensions Color #2 Fading to #6 and #18 Ash Blonde Highlighted Tape Hair Extensions50g 20 Pcs"
B08SGXFM81,FANXITON 20 Pairs False Eyelashes 4 Styles Mixed Fluffy Long Lashes 3D Volume Faux Mink Fake Lashes Pack,,,,FANXITON,FANXITON 20 Pairs False Eyelashes 4 Styles Mixed Fluffy Long Lashes 3D Volume Faux Mink Fake Lashes Pack FANXITON
B075FMD915,"YUZHU Human Hair Bundles Loose Wave 18"" 20"" 22"" 100% Unprocessed 8A Peruvian Loose Wave Hair Bundles Remy Virgin Hair Extensions Natural Color 300g",,,,YU ZHU,"YUZHU Human Hair Bundles Loose Wave 18"" 20"" 22"" 100% Unprocessed 8A Peruvian Loose Wave Hair Bundles Remy Virgin Hair Extensions Natural Color 300g YU ZHU"
B07QD4NS2H,Hair Chalk - 6 Pcs Temporary Hair Chalk Comb Hair Dye For Halloween Celebration Make Up Party Cosplay And Diy Non-toxic And Easily Washable Adults (hair chalk),,,,LADES,Hair Chalk - 6 Pcs Temporary Hair Chalk Comb Hair Dye For Halloween Celebration Make Up Party Cosplay And Diy Non-toxic And Easily Washable Adults (hair chalk) LADES
B09X8SWWTY,"Marge Blue, Curly Beehive Costume Wig",Funny Marge Wig. Very tall beehive curly blue costume wig.,,,City Costume Wigs,"Marge Blue, Curly Beehive Costume Wig City Costume Wigs Funny Marge Wig. Very tall beehive curly blue costume wig."
B079ZC4BSW,Xenia Paris XP Twist 2″ Inch Clipless Ceramic Professional Curling Iron with Glove,"Barrels : 2""Inch Ceramic Adjustable Digital Temperature Display with Programmable Auto Shut-off Dual-voltage 110-220V Lifetime Warranty Including Heat-resistant glove",,,Xenia Paris,"Xenia Paris XP Twist 2″ Inch Clipless Ceramic Professional Curling Iron with Glove Xenia Paris Barrels : 2""Inch Ceramic Adjustable Digital Temperature Display with Programmable Auto Shut-off Dual-voltage 110-220V Lifetime Warranty Including Heat-resistant glove"
B00YE966A6,Tobacco Vanille 100ml by TRiBUTE8,"A smooth Oriental, Tobacco Vanille opens immediately with opulent essences of Tobacco Leaf and aromatic spice notes. The heart unfolds with creamy Tonka Bean, Tobacco Flower, Vanilla and Cocoa, and finishes with a dry fruit accord, enriched with Sweet Wood Sap.",,19.9,TRiBUTE8,"Tobacco Vanille 100ml by TRiBUTE8 TRiBUTE8 A smooth Oriental, Tobacco Vanille opens immediately with opulent essences of Tobacco Leaf and aromatic spice notes. The heart unfolds with creamy Tonka Bean, Tobacco Flower, Vanilla and Cocoa, and finishes with a dry fruit accord, enriched with Sweet Wood Sap."
B083NXF32H,Goldfinch Straight Ombre Bundles with Closure Brazilian Ombre Brown Human Hair Bundles with Lace Closure 1b/30 Black to Medium Auburn Brown Straight Remy Virgin Hair 14 16 18 + 12,,,,Goldfinch,Goldfinch Straight Ombre Bundles with Closure Brazilian Ombre Brown Human Hair Bundles with Lace Closure 1b/30 Black to Medium Auburn Brown Straight Remy Virgin Hair 14 16 18 + 12 Goldfinch
B0192BX5WC,Anthocyanin Hair Manicure Color Second Edition 230g/ 8.1 OZ (Y02 MUSTARD YELLOW) - Semi Permanent Hair Dye Green - Tempting Hair Color - UV Protection - Plant Protein,,,18.6,Sarangsae,Anthocyanin Hair Manicure Color Second Edition 230g/ 8.1 OZ (Y02 MUSTARD YELLOW) - Semi Permanent Hair Dye Green - Tempting Hair Color - UV Protection - Plant Protein Sarangsae
B06XFY9HZY,Colourpop Super Shock Cheek Highlighter (Tie Dye - Whipped),,,,Colourpop,Colourpop Super Shock Cheek Highlighter (Tie Dye - Whipped) Colourpop
B011954TM4,Travel Cylinder Makeup Bag Wash Toiletry Bag Case Pouch Bathroom Organizer with a Small Storage Bag,,,,BXT,Travel Cylinder Makeup Bag Wash Toiletry Bag Case Pouch Bathroom Organizer with a Small Storage Bag BXT
B07ZCHM9SL,Bomb Twist Crochet Hair 5 Packs Crochet Spring Twist Hair Pre-looped Crochet Braids Synthetic Hair Extension Passion Twist Hair Ombre 16 Inch Braiding Hair Water Wave Hair Curly Braiding Hair,,,,ShowCoco,Bomb Twist Crochet Hair 5 Packs Crochet Spring Twist Hair Pre-looped Crochet Braids Synthetic Hair Extension Passion Twist Hair Ombre 16 Inch Braiding Hair Water Wave Hair Curly Braiding Hair ShowCoco
B077D8QM6K,"NOOK NO YELLOW""THE SERVICE COLOR"" SILVER SHAMPOO 300 ML.",..,,,QLV,"NOOK NO YELLOW""THE SERVICE COLOR"" SILVER SHAMPOO 300 ML. QLV .."
B0147I957O,Annie Hard Curved Bristles Wave Brush 2330 Blue,,,6.99,Annie,Annie Hard Curved Bristles Wave Brush 2330 Blue Annie
B07BFB8R8M,"Puddinghair Straight Brazilian hair 3 Bundles with Closure Natural Black Color 100% Unprocessed Human Hair Bundles (12""14""16""+Closure12"",Free Part)",,,,Puddinghair,"Puddinghair Straight Brazilian hair 3 Bundles with Closure Natural Black Color 100% Unprocessed Human Hair Bundles (12""14""16""+Closure12"",Free Part) Puddinghair"
B096TRNWS6,DIY Eyelash Extension Kit EYELASH EVOLUTION Natural Cluster Lashes 12mm 14mm Effect Remover Dual End Bond BOND GLUE Glass Coating brush Individual Lash 24 Clusters (Kit-Lash×2+Multi Functional Set),,,,EYELASH EVOLUTION,DIY Eyelash Extension Kit EYELASH EVOLUTION Natural Cluster Lashes 12mm 14mm Effect Remover Dual End Bond BOND GLUE Glass Coating brush Individual Lash 24 Clusters (Kit-Lash×2+Multi Functional Set) EYELASH EVOLUTION
B01KH0HQLS,Belle Nail Drill White Electric Manicure Pedicure File Machine Upgraded with Anti-scald Handpiece for Salon Use Acylic Nail Tool Kit,,,,Belle,Belle Nail Drill White Electric Manicure Pedicure File Machine Upgraded with Anti-scald Handpiece for Salon Use Acylic Nail Tool Kit Belle
B08JVGGGZ7,"Tweezers for Women, 4 Pcs Tweezer Set for Ingrown Hair Removal, Lash Tweezers, Hair Plucking Daily Beauty Tool with Leather Case",,,,zYoung,"Tweezers for Women, 4 Pcs Tweezer Set for Ingrown Hair Removal, Lash Tweezers, Hair Plucking Daily Beauty Tool with Leather Case zYoung"
B08JPPKZXF,"Hair Scarf Scrunchies Organizer, Hanging Hair Ribbon Bow Scrunchies Holder, Hair Ties Bowknot Ponytail Storage Display Stand for Women Girls (colorful)",,,,PACMAXI,"Hair Scarf Scrunchies Organizer, Hanging Hair Ribbon Bow Scrunchies Holder, Hair Ties Bowknot Ponytail Storage Display Stand for Women Girls (colorful) PACMAXI"
B01H837M70,2-Pack Makeup Brush Bag Pencil Case Eye Liner Pouch Cord Organizer Vinyl Zipper Wallet Passport Case,,,,,2-Pack Makeup Brush Bag Pencil Case Eye Liner Pouch Cord Organizer Vinyl Zipper Wallet Passport Case
B01497J64U,100% Authentic Incoco Nail Polish 16 Double-ended Strips By It's a Nail - Yacht Party,,,,It's a Nail,100% Authentic Incoco Nail Polish 16 Double-ended Strips By It's a Nail - Yacht Party It's a Nail
B09B593RM5,14 Pieces Carbide Nail Drill Bits Set 3/32 Inch Diamond Nail Drill Bits with Exquisite Storage Box for Acrylic Gel Polish Nails Manicure Pedicure Nail Bits for Nail Drill Set,,,,Honoson,14 Pieces Carbide Nail Drill Bits Set 3/32 Inch Diamond Nail Drill Bits with Exquisite Storage Box for Acrylic Gel Polish Nails Manicure Pedicure Nail Bits for Nail Drill Set Honoson
B075C775ZD,New! Wonder Arms - Arm Upper Body Workout Machine As Seen On TV!!!,"With the magic of Wonder Arms, you can target and tone your triceps, biceps, and more. This easy-to-use tool makes use of dynamic resistance to burn calories and refine your muscle tone whether you're an athlete or a beginner",,,Wonder Arms,"New! Wonder Arms - Arm Upper Body Workout Machine As Seen On TV!!! Wonder Arms With the magic of Wonder Arms, you can target and tone your triceps, biceps, and more. This easy-to-use tool makes use of dynamic resistance to burn calories and refine your muscle tone whether you're an athlete or a beginner"
B07SNPQMXB,Aysekone 2 Pcs/Set Women's Hair Braiding Tools Black Magic Hair Twist Styling Clip Braider Roller Bun Maker DIY Hairstyle Styling Accessory,,,,Aysekone,Aysekone 2 Pcs/Set Women's Hair Braiding Tools Black Magic Hair Twist Styling Clip Braider Roller Bun Maker DIY Hairstyle Styling Accessory Aysekone
B089K3923P,"Yebeauty Heat Resistant Gloves, 2 Pairs 4 Pack Barber Heat Resistant Protector Gloves for Hair Styling Curling Flat Iron - Black + Blue",,,,Yebeauty,"Yebeauty Heat Resistant Gloves, 2 Pairs 4 Pack Barber Heat Resistant Protector Gloves for Hair Styling Curling Flat Iron - Black + Blue Yebeauty"
B07C1M5KRZ,"Oil Blotting Sheets, Teenitor Natural Blotting Paper for Face, Top Handy Oil Absorbing Tissues for Oily Skin Care or Make Up, 300 Counts",,,,Teenitor,"Oil Blotting Sheets, Teenitor Natural Blotting Paper for Face, Top Handy Oil Absorbing Tissues for Oily Skin Care or Make Up, 300 Counts Teenitor"
B08GZWJVR4,Nueva Crema Hidratante para Manos y Pies Asperos Elimina las Grietas RECOMENDADO,,,16.98,dongjing,Nueva Crema Hidratante para Manos y Pies Asperos Elimina las Grietas RECOMENDADO dongjing
B07D293LTR,"Face Gems, Ynredee 2 Set Women Mermaid Rave Festival Glitter, Rhinestone Temporary Tattoo Face Jewels Crystals Face Stickers Eyebrow Face Body Jewelry for Halloween, Christmas, All Saints' Day",,,,Ynredee,"Face Gems, Ynredee 2 Set Women Mermaid Rave Festival Glitter, Rhinestone Temporary Tattoo Face Jewels Crystals Face Stickers Eyebrow Face Body Jewelry for Halloween, Christmas, All Saints' Day Ynredee"
B08L3QKHRJ,"PÜR Disappearing Ink 4-in-1 Brightening Concealer Pen, Hydrates to Smooth Lines & Wrinkles, Cruelty & BPA free",,,24.0,,"PÜR Disappearing Ink 4-in-1 Brightening Concealer Pen, Hydrates to Smooth Lines & Wrinkles, Cruelty & BPA free"
B07R5S9WGC,"SUSULU 24pcs Chiffon Scrunchies for Hair Elastic Ties Rubber Band Ponytail Holder for Women Accessories, Striped Polka Dot Check Plaid Printed Hair Band","Material: Chiffon Fabric Inner Diameter of hair scrunchies: 1.4 inches Outer Diameter of hair scrunchies chiffon: 4.3 inches Quantity of hair scrunchies for girls: 24 pieces NOTE: 1.Due to the monitor and light brightness, there may be color difference between the picture and item you will be received, please understand. 2.Please allow 0.3-0.7 in size error due to manual measurement.",,,SUSULU,"SUSULU 24pcs Chiffon Scrunchies for Hair Elastic Ties Rubber Band Ponytail Holder for Women Accessories, Striped Polka Dot Check Plaid Printed Hair Band SUSULU Material: Chiffon Fabric Inner Diameter of hair scrunchies: 1.4 inches Outer Diameter of hair scrunchies chiffon: 4.3 inches Quantity of hair scrunchies for girls: 24 pieces NOTE: 1.Due to the monitor and light brightness, there may be color difference between the picture and item you will be received, please understand. 2.Please allow 0.3-0.7 in size error due to manual measurement."
B003YKWXM6,Chance by Chanel,"Launched by the design house of Chanel in 2002, CHANEL CHANCE by Chanel is classified as a flowery fragrance. This feminine scent posesses a blend of: a refined blend of jasmine and citrus. It is recommended for daytime wear.",,,CHANEL,"Chance by Chanel CHANEL Launched by the design house of Chanel in 2002, CHANEL CHANCE by Chanel is classified as a flowery fragrance. This feminine scent posesses a blend of: a refined blend of jasmine and citrus. It is recommended for daytime wear."
B00NNLWGXW,10pcs Woman Clear Acrylic Nose Bone Studs Rings Retainers Body Piercing Jewelry,Features: Brand new and high quality. It is simple desgin. Material : Acrylic. Bar Length: 15mm. Bar Width: 0.8mm. Ball Size: 3mm . Package Included: 10 x Nose Rings NO Retail Box. Packed Safely in Bubble Bag.,,,Hittime,10pcs Woman Clear Acrylic Nose Bone Studs Rings Retainers Body Piercing Jewelry Hittime Features: Brand new and high quality. It is simple desgin. Material : Acrylic. Bar Length: 15mm. Bar Width: 0.8mm. Ball Size: 3mm . Package Included: 10 x Nose Rings NO Retail Box. Packed Safely in Bubble Bag.
B07V8GH8D7,BOBBI BROWN SKIN FOUNDATION STICK .31 OZ / 9 g - COOL NATURAL,Customize your level of coverage or use as a spot concealer on the go—this multitasker does it all.,,24.99,Bobbi Brown,BOBBI BROWN SKIN FOUNDATION STICK .31 OZ / 9 g - COOL NATURAL Bobbi Brown Customize your level of coverage or use as a spot concealer on the go—this multitasker does it all.
B00I8B2286,"Colgate 360 Optic White Sonic Power Toothbrush, Full Head Medium (Pack of 12)","Want results? Count on this powerful toothbrush for a beautiful, radiant, white smile! With its dual-action head, you can now get a brush that both polishes and shines your teeth, while getting the clean you expect from a vibrating toothbrush.",,,Colgate,"Colgate 360 Optic White Sonic Power Toothbrush, Full Head Medium (Pack of 12) Colgate Want results? Count on this powerful toothbrush for a beautiful, radiant, white smile! With its dual-action head, you can now get a brush that both polishes and shines your teeth, while getting the clean you expect from a vibrating toothbrush."
B09JC2GTVD,"Makeup Sponge Set , Foundation Round Makeup Blender Sponges , Mini Egg Beauty Blenders, Flawless for Cream, Powder Makeup Sponges (Green)",,,4.5,TIANG,"Makeup Sponge Set , Foundation Round Makeup Blender Sponges , Mini Egg Beauty Blenders, Flawless for Cream, Powder Makeup Sponges (Green) TIANG"
B07GTQVVDJ,Osea Ocean Cleanser .6 oz,,,17.95,OSEA,Osea Ocean Cleanser .6 oz OSEA
B007D7FU8K,Sol Sunguard Bluewater SPF 36 32 oz Pump Bottle,,,,SOL Sunguard,Sol Sunguard Bluewater SPF 36 32 oz Pump Bottle SOL Sunguard
B086H1VGC9,"instayum Women's Perfume Spray - Bubbly Berry, 1.7 oz 50 mL - Darling and Delectable Fragrance with the Notes of Champagne and Frozen Raspberry - Tru Fragrance & Beauty",instayum is a fragrance made for Foodies who appreciate the delicacies of a good bite. This fragrance translates the foodie experience into a fine fragrance with the notes of Champagne and Frozen Raspberry.,,27.99,Tru Fragrance & Beauty,"instayum Women's Perfume Spray - Bubbly Berry, 1.7 oz 50 mL - Darling and Delectable Fragrance with the Notes of Champagne and Frozen Raspberry - Tru Fragrance & Beauty Tru Fragrance & Beauty instayum is a fragrance made for Foodies who appreciate the delicacies of a good bite. This fragrance translates the foodie experience into a fine fragrance with the notes of Champagne and Frozen Raspberry."
B07JCDP7KV,Nivea Lip Care Watermelon 0.17 Ounce Carded (6 Pieces),,,18.99,NIVEA,Nivea Lip Care Watermelon 0.17 Ounce Carded (6 Pieces) NIVEA
B08BC5MMT1,Chennie Spa Headbands Sequins Elastic Bowknot Makeup Hair Bands Washing Face HeadWraps For Women And Girls (2PCS) (Blue&Pink),,,,Chennie,Chennie Spa Headbands Sequins Elastic Bowknot Makeup Hair Bands Washing Face HeadWraps For Women And Girls (2PCS) (Blue&Pink) Chennie
B092396HPQ,Magic Collection 3 in 1 Edge Brush (3 Pack),"A 3 in 1 Edge Brush (3 Pack). Perfect for any edge control gel application, Two types of end for versatile use. Enough to help smooth the edges, clean the hair, fits for baby hairs, temples and hairs. It can refine the appearance of your hair, arrange the messy edges and make hairs smooth. Smooth yet firm when brushing, the bristles don't tug or scratch your skin. Use it to help sculpt short, unruly baby hairs and tame flyaways near your hairline for a neat and polished look.",,,Magic Collection,"Magic Collection 3 in 1 Edge Brush (3 Pack) Magic Collection A 3 in 1 Edge Brush (3 Pack). Perfect for any edge control gel application, Two types of end for versatile use. Enough to help smooth the edges, clean the hair, fits for baby hairs, temples and hairs. It can refine the appearance of your hair, arrange the messy edges and make hairs smooth. Smooth yet firm when brushing, the bristles don't tug or scratch your skin. Use it to help sculpt short, unruly baby hairs and tame flyaways near your hairline for a neat and polished look."
B08GSKKXHM,5 Pcs 3D Mask Bracket Holder Inner Support Mouth And Nose Protection lipstick Support Frame Nose Increase Breathing Smoothly,,,,KDRose,5 Pcs 3D Mask Bracket Holder Inner Support Mouth And Nose Protection lipstick Support Frame Nose Increase Breathing Smoothly KDRose
B08BG6J5H3,Professional Pedicure Tools Set 15PCS Foot Care Pedicure Kit Dead Skin Remover And Nail File Foot Rasp Tools Set for Men/Women With Storage Box.,,,,Generies,Professional Pedicure Tools Set 15PCS Foot Care Pedicure Kit Dead Skin Remover And Nail File Foot Rasp Tools Set for Men/Women With Storage Box. Generies
B07MDHZTTX,"100 Pack Disposable Eyelash Brushes tools, Mascara Wands Brushes Eyebrow Applicator Makeup Brush Kits (Black Handle- Rose Red Head)",,,,Homabachyco,"100 Pack Disposable Eyelash Brushes tools, Mascara Wands Brushes Eyebrow Applicator Makeup Brush Kits (Black Handle- Rose Red Head) Homabachyco"
B005YJ3KBI,6 Cherimoya Nail Polish Remover Pads,""" HANASCAR Professional Silicone Scar Removal Sheets is indicated for use in improving the appearance of raised and discolored scarring and damaged skin, brings you a beauty and fresh skin . Each silicon sheet is self-adhesive, with clear, see-through backing for easy, convenient use anywhere on the body. HANASCAR Professional Silicone Scar Removal Sheets is clinically proven to significantly improve the appearance for both old and new scars from acne scars to Hypertrophic Scars. Silicone scar sheets work to hydrate and soften the scar size, reduces collagen buildup to shrink and flatten the scar. How to use: Wash and dry existing scars or newly healed wound area.Tear the paper packet and remove the scar sheet.Bend the scar dressing to reveal the split in the clear protective liner.Peel away the protective liner from the adhesive silicone gel.Apply silicon sheet with adhesive silicone gel side down, toward the scar, completely covering the scar area.Remove, wash, rinse and dry silicon sheet daily. Reapply. Duration of Therapy: 8 weeks for new scars, 3 - 6 months for existing scars. Ideal for: - Keloid Scars and Hypertrophic Scars- C-Section Scars & Stretch Marks- Insect Bites scars- Surgery scars- Burn scars- Acne scars- Cosmetic procedures scars """,,,HANASCAR,"6 Cherimoya Nail Polish Remover Pads HANASCAR "" HANASCAR Professional Silicone Scar Removal Sheets is indicated for use in improving the appearance of raised and discolored scarring and damaged skin, brings you a beauty and fresh skin . Each silicon sheet is self-adhesive, with clear, see-through backing for easy, convenient use anywhere on the body. HANASCAR Professional Silicone Scar Removal Sheets is clinically proven to significantly improve the appearance for both old and new scars from acne scars to Hypertrophic Scars. Silicone scar sheets work to hydrate and soften the scar size, reduces collagen buildup to shrink and flatten the scar. How to use: Wash and dry existing scars or newly healed wound area.Tear the paper packet and remove the scar sheet.Bend the scar dressing to reveal the split in the clear protective liner.Peel away the protective liner from the adhesive silicone gel.Apply silicon sheet with adhesive silicone gel side down, toward the scar, completely covering the scar area.Remove, wash, rinse and dry silicon sheet daily. Reapply. Duration of Therapy: 8 weeks for new scars, 3 - 6 months for existing scars. Ideal for: - Keloid Scars and Hypertrophic Scars- C-Section Scars & Stretch Marks- Insect Bites scars- Surgery scars- Burn scars- Acne scars- Cosmetic procedures scars """
B09NVN6WTC,Soap & Glory The Big Pink Collection Gift Set,Includes 6 items,,,Generic,Soap & Glory The Big Pink Collection Gift Set Generic Includes 6 items
B08K2QFDZD,Outyua Glossy Rainbow Colored Press on Nails Stiletto Colorful Fake Nails with Designs Acrylic Full Cover False Nails for Women and Girls 20 Pcs,,,,Outyua,Outyua Glossy Rainbow Colored Press on Nails Stiletto Colorful Fake Nails with Designs Acrylic Full Cover False Nails for Women and Girls 20 Pcs Outyua
B09P59K9GG,Self Adhesive Eyelashes Reusable Fluffy Wispy Natural False Lashes 3 Styles Pack Easy to Apply no Glue No Eyeliner Self Stick Lashes by Yawamica,,,,Yawamica,Self Adhesive Eyelashes Reusable Fluffy Wispy Natural False Lashes 3 Styles Pack Easy to Apply no Glue No Eyeliner Self Stick Lashes by Yawamica Yawamica
B07PRKKHRX,Eyebrow Tattoo Pen Waterproof Microblading Eyebrow Pencil with Micro-Fork Tip Brow Tint Tattoo Eyes Makeup Natural Hair-Like Defined Brows All Day (Black),"Description: Our tattoo eyebrow pen utilizes an innovative four tips design that glides smoothly to create the most natural-looking and polished eyebrows. The intense color payoff and waterproof formula ensure that your eyebrows remain gorgeous all day long. You can count on this tattoo eyebrow pen to draw beautiful daytime to nighttime looks for every occasion. Your eyebrows will look fuller, more polished and defined. No smudging No fading Easy to apply Easy to remove Waterproof Long Lasting Natural Looking Color: 01Chestnut/02Brown/03Dark Grey/04Black Note: 1.Keep the cap tight and store it upright to prevent dry. 2.When in use, upside down and let the tip receive liquid. Package included: 1 x Liquid eyebrow pen",,,ROMOSS,"Eyebrow Tattoo Pen Waterproof Microblading Eyebrow Pencil with Micro-Fork Tip Brow Tint Tattoo Eyes Makeup Natural Hair-Like Defined Brows All Day (Black) ROMOSS Description: Our tattoo eyebrow pen utilizes an innovative four tips design that glides smoothly to create the most natural-looking and polished eyebrows. The intense color payoff and waterproof formula ensure that your eyebrows remain gorgeous all day long. You can count on this tattoo eyebrow pen to draw beautiful daytime to nighttime looks for every occasion. Your eyebrows will look fuller, more polished and defined. No smudging No fading Easy to apply Easy to remove Waterproof Long Lasting Natural Looking Color: 01Chestnut/02Brown/03Dark Grey/04Black Note: 1.Keep the cap tight and store it upright to prevent dry. 2.When in use, upside down and let the tip receive liquid. Package included: 1 x Liquid eyebrow pen"
B00157BTMU,ABSORBANT Disposable Wee Wee PUPPYUNDERPADS 23x24 100/CS,"23x24 PUPPY PADS WEEWEE TRAINING UNDERPADS 100/CASE NEW UNERPADS PACKED 100 PER CASE....GRAET FOR POTTY TRAINING PUPPY'S CHANGING PADS FOR BABYS....OR INCONTINENT USE. First Quality Pads For Puppies & Incontinent Dogs (also great for bird cages, hamsters, ferrets, bunnies and kitty litter boxes too!)",,,HENITAR,"ABSORBANT Disposable Wee Wee PUPPYUNDERPADS 23x24 100/CS HENITAR 23x24 PUPPY PADS WEEWEE TRAINING UNDERPADS 100/CASE NEW UNERPADS PACKED 100 PER CASE....GRAET FOR POTTY TRAINING PUPPY'S CHANGING PADS FOR BABYS....OR INCONTINENT USE. First Quality Pads For Puppies & Incontinent Dogs (also great for bird cages, hamsters, ferrets, bunnies and kitty litter boxes too!)"
B01G83S1F8,FUMUD Bridal Crystal Rhinestone Tiara Crowns Princess kings crown Pageant Prom Rhinestone Headband Wedding Hair Accessory（4.5''),,,,FUMUD,FUMUD Bridal Crystal Rhinestone Tiara Crowns Princess kings crown Pageant Prom Rhinestone Headband Wedding Hair Accessory（4.5'') FUMUD
B0182Y1IUG,"Healing Clay Mud Mask for Deep Pore Cleansing - Best Face Mask for Acne, Oily Skin & Blackheads - Reduces Wrinkles & Minimizes Pores - Organic and Natural Skin Cleanser & Therapeutic Spa Mask – 2oz",,,,Derma-nu Miracle Skin Remedies,"Healing Clay Mud Mask for Deep Pore Cleansing - Best Face Mask for Acne, Oily Skin & Blackheads - Reduces Wrinkles & Minimizes Pores - Organic and Natural Skin Cleanser & Therapeutic Spa Mask – 2oz Derma-nu Miracle Skin Remedies"
B004Q8ASRC,Sculpt & Tone - 8 oz.,,,,,Sculpt & Tone - 8 oz.
B086SK8KF1,"fani Dreadlock Curly Synthetic Wig Short Braided Twist Wig with Adjustable Elastic Band for African American Women (6 Inch, Black)",,,,fani,"fani Dreadlock Curly Synthetic Wig Short Braided Twist Wig with Adjustable Elastic Band for African American Women (6 Inch, Black) fani"
B08C7BCB6P,Extra Long Silky Satin Bonnet Sleep Cap Long Bonnet Cap for Braids Hair Loose Cap (Black),small,,9.9,SuperiMan,Extra Long Silky Satin Bonnet Sleep Cap Long Bonnet Cap for Braids Hair Loose Cap (Black) SuperiMan small
B01MT6FPWO,"Lanyi Hair Free Part Human Hair Lace Closure Brazilian Hair Straight 130% Density Natural Black Color 20""",,,,,"Lanyi Hair Free Part Human Hair Lace Closure Brazilian Hair Straight 130% Density Natural Black Color 20"""
B01MZ4IMKE,1Set(5PCS) Portable Professional Stainless Steel Remove Blackheads Tweezers Picking Acne Tools Squeeze Acne Extractor Pins Tools Remover for Face Skin Care with a Plastic Box(Gold),,,,Elandy,1Set(5PCS) Portable Professional Stainless Steel Remove Blackheads Tweezers Picking Acne Tools Squeeze Acne Extractor Pins Tools Remover for Face Skin Care with a Plastic Box(Gold) Elandy
B08JCZH7XW,"OULAC Shine to Shine Velvet Matte Lipstick, Long Lasting Creamy Formula, Opaque Finish, Vegan Friendly, 3.6 grams / 0.12 ounces, Cranberries (Y09)",,,,Oulac,"OULAC Shine to Shine Velvet Matte Lipstick, Long Lasting Creamy Formula, Opaque Finish, Vegan Friendly, 3.6 grams / 0.12 ounces, Cranberries (Y09) Oulac"
B086V16PX2,Replacement Wire for Halo Hair Extensions 2 Pieces 9inch Stretched to 13-14inch Black JoYoung Halo Hair Extension Fish Line Wire,,,,JoYoung,Replacement Wire for Halo Hair Extensions 2 Pieces 9inch Stretched to 13-14inch Black JoYoung Halo Hair Extension Fish Line Wire JoYoung
B08SPXF6XD,"EMIT - Massage and Body Lotion Contains Jojoba, Aloe, Vitamin E - Vegan Gluten Free Cream Lotion - Sensitive Skin - Recover, Rejuvenate, Hydrate, Refreshen Dry Crack Skin (Olive, 80ml (2.7 fl oz)","Our body lotion is a light but effective non-greasy lotion that has been specially formulated to help maintain your skin's natural moisture level. The nourishing formula locks in moisture leaving you with noticeably smoother and more hydrated skin. Developed to help relieve the symptoms of those suffering from dermatological skin conditions, the Optima Allergenic range contains naturally sourced, hypoallergenic ingredients in formulations which are non-greasy, easy to apply and work quickly to reduce the risk of allergic reaction, while helping to lock in moisture. The soothing lotion deeply moisturizes your body and face after the first application. Its gentle texture means it is easily applied and absorbs quickly into your skin, leaving it looking healthier, soothed and cared for. The skin compatibility dermatologically approved lotion can also be used as a cleanser and is suitable for daily use. The combination of caring ingredients into a rich, creamy body lotion delivers intense moisture to your skin and prevents it from drying out throughout the day. Restore, Rejuvenate, and replenish with our lotion formula. A Moisturizer will help keep your skin looking and feeling great and will also work to protect you from external agents in the environment. A quickly penetrating hand and body lotion designed to increase moisture retention in the skin and help prevent aging of the skin. Contains no sulphates or parabens and suitable for vegans. Product Benefits: A lightweight body lotion that leaves skin moisture for 24 hours. Essential for maintaining skin barrier function and preventing water loss from the skin. The body lotion actively moisturizes dry, sensitive skin and is gentle enough for everyday use. Formulated to help care for and protect you, all our products are Dermatologist tested. Helps to keep the skin in perfect balance. Package Included:",,,Ollacy,"EMIT - Massage and Body Lotion Contains Jojoba, Aloe, Vitamin E - Vegan Gluten Free Cream Lotion - Sensitive Skin - Recover, Rejuvenate, Hydrate, Refreshen Dry Crack Skin (Olive, 80ml (2.7 fl oz) Ollacy Our body lotion is a light but effective non-greasy lotion that has been specially formulated to help maintain your skin's natural moisture level. The nourishing formula locks in moisture leaving you with noticeably smoother and more hydrated skin. Developed to help relieve the symptoms of those suffering from dermatological skin conditions, the Optima Allergenic range contains naturally sourced, hypoallergenic ingredients in formulations which are non-greasy, easy to apply and work quickly to reduce the risk of allergic reaction, while helping to lock in moisture. The soothing lotion deeply moisturizes your body and face after the first application. Its gentle texture means it is easily applied and absorbs quickly into your skin, leaving it looking healthier, soothed and cared for. The skin compatibility dermatologically approved lotion can also be used as a cleanser and is suitable for daily use. The combination of caring ingredients into a rich, creamy body lotion delivers intense moisture to your skin and prevents it from drying out throughout the day. Restore, Rejuvenate, and replenish with our lotion formula. A Moisturizer will help keep your skin looking and feeling great and will also work to protect you from external agents in the environment. A quickly penetrating hand and body lotion designed to increase moisture retention in the skin and help prevent aging of the skin. Contains no sulphates or parabens and suitable for vegans. Product Benefits: A lightweight body lotion that leaves skin moisture for 24 hours. Essential for maintaining skin barrier function and preventing water loss from the skin. The body lotion actively moisturizes dry, sensitive skin and is gentle enough for everyday use. Formulated to help care for and protect you, all our products are Dermatologist tested. Helps to keep the skin in perfect balance. Package Included:"
B07SYY1162,"Hair Straightening Brush 3.0, Buture Mini Hair Straightener Brush Negative ion Ceramic Iron Hair Brush Fast Heat Hot Brush Travel Size Anti-scald MCH 110-240V Auto Off Temperature Lock (Black)",,,,BuTure,"Hair Straightening Brush 3.0, Buture Mini Hair Straightener Brush Negative ion Ceramic Iron Hair Brush Fast Heat Hot Brush Travel Size Anti-scald MCH 110-240V Auto Off Temperature Lock (Black) BuTure"
B00YQTQ9I8,Ownsig 1Pair Lady Crystal Flower Rhinestone Earrings Front anf Back Ear Stud,,,,Hithop,Ownsig 1Pair Lady Crystal Flower Rhinestone Earrings Front anf Back Ear Stud Hithop
B01J4JB3WG,"Radha Beauty Organic Beard Oil & Leave-In Conditioner 2 oz with Argan Oil - 100% Pure & Natural - Perfect for moisturizing Beard, Mustache, Face and Skin",,,,,"Radha Beauty Organic Beard Oil & Leave-In Conditioner 2 oz with Argan Oil - 100% Pure & Natural - Perfect for moisturizing Beard, Mustache, Face and Skin"
B07SKJSD9S,Ohana Mahaalo Silky & Moist Fragrance Shampoo - Halia nohea,,,,Ohana Mahaalo,Ohana Mahaalo Silky & Moist Fragrance Shampoo - Halia nohea Ohana Mahaalo
B075H2WPXN,"MARLOWE. No. 021 Body Soufflé 8 oz | Soft, Creamy, Light Whipped Lotion | Hydrating Dry Skin Cream | Clean, Natural Scent",,,,MARLOWE. M BLEND,"MARLOWE. No. 021 Body Soufflé 8 oz | Soft, Creamy, Light Whipped Lotion | Hydrating Dry Skin Cream | Clean, Natural Scent MARLOWE. M BLEND"
B01IW03FLU,"Nyx Professional Makeup Full Throttle Shadow Stick, Graphic Con, FTSS05",,,7.69,NYX PROFESSIONAL MAKEUP,"Nyx Professional Makeup Full Throttle Shadow Stick, Graphic Con, FTSS05 NYX PROFESSIONAL MAKEUP"
B0777QHNLR,"OxygenCeuticals 360 Eye Perfection Duo, Advanced Anti-Aging Eye Treatment Set, 2 Products, Eye Cream 35ml/18 oz & Eye Gel Serum 15ml/0.5 oz, Visibly Reduce Under-Eye Bags, Puffiness, Wrinkles, Dark Circles, Fine Lines & Crow's Feet, for Women & Men","💧 EYE CREAM & EYE SERUM FOR MEN AND WOMEN - This is a complete eye care kit for your aging skin. A rich, fast-absorbing eye care set developed in Korea targets five types of wrinkles that appear around the delicate eye area, including lid creases, crow’s feet, and fine lines caused by puffiness. 💧 ANTI AGING EYE CARE - Our gentle eye care kit helps immediately moisturize and fill wrinkles, minimizing the appearance of fine lines, bags under the eyes. An anti-aging day and night cream ideal for all skin types. 💧FIRMS, RESTORES, & SMOOTHS -The breakthrough WrinkleResist24 technology—formulated with adensoine, squalene, and niacinamide—visibly smooths and restores, while burnet extract visibly firms. Hydrolyzed collagen supports collagen production and super bio-hyaluronic acid N instantly refreshes tired eyes by plumping the appearance skin. 💧 NO PARABENS, SULFATES, PHTHALATES - This product contains 86.4 percent natural ingredients, and like all OxygenCeuticals formulations, it is free of petrolatum, mineral oil, silicones, propylene glycol, parabens and gluten. 💧 DERMATOLOGIST RECOMMENDED SKIN CARE PRODUCTS - OxygenCeuticals has grown to be a trusted medical aesthetic skincare brand, and its products are used by dermatologists, plastic surgeons and medical aesthetic professionals in more than 600 famous aesthetic institutions in South Korea alone. The medical aesthetic professionals use OxygenCeuticals products to complement before and after laser skin care procedures.",,88.0,OxygenCeuticals,"OxygenCeuticals 360 Eye Perfection Duo, Advanced Anti-Aging Eye Treatment Set, 2 Products, Eye Cream 35ml/18 oz & Eye Gel Serum 15ml/0.5 oz, Visibly Reduce Under-Eye Bags, Puffiness, Wrinkles, Dark Circles, Fine Lines & Crow's Feet, for Women & Men OxygenCeuticals 💧 EYE CREAM & EYE SERUM FOR MEN AND WOMEN - This is a complete eye care kit for your aging skin. A rich, fast-absorbing eye care set developed in Korea targets five types of wrinkles that appear around the delicate eye area, including lid creases, crow’s feet, and fine lines caused by puffiness. 💧 ANTI AGING EYE CARE - Our gentle eye care kit helps immediately moisturize and fill wrinkles, minimizing the appearance of fine lines, bags under the eyes. An anti-aging day and night cream ideal for all skin types. 💧FIRMS, RESTORES, & SMOOTHS -The breakthrough WrinkleResist24 technology—formulated with adensoine, squalene, and niacinamide—visibly smooths and restores, while burnet extract visibly firms. Hydrolyzed collagen supports collagen production and super bio-hyaluronic acid N instantly refreshes tired eyes by plumping the appearance skin. 💧 NO PARABENS, SULFATES, PHTHALATES - This product contains 86.4 percent natural ingredients, and like all OxygenCeuticals formulations, it is free of petrolatum, mineral oil, silicones, propylene glycol, parabens and gluten. 💧 DERMATOLOGIST RECOMMENDED SKIN CARE PRODUCTS - OxygenCeuticals has grown to be a trusted medical aesthetic skincare brand, and its products are used by dermatologists, plastic surgeons and medical aesthetic professionals in more than 600 famous aesthetic institutions in South Korea alone. The medical aesthetic professionals use OxygenCeuticals products to complement before and after laser skin care procedures."
B07197537Q,Gillette Mach 3-16 Count (2 x 8 Pack),"The original MACH3 continues its legacy of close shaves. Its 3Blade technology offers a comfortable shave along with the longevity that comes only with exchangeable blades. Its comfort guard includes 5 microfins to bring you a close, comfortable shave, while the indicator lubrication strip fades to white to show when you are no longer getting an optimal shave from your razor blade. Still a trusted choice, the MACH3 continues to give men around the world a great start to their day.",,31.75,Gillette,"Gillette Mach 3-16 Count (2 x 8 Pack) Gillette The original MACH3 continues its legacy of close shaves. Its 3Blade technology offers a comfortable shave along with the longevity that comes only with exchangeable blades. Its comfort guard includes 5 microfins to bring you a close, comfortable shave, while the indicator lubrication strip fades to white to show when you are no longer getting an optimal shave from your razor blade. Still a trusted choice, the MACH3 continues to give men around the world a great start to their day."
B07WDCY23G,Sensationnel Synthetic Hair Empress Natural Center Part Lace Front Wig ALANI (4),,,,Sensationnel,Sensationnel Synthetic Hair Empress Natural Center Part Lace Front Wig ALANI (4) Sensationnel
B00I254ZDS,WET N WILD Megarocks Glitter Nail Color - Slap the Bass,Toluene and phthalate free.,,7.97,wet n wild,WET N WILD Megarocks Glitter Nail Color - Slap the Bass wet n wild Toluene and phthalate free.
B00R1795KG,"LianSan Fashion Designer Lightweight Mens Womens Reading Glasses Women for Men L5300 (+1.00, black 2)",,,,LianSan,"LianSan Fashion Designer Lightweight Mens Womens Reading Glasses Women for Men L5300 (+1.00, black 2) LianSan"
B07F39RP3T,"50pcs Clear Nail Art Fan-shaped Color Card, False Fake Nail Art Tips Sticks Design Polish Board Swatches Stick Salon Display Chart Practice Tool Decor Sets",,,,Yotown,"50pcs Clear Nail Art Fan-shaped Color Card, False Fake Nail Art Tips Sticks Design Polish Board Swatches Stick Salon Display Chart Practice Tool Decor Sets Yotown"
B08P2JB862,"Chrider Wigs for Women, 16"" Pastel Loose Wavy Wigs with Bangs for Women, Shoulder Length Pastel Bob Synthetic, Linen Grey Wigs Nature Colored Hair Wig for Daily Party Wear with Wig Cap",,,,Chrider,"Chrider Wigs for Women, 16"" Pastel Loose Wavy Wigs with Bangs for Women, Shoulder Length Pastel Bob Synthetic, Linen Grey Wigs Nature Colored Hair Wig for Daily Party Wear with Wig Cap Chrider"
B0957TPWQJ,"(6 Pack) 8 Oz Plastic Jars with Lids, Clear Plastic Square Jars with Smooth Black Plastic Lids - 70mm - 240mL Volume by Grand Parfums - Empty 8 Oz Jars with Lids","SQUARE PLASTIC JARS: Beautiful 8 Oz Square Clear Plastic Jars with Flat Sides, and Colorful Lids for Cosmetics, Scrubs, Bath Salt, Cosmetics, Creams, Lotions Kitchen Projects and Crafts. FABULOUS LID COLORS AND JAR COLORS: Choose Your Favorite Lid and Jar ColorPERFECT SIZE: (70/400 Closure Size) 240mL Volume, Unusual Shape, With a Wide Mouth for Easy Access Great Storage Jar BPA-Free Plastic",,14.55,Grand Parfums,"(6 Pack) 8 Oz Plastic Jars with Lids, Clear Plastic Square Jars with Smooth Black Plastic Lids - 70mm - 240mL Volume by Grand Parfums - Empty 8 Oz Jars with Lids Grand Parfums SQUARE PLASTIC JARS: Beautiful 8 Oz Square Clear Plastic Jars with Flat Sides, and Colorful Lids for Cosmetics, Scrubs, Bath Salt, Cosmetics, Creams, Lotions Kitchen Projects and Crafts. FABULOUS LID COLORS AND JAR COLORS: Choose Your Favorite Lid and Jar ColorPERFECT SIZE: (70/400 Closure Size) 240mL Volume, Unusual Shape, With a Wide Mouth for Easy Access Great Storage Jar BPA-Free Plastic"
B07TMYHPPS,"10 Sheets Fashion Art Nail Foil Transfer Stickers, Nail Decals Transfer Foil Box, DIY Decoration for Women and Kids, 10 Colors (Geometric Patterns)",,,,Hicarer,"10 Sheets Fashion Art Nail Foil Transfer Stickers, Nail Decals Transfer Foil Box, DIY Decoration for Women and Kids, 10 Colors (Geometric Patterns) Hicarer"
B07C4MD1LY,"Camille Beckman All Natural Cocoa Butter Lip Balm, Spearmint Leaf.25 oz (3 Pack)",,,,Camille Beckman,"Camille Beckman All Natural Cocoa Butter Lip Balm, Spearmint Leaf.25 oz (3 Pack) Camille Beckman"
B016MNB4HQ,Vitamin C Serum for Face - C Booster With Hyaluronic Acid and Vitamin E - Anti Wrinkle - Anti Aging - Skin Repair For Age Spots and Sun Damage - For Men and Women,,,,,Vitamin C Serum for Face - C Booster With Hyaluronic Acid and Vitamin E - Anti Wrinkle - Anti Aging - Skin Repair For Age Spots and Sun Damage - For Men and Women
B0859L4DKL,Black 'N Gold Classic Braiding Hair (34),,,4.99,Black 'n Gold,Black 'N Gold Classic Braiding Hair (34) Black 'n Gold
B07KWLBY9H,"Collapsible Dog Bowl, Dog Water Bowls for Cats Dogs, Portable Pet Feeding Watering Dish for Walking Parking Traveling",,,,HEPEENG,"Collapsible Dog Bowl, Dog Water Bowls for Cats Dogs, Portable Pet Feeding Watering Dish for Walking Parking Traveling HEPEENG"
B0711BSKGQ,Synthetic Yaki Straight Ombre Jumbo Braiding Hair Extensions High Temperature Fiber Crochet Braids Hairstyles (Brown Blonde),,,,Beyond Beauty,Synthetic Yaki Straight Ombre Jumbo Braiding Hair Extensions High Temperature Fiber Crochet Braids Hairstyles (Brown Blonde) Beyond Beauty
B08CSHLLLG,6 Pieces Duo Eyebrow Brush Angled Eye Brow Brush Spoolie Brush Mini Eyebrow Brush with 1 Glass Dappen Dish Mini Wash Cup for Angled Eyebrow Makeup,,,,Boao,6 Pieces Duo Eyebrow Brush Angled Eye Brow Brush Spoolie Brush Mini Eyebrow Brush with 1 Glass Dappen Dish Mini Wash Cup for Angled Eyebrow Makeup Boao
B0794R47BM,"Auch 24k Golden Pulse Facial Massager, T-Shape Facial Massage Tools for Sensitive Skin Face Pull Tight Firming Lift (Rose Gold)",,,,Auch,"Auch 24k Golden Pulse Facial Massager, T-Shape Facial Massage Tools for Sensitive Skin Face Pull Tight Firming Lift (Rose Gold) Auch"
B0130RZ2HK,"Pack of 2 NYX Cosmetics Gel Eyeliner and Smudger, GLAS05 Scarlette Dark Brown",,,,NYX PROFESSIONAL MAKEUP,"Pack of 2 NYX Cosmetics Gel Eyeliner and Smudger, GLAS05 Scarlette Dark Brown NYX PROFESSIONAL MAKEUP"
B095NYJL6C,Short Curly Headband Wig Glueless Headband Wig 14 Inch None Lace Front Wigs with Headband Heat Resistant Deep Wave Machine Made Wigs Natural Color 150% Density for Black Women,,,,N NAYASA,Short Curly Headband Wig Glueless Headband Wig 14 Inch None Lace Front Wigs with Headband Heat Resistant Deep Wave Machine Made Wigs Natural Color 150% Density for Black Women N NAYASA
B07KQWMJQW,"Jaciya 8 Pack Hair Scrunchies Velvet Elastic Hair Bands Scrunchy Hair Ties Ropes Scrunchies for Women Hair Accessories, Rabbit Ear Scrunchie",,,,Jaciya,"Jaciya 8 Pack Hair Scrunchies Velvet Elastic Hair Bands Scrunchy Hair Ties Ropes Scrunchies for Women Hair Accessories, Rabbit Ear Scrunchie Jaciya"
B00V5GLBEM,Moon Valley Organics - Lavender Moon Melt Lotion Bar 1.9 oz. - Lavender,,,,Moon Valley Organics,Moon Valley Organics - Lavender Moon Melt Lotion Bar 1.9 oz. - Lavender Moon Valley Organics
B01M6WXMFM,100 Rapira Swedish Super Steel Razor Blades,,,14.5,Rapira,100 Rapira Swedish Super Steel Razor Blades Rapira
B095PB68Y1,12 Pieces Powder Puff Makeup Face Powder Puff for Loose Powder Round Triangle Air Cushion Sponge Powder Puff Soft Sponge Foundation Makeup Tool with Strap Wet Dry Makeup Tool for Mineral Powder,,,,Patelai,12 Pieces Powder Puff Makeup Face Powder Puff for Loose Powder Round Triangle Air Cushion Sponge Powder Puff Soft Sponge Foundation Makeup Tool with Strap Wet Dry Makeup Tool for Mineral Powder Patelai
B08BS4MD39,Bust Firming Cream- MeeShirer 50g Natural Breast Beauty Cream Breast Enlargement Enhancement Supplement Massage Cream Essential Oil for Enlarging and Lifting Bust to Help Bust Size Up,,,,MeeShirer,Bust Firming Cream- MeeShirer 50g Natural Breast Beauty Cream Breast Enlargement Enhancement Supplement Massage Cream Essential Oil for Enlarging and Lifting Bust to Help Bust Size Up MeeShirer
B07M95NSKM,"Dr Jacobs Naturals Pure Castile Vegan Bar Soap (Citrus Crush Cocktail/Minty Cucumber Mojito, 5 oz, 2-Pack) - Triple Milled Exfoliating, Made with Premium Organic Oils - Vegan, No Palm Oil, GMO Free - Concentrated, Hypoallergenic and Dermatologist Approved","WE RAISE THE BAR – Exfoliating beads in the bar soap help to brighten and renew the skin, creating an invigorating feeling throughout. Ideal for Bathroom, Shower, Office. Bring a new bar on your vacation. Never tried a natural soap? This is the perfect opportunity to try one. PURE CASTILE REJUVENATING CITRUS SOAP - Orange and ginger essential oils work together to create a clean and invigorating scent in our Citrus Pure Castile Foam Hand Soap with moisture-enhancing aloe vera and Vitamin E. Oranges are known to be rich in antioxidants and may help in reducing acne breakouts, speed the healing of wounds, and prevent scarring. With the B complex vitamins in oranges, they can also improve the blood flow to the skin, giving you a healthy skin tone. TRULY NATURAL - Each castile bar soap is made from non-GMO and plant-based ingredients. They’re completely free of parabens, sulfates, synthetics, and gluten. GREAT FOR THE ENVIRONMENT- Dr. Jacobs Naturals Castile Soap is recognized by PETA, People for the Ethical Treatment of Animals, as a cruelty-free brand. All our products are completely vegan with plant-based biodegradable ingredients, and we do no animal testing. Our packaging are are made from recycled plastic bottles. Dr. Jacobs also doesn’t use palm oil in creation of their castile products, we support authenticity and natural goodness without harming the environment and indigenous lands. CLEAN LIVING, MADE WITH LOVE – Dr. Jacobs is a Brooklyn, NY-based family company, with the mission of creating soaps that are healthy for your skin, provide a luxurious experience, and both cruelty-free and vegan. 100% Made in the USA. The ONLY Certified-hypoallergenic and dermatologist-tested Castile soap brand on the market.",,,DR.JACOBS NATURALS,"Dr Jacobs Naturals Pure Castile Vegan Bar Soap (Citrus Crush Cocktail/Minty Cucumber Mojito, 5 oz, 2-Pack) - Triple Milled Exfoliating, Made with Premium Organic Oils - Vegan, No Palm Oil, GMO Free - Concentrated, Hypoallergenic and Dermatologist Approved DR.JACOBS NATURALS WE RAISE THE BAR – Exfoliating beads in the bar soap help to brighten and renew the skin, creating an invigorating feeling throughout. Ideal for Bathroom, Shower, Office. Bring a new bar on your vacation. Never tried a natural soap? This is the perfect opportunity to try one. PURE CASTILE REJUVENATING CITRUS SOAP - Orange and ginger essential oils work together to create a clean and invigorating scent in our Citrus Pure Castile Foam Hand Soap with moisture-enhancing aloe vera and Vitamin E. Oranges are known to be rich in antioxidants and may help in reducing acne breakouts, speed the healing of wounds, and prevent scarring. With the B complex vitamins in oranges, they can also improve the blood flow to the skin, giving you a healthy skin tone. TRULY NATURAL - Each castile bar soap is made from non-GMO and plant-based ingredients. They’re completely free of parabens, sulfates, synthetics, and gluten. GREAT FOR THE ENVIRONMENT- Dr. Jacobs Naturals Castile Soap is recognized by PETA, People for the Ethical Treatment of Animals, as a cruelty-free brand. All our products are completely vegan with plant-based biodegradable ingredients, and we do no animal testing. Our packaging are are made from recycled plastic bottles. Dr. Jacobs also doesn’t use palm oil in creation of their castile products, we support authenticity and natural goodness without harming the environment and indigenous lands. CLEAN LIVING, MADE WITH LOVE – Dr. Jacobs is a Brooklyn, NY-based family company, with the mission of creating soaps that are healthy for your skin, provide a luxurious experience, and both cruelty-free and vegan. 100% Made in the USA. The ONLY Certified-hypoallergenic and dermatologist-tested Castile soap brand on the market."
B07JVW6ZTF,"EYE MAJIC INSTANT EYESHADOW – INSTANT BEAUTY PROFFESIONAL MAKEUP IN 10 SECOND (5 Pair Pack, Matte 107 - Romanesque)",,,14.9,eyeMajic,"EYE MAJIC INSTANT EYESHADOW – INSTANT BEAUTY PROFFESIONAL MAKEUP IN 10 SECOND (5 Pair Pack, Matte 107 - Romanesque) eyeMajic"
B07WN8KH6H,"Eyebrow Tattoo Pen,Microblading Eyebrow Pen Tat Brow Microblade Pencil with a Micro-Fork Tip Applicator Natural Looking Brows Effortlessly and Stays on All Day(Chestnut)",,,,Lunana Beauty,"Eyebrow Tattoo Pen,Microblading Eyebrow Pen Tat Brow Microblade Pencil with a Micro-Fork Tip Applicator Natural Looking Brows Effortlessly and Stays on All Day(Chestnut) Lunana Beauty"
B01N077LM7,Topwigy Professional Makeup Bag Oxford Cloth Portable Artists Cosmetic Case Shoulder-Style Cosmetic Box Beauty Case (red),,,,Alitaver,Topwigy Professional Makeup Bag Oxford Cloth Portable Artists Cosmetic Case Shoulder-Style Cosmetic Box Beauty Case (red) Alitaver
B00CYVUAA8,Travel Neck Wallet (black),"Travel confidently knowing your documents, cards, and currency are organized and safe inside your sleek neck wallet. Interior features designated pockets for two passports as well as six slots for credit card and ID. In addition, there are four full-length pockets and compartments, plus an exterior back slip pocket….. tickets, cash, boarding passes or other documents are easily accessed in airport and elsewhere. Made of black polyurethane with dual snap closures and about 3 feet detachable strap. For men or women.",,,Organized Travel,"Travel Neck Wallet (black) Organized Travel Travel confidently knowing your documents, cards, and currency are organized and safe inside your sleek neck wallet. Interior features designated pockets for two passports as well as six slots for credit card and ID. In addition, there are four full-length pockets and compartments, plus an exterior back slip pocket….. tickets, cash, boarding passes or other documents are easily accessed in airport and elsewhere. Made of black polyurethane with dual snap closures and about 3 feet detachable strap. For men or women."
B074SGRFCW,Sterly Brazilian Straight Hair 3 Bundles With Frontal 13x4 Ear To Ear Lace Frontal With Bundles Unprocessed Virgin Human Hair Extensions Natural Color (14 16 18+12),,,,,Sterly Brazilian Straight Hair 3 Bundles With Frontal 13x4 Ear To Ear Lace Frontal With Bundles Unprocessed Virgin Human Hair Extensions Natural Color (14 16 18+12)
B07927V3SQ,"BEN & ANNA Vanilla Orchid Deodorant, 60 GR",,,11.67,BEN & ANNA,"BEN & ANNA Vanilla Orchid Deodorant, 60 GR BEN & ANNA"
B08V1257KB,Ombre Brazilian Hair Body Wave Ombre Burgundy Hair Bundles 300g Virgin Hair Remy Human Hair Weave Dark Roots Color #1B 99J Body Wave Weave Hair Extension 18 20 22 inches,"Avankwig, establish a new era of fashion with you! Hair Specifications: 1) Hair Material: Grade 7A Unprocessed Brazilian Virgin Human Hair, Natural and Healthy 2）Hair Texture: Body Wave Hair Weave 3）Hair Weft: Every weft is with double layer for reinforced & minimum shedding, Strong and Neat 4）Hair Color: 1B/99j, natural black to burgundy 5）Hair Length: 10 inch to 28 inch,true to length 6）Unit Weight: 100±5g/bundle, maybe a little different because of the length of the hair 7) Items per Package: 3 bundles FAQ Q1. How long can it be last? A: The hair is human hair, we use best hair spray and suitable temperature to hold the hair pattern. So in general it can be last 8 months with good care. Q2. For Full Head? A: About 100g/bundle. Usually 3 bundles are enough to make a full head. If you like THICKER or need LONGER hair, it's best to wear one more bundle,as the Longer the Length is, the Thinner the hair is. Q3. Why there is No Shedding with our hair? A: No more than 3% shedding of the new hair is within the whole industry standard,our quality is higher:Double Machined Weft and Korean Glue make the weft strong and no shedding. Q5. Why is the hair weave getting Shedding and tangle? A: Because of drying, grease and dirt accumulation, salt water, chlorine gas and comb (untie) ,your hair is curly, your hair is tangled.So make sure washing and nursing your hair at least once a week,or twice a week.",,,Avankwig,"Ombre Brazilian Hair Body Wave Ombre Burgundy Hair Bundles 300g Virgin Hair Remy Human Hair Weave Dark Roots Color #1B 99J Body Wave Weave Hair Extension 18 20 22 inches Avankwig Avankwig, establish a new era of fashion with you! Hair Specifications: 1) Hair Material: Grade 7A Unprocessed Brazilian Virgin Human Hair, Natural and Healthy 2）Hair Texture: Body Wave Hair Weave 3）Hair Weft: Every weft is with double layer for reinforced & minimum shedding, Strong and Neat 4）Hair Color: 1B/99j, natural black to burgundy 5）Hair Length: 10 inch to 28 inch,true to length 6）Unit Weight: 100±5g/bundle, maybe a little different because of the length of the hair 7) Items per Package: 3 bundles FAQ Q1. How long can it be last? A: The hair is human hair, we use best hair spray and suitable temperature to hold the hair pattern. So in general it can be last 8 months with good care. Q2. For Full Head? A: About 100g/bundle. Usually 3 bundles are enough to make a full head. If you like THICKER or need LONGER hair, it's best to wear one more bundle,as the Longer the Length is, the Thinner the hair is. Q3. Why there is No Shedding with our hair? A: No more than 3% shedding of the new hair is within the whole industry standard,our quality is higher:Double Machined Weft and Korean Glue make the weft strong and no shedding. Q5. Why is the hair weave getting Shedding and tangle? A: Because of drying, grease and dirt accumulation, salt water, chlorine gas and comb (untie) ,your hair is curly, your hair is tangled.So make sure washing and nursing your hair at least once a week,or twice a week."
B07D33K512,"Compatible with iPhone 8 Plus Screen Replacement 5.5 inch (Black) MoiMaxi LCD Digitizer Touch Screen Assembly Set with 3D Touch, Repair Tools Includ",,,,MoiMax,"Compatible with iPhone 8 Plus Screen Replacement 5.5 inch (Black) MoiMaxi LCD Digitizer Touch Screen Assembly Set with 3D Touch, Repair Tools Includ MoiMax"
B08CBVSF67,Deep Wave Lace Closure 10 inch Swiss Lace Middle Part Medium Brown Color Lace with Human Hair Deep Wave hair,,,,Alaleibaby,Deep Wave Lace Closure 10 inch Swiss Lace Middle Part Medium Brown Color Lace with Human Hair Deep Wave hair Alaleibaby
B01IAEBWWM,"New York Color Liquid Eyeliner, Extreme Black 0.15 oz (Pack of 8)",,,,N.Y.C.,"New York Color Liquid Eyeliner, Extreme Black 0.15 oz (Pack of 8) N.Y.C."
B07GZ9CLTC,Small Mustache Comb,,,,The Roosevelts Beard Company,Small Mustache Comb The Roosevelts Beard Company
B07LBBB7KB,Aigemei 3 Packs Spring Twist Hair Crochet Braids Ombre Braiding Hair Synthetic Crochet Hair Extensions Black Color #1b/gray,,,,Aigemei,Aigemei 3 Packs Spring Twist Hair Crochet Braids Ombre Braiding Hair Synthetic Crochet Hair Extensions Black Color #1b/gray Aigemei
B017F2OH2M,Galaxy Print Nail Stickers - 3 Pack (42 Total Nail Art Wraps) Shooting Stars for Easy Nail Art and Pretty Nails That Are Out of This World - Great for Star Wars Fans,,,,,Galaxy Print Nail Stickers - 3 Pack (42 Total Nail Art Wraps) Shooting Stars for Easy Nail Art and Pretty Nails That Are Out of This World - Great for Star Wars Fans
B06XBZ961R,"22"" Straight Ombre Wrap Around Ponytail Synthetic Clip in Hair Extensions Hairpieces (dark brown/sandy blonde)",,,,,"22"" Straight Ombre Wrap Around Ponytail Synthetic Clip in Hair Extensions Hairpieces (dark brown/sandy blonde)"
B07HY9QT12,Mill Creek Shampoo 32 oz (Biotin),,,22.98,MILL CREEK,Mill Creek Shampoo 32 oz (Biotin) MILL CREEK
B07JF4C4C2,Tara Assorted Color Design 240 Pieces Plastic Beads 10x12 mm For Braid Hair For Girls (GLITTER SKY BLUE),"Tara braiding pony beads are designed to hold girl's hair braids in place & are also great for craft projects & jewelry making, name bracelet key chain, can be used as a gift for family and friends",,6.99,Tara Toys,"Tara Assorted Color Design 240 Pieces Plastic Beads 10x12 mm For Braid Hair For Girls (GLITTER SKY BLUE) Tara Toys Tara braiding pony beads are designed to hold girl's hair braids in place & are also great for craft projects & jewelry making, name bracelet key chain, can be used as a gift for family and friends"
B00TAHJOYC,19pc LA Girl Gel Glide Eyeliner Pencil set of 19 color #GP351-369,,,36.95,L.A. Girl,19pc LA Girl Gel Glide Eyeliner Pencil set of 19 color #GP351-369 L.A. Girl
B08YYPHSN3,20mm 5D False Eyelashes Dramatic Crossed Lashes Fluffy High Volume False Lashes Zenotti Soft Reusable Fake Lashes 10 Pairs Faux Mink Lashes Pack,,,,zenotti,20mm 5D False Eyelashes Dramatic Crossed Lashes Fluffy High Volume False Lashes Zenotti Soft Reusable Fake Lashes 10 Pairs Faux Mink Lashes Pack zenotti
B06XF82JVQ,Benton Aloe Propolis Soothing Gel & Benton Cleansing Foam with 2 Benton Masks ( Bundle ),,,,MUDSHI,Benton Aloe Propolis Soothing Gel & Benton Cleansing Foam with 2 Benton Masks ( Bundle ) MUDSHI
B00UV80M8Q,"CoverGirl Ready, Set Gorgeous Fresh Complexion Powder Foundation, Light [115/120] 0.37 oz (Pack of 2)",,,,COVERGIRL,"CoverGirl Ready, Set Gorgeous Fresh Complexion Powder Foundation, Light [115/120] 0.37 oz (Pack of 2) COVERGIRL"
B08CVGMFRB,"ETUDE Big Cover Skin Fit Concealer PRO (# Neutral Peach) (21AD) | Long-Lasting Closely Adhesive Cover Like Real Skin | Smooth and Perfect Makeup | Hides Dark Circles, Redness","REAL SKIN FIT Technique, as soon as you apply this concealer on your face, it makes the film layer on your skin very thin. This will fit on your skin perfectly! FITS SMOOTHLY WITHOUT BEING RUINED! The pigment will keep your make-up long-lasting and prevents the make-up from looking untidy and rough ADHESIVE COVER FIT LIKE MY REAL SKIN! Closely-adhering to the skin tone! Like a firm second skin for flawless skin: clear and fresh skin cover. DIVERSE 9 COLOR shades from cool tone, neutral tone to warm tone with 2 correcting colors to cover dark circle and redness *There is an empty space on the top part, which looks like lack of contents caused by the pressure in the container. The actual contents weighs more than 7g so you do not have to worry about the amount HOW TO USE: Adjust an appropriate amount on the tip and apply on your desired areas such as dark circles, redness, areas with skin trouble and scars as if tapping for better adherence. TIP: If you use this concealer before you use the foundation or cushion, it covers your skin more naturally and clearly",,12.0,Etude House,"ETUDE Big Cover Skin Fit Concealer PRO (# Neutral Peach) (21AD) | Long-Lasting Closely Adhesive Cover Like Real Skin | Smooth and Perfect Makeup | Hides Dark Circles, Redness Etude House REAL SKIN FIT Technique, as soon as you apply this concealer on your face, it makes the film layer on your skin very thin. This will fit on your skin perfectly! FITS SMOOTHLY WITHOUT BEING RUINED! The pigment will keep your make-up long-lasting and prevents the make-up from looking untidy and rough ADHESIVE COVER FIT LIKE MY REAL SKIN! Closely-adhering to the skin tone! Like a firm second skin for flawless skin: clear and fresh skin cover. DIVERSE 9 COLOR shades from cool tone, neutral tone to warm tone with 2 correcting colors to cover dark circle and redness *There is an empty space on the top part, which looks like lack of contents caused by the pressure in the container. The actual contents weighs more than 7g so you do not have to worry about the amount HOW TO USE: Adjust an appropriate amount on the tip and apply on your desired areas such as dark circles, redness, areas with skin trouble and scars as if tapping for better adherence. TIP: If you use this concealer before you use the foundation or cushion, it covers your skin more naturally and clearly"
B08HMLXW65,"Claw Hair Clips, IKOCO 6 Pack Jaw Clips Stylish Matte Plastic Strong Hold Hair Clamps Box Packaged for Thin Fine Hair with 10Pcs Black Hair ties (2.4Inch)",,,,IKOCO,"Claw Hair Clips, IKOCO 6 Pack Jaw Clips Stylish Matte Plastic Strong Hold Hair Clamps Box Packaged for Thin Fine Hair with 10Pcs Black Hair ties (2.4Inch) IKOCO"
B07P7FFHGY,"VGTE Mascara Voluminous Original Volume Building Mascara No Clump Long-Lasting and Smudge-Proof Lash Mascara 0.40 fl.oz,Pack of 2",,,,VGTE,"VGTE Mascara Voluminous Original Volume Building Mascara No Clump Long-Lasting and Smudge-Proof Lash Mascara 0.40 fl.oz,Pack of 2 VGTE"
B075WTBRCG,BEYELIAN Premade Volume Eyelash Extensions 6D 0.07mm 13mm C Curl Semi Permanent Individual Lash Extensions,,,,BEYELIAN,BEYELIAN Premade Volume Eyelash Extensions 6D 0.07mm 13mm C Curl Semi Permanent Individual Lash Extensions BEYELIAN
B07VCXV1VT,"Beaupretty 10PCS Empty Plastic Spray Bottle Makeup Perfume Mist Atomizer 60ML,Random Color",,,,Beaupretty,"Beaupretty 10PCS Empty Plastic Spray Bottle Makeup Perfume Mist Atomizer 60ML,Random Color Beaupretty"
B016G7APCS,"Yeshan Pack of 12pcs Peacock Design Alloy Mini Jaw Hair Clip, with Rhinestone and Crystal Beaded Claw Hair Clip Barrette,silver",,,,Yeshan,"Yeshan Pack of 12pcs Peacock Design Alloy Mini Jaw Hair Clip, with Rhinestone and Crystal Beaded Claw Hair Clip Barrette,silver Yeshan"
B07F3MWMG5,Morichy Hair Human Hair Wigs for Black Women 130% Density 100% Unprocessed Brazilian Virgin Hair Loose Body Wave Wig None Lace Front Wig L Part Hair Wig,,,,MORICHY,Morichy Hair Human Hair Wigs for Black Women 130% Density 100% Unprocessed Brazilian Virgin Hair Loose Body Wave Wig None Lace Front Wig L Part Hair Wig MORICHY
B0824N5XFC,Spiralization Direct 6 Pieces Nail File Nano Glass Nail Files Fingernail File with protective Case Manicure Pedicure Tool Set,,,,Spiralization Direct,Spiralization Direct 6 Pieces Nail File Nano Glass Nail Files Fingernail File with protective Case Manicure Pedicure Tool Set Spiralization Direct
B082XHLYZ5,New Balance Unisex Grid Fleece Headband,New Balance Unisex Grid Fleece Headband is engineered with comfort and performance in mind. The unique 3D stretch fabric blend allows for total freedom of movement while moving moisture away from the skin quickly for fast drying. These performance accessories feature our New Balance dry and New Balance fresh technology and is your new go-to accessory for any activity.,,14.98,New Balance,New Balance Unisex Grid Fleece Headband New Balance New Balance Unisex Grid Fleece Headband is engineered with comfort and performance in mind. The unique 3D stretch fabric blend allows for total freedom of movement while moving moisture away from the skin quickly for fast drying. These performance accessories feature our New Balance dry and New Balance fresh technology and is your new go-to accessory for any activity.
B07TBGGNYT,"Eyelash Sercum, 10ML Professional Natural Eyelash Enhance Growth Moisturizing Essence",Specifications: Item Type: Eyelash Enhancer Size: Approx.7.5 x 3.0 x 3.0cm / 3.0 x 1.2 x 1.2inch Package Weight: Approx.43g Net WT: Approx.10ml Package Included: 1 x Eyelash Enhancer,,,Nannday,"Eyelash Sercum, 10ML Professional Natural Eyelash Enhance Growth Moisturizing Essence Nannday Specifications: Item Type: Eyelash Enhancer Size: Approx.7.5 x 3.0 x 3.0cm / 3.0 x 1.2 x 1.2inch Package Weight: Approx.43g Net WT: Approx.10ml Package Included: 1 x Eyelash Enhancer"
B00UWWZ9Z2,Pen Shape Electric Nail Art Drill KIT Manicure File Polish Buffing Pedicure Electric Tool,,,,Yimart,Pen Shape Electric Nail Art Drill KIT Manicure File Polish Buffing Pedicure Electric Tool Yimart
B07PG84Q36,Doubnine Silver Hoop Circle Earrings Antique Ball Dangle Boho Accessories for Women,☞ Ｌｏｏｋ Ｈｅｒｅ♫ Buy it now♪ It's dainty can be worn every day♪ A special piece you'll treasure♪ Best earrings for Her♡ High quality materials and attention to about the product,,7.66,Doubnine,Doubnine Silver Hoop Circle Earrings Antique Ball Dangle Boho Accessories for Women Doubnine ☞ Ｌｏｏｋ Ｈｅｒｅ♫ Buy it now♪ It's dainty can be worn every day♪ A special piece you'll treasure♪ Best earrings for Her♡ High quality materials and attention to about the product
B0099LBLB8,Illamasqua Lipstick One Size Magnetism,,,13.5,Illamasqua,Illamasqua Lipstick One Size Magnetism Illamasqua
B01GFROOJO,Anself Hair Cutting Cape Shampoo Cloth Hairdressing Salon Apron Crepe Water Resistant,,,,Docooler,Anself Hair Cutting Cape Shampoo Cloth Hairdressing Salon Apron Crepe Water Resistant Docooler
B08378WVBJ,SSEN CLIPS (Large/ 8 clips) (Rainbow),Hair Clips for hairdressers,,35.99,SSEN CLIPS,SSEN CLIPS (Large/ 8 clips) (Rainbow) SSEN CLIPS Hair Clips for hairdressers
B07S1CJMS8,"Velvet Red Matte Lipstick, Red Rover, Vegan, Paraben-Free, Cruelty-Free - Mented Cosmetics",,,,Mented,"Velvet Red Matte Lipstick, Red Rover, Vegan, Paraben-Free, Cruelty-Free - Mented Cosmetics Mented"
B07JYVP676,Magnetic False Eyelashes - Dual Magnets - Half Lash-Natural Outer Edge Accent - Reusable - Applicator And Free Gift Bag,,,,,Magnetic False Eyelashes - Dual Magnets - Half Lash-Natural Outer Edge Accent - Reusable - Applicator And Free Gift Bag
B08TGZHTP4,"8 Pieces Soft Toothbrush Micro Nano Extra Soft Bristles Manual Soft Toothbrush with 20,000 Bristles for Teeth Oral Gum Recession Adults Kids Child (White with Black Bristle)",,,,Patelai,"8 Pieces Soft Toothbrush Micro Nano Extra Soft Bristles Manual Soft Toothbrush with 20,000 Bristles for Teeth Oral Gum Recession Adults Kids Child (White with Black Bristle) Patelai"
B07S3XPSN5,Brown One Piece Hair Extensions Real Human Hair Hidden Crown Hair Extensions #4 Dark Brown Highlight #27 Caramel Blonde Invisible Wire One Piece Hair Extensions with Clips 14 Inch 50g,,,,Hetto,Brown One Piece Hair Extensions Real Human Hair Hidden Crown Hair Extensions #4 Dark Brown Highlight #27 Caramel Blonde Invisible Wire One Piece Hair Extensions with Clips 14 Inch 50g Hetto
B07CH3JRGR,Nest Black Tulip Eau De Parfum ~ Travel Size Splash Top ~ 0.25 fl oz,,,21.45,NEST Fragrances,Nest Black Tulip Eau De Parfum ~ Travel Size Splash Top ~ 0.25 fl oz NEST Fragrances
B07GCJJ4HT,Syntheitc Weave Kinky Curly Hair Bundles Two Tone Ombre Black to Green 16 18 20 Inches 3 Bundles Hair Extensions,,,,Angie,Syntheitc Weave Kinky Curly Hair Bundles Two Tone Ombre Black to Green 16 18 20 Inches 3 Bundles Hair Extensions Angie
B08GC18YRV,Body Wave 1 Bundle 9A 100% Unprocessed Body Wave Hair Bundle Brazilian Virgin Hair Weave Human Hair Extension (24 inch),,,,Fashow,Body Wave 1 Bundle 9A 100% Unprocessed Body Wave Hair Bundle Brazilian Virgin Hair Weave Human Hair Extension (24 inch) Fashow
B09L47JBQ1,"Hipoll Dog Lick Pad, Treat Pad for Yogurt or Peanut Butter, Boredom & Anxiety Reduction, Dog Puzzle Toy Alternative to a Slow Feeder Dog Bowl, Interactive Dog Toy Help Pets for Nail Trimming, Bathing",,,,Hipoll,"Hipoll Dog Lick Pad, Treat Pad for Yogurt or Peanut Butter, Boredom & Anxiety Reduction, Dog Puzzle Toy Alternative to a Slow Feeder Dog Bowl, Interactive Dog Toy Help Pets for Nail Trimming, Bathing Hipoll"
B077D4921Z,"Magnet Eyelashes-Dual Magnetic False Eyelashes with NO GLUE 3D Fiber Reusable Best Fake Lashes Extension for Natural Look,Perfect for Deep Set Eyes (-2 Pair/8 Pieces)",,,,Addie,"Magnet Eyelashes-Dual Magnetic False Eyelashes with NO GLUE 3D Fiber Reusable Best Fake Lashes Extension for Natural Look,Perfect for Deep Set Eyes (-2 Pair/8 Pieces) Addie"
B00102JGFC,KAYLINE Chemical Service Station in Black Fold-A-Way Service Tray (Model: FT59),"Eliminate clutter in your salon. The ProHairTools Kayline Designed FT59 Fold-A-Way Service Tray Model FT59 by AKRA provides an organized, uncluttered work area for all chemical services. Convenient tray for coloring, weaving, perms, hair extensions, and styling. Folds easily for compact storage. Simple tray lock release for tilting tray up into storage position. The Crystal Black 14.5"" x 15.5"" tray is easy to clean. The sturdy black steel stand puts all your supplies at a handy 35"" and rolls anywhere you need it. The service tray's graceful legs and roller feet make it easy to use and easy to move when needed. Features: Clean, uncluttered work area for all chemical services Stain resistant finish tray; easy to clean Sturdy black steel stand rolls anywhere you need it Puts all your supplies at working height Low center of gravity and broad base; virtually untipable Approximate dimensions: 14.5"" x 15.5"" Top tray, 35"" working height and 48"" folding height In Black Made in the USA Some assembly is required + Free Double Dip Comb/Brush",,179.95,K,"KAYLINE Chemical Service Station in Black Fold-A-Way Service Tray (Model: FT59) K Eliminate clutter in your salon. The ProHairTools Kayline Designed FT59 Fold-A-Way Service Tray Model FT59 by AKRA provides an organized, uncluttered work area for all chemical services. Convenient tray for coloring, weaving, perms, hair extensions, and styling. Folds easily for compact storage. Simple tray lock release for tilting tray up into storage position. The Crystal Black 14.5"" x 15.5"" tray is easy to clean. The sturdy black steel stand puts all your supplies at a handy 35"" and rolls anywhere you need it. The service tray's graceful legs and roller feet make it easy to use and easy to move when needed. Features: Clean, uncluttered work area for all chemical services Stain resistant finish tray; easy to clean Sturdy black steel stand rolls anywhere you need it Puts all your supplies at working height Low center of gravity and broad base; virtually untipable Approximate dimensions: 14.5"" x 15.5"" Top tray, 35"" working height and 48"" folding height In Black Made in the USA Some assembly is required + Free Double Dip Comb/Brush"
B07LD3M88C,Too Faced Better Than Sex And Diamonds Mascara - Limited Edition Packaging,A mascara that you know and love all dressed up in dazzling packaging for a luxurious experience.,,17.5,Too Faced,Too Faced Better Than Sex And Diamonds Mascara - Limited Edition Packaging Too Faced A mascara that you know and love all dressed up in dazzling packaging for a luxurious experience.
B01D86KD6I,[Bbia] Last Lip Mousse 3.7g / Soft Velvet Mousse Texture - 5 Colors (#1 First Meeting),,,,Nickyood,[Bbia] Last Lip Mousse 3.7g / Soft Velvet Mousse Texture - 5 Colors (#1 First Meeting) Nickyood
B07G6FTK91,Soft Panda Spa Headbands for Women for Washing Face Cosmetic Shower Makeup Hairband (Panda),,,,OZEN,Soft Panda Spa Headbands for Women for Washing Face Cosmetic Shower Makeup Hairband (Panda) OZEN
B08LZ76QML,Body wave Lace Front Wigs Human Hair 4X4 Body Wave 150% Density Pre Plucked with Baby Hair Natural Black 100% Unprocessed Brazilian Virgin Human Hair Wigs 24 inch,,,,YYgY,Body wave Lace Front Wigs Human Hair 4X4 Body Wave 150% Density Pre Plucked with Baby Hair Natural Black 100% Unprocessed Brazilian Virgin Human Hair Wigs 24 inch YYgY
B08FZ7B16S,"Facial Hair Remover Replacement Heads,18K Rose Gold-Plated Blade Head,Perfect for Old Version Finishing Touch Flawless Hair Remover,4 Replacement Heads,4 PLASTIC TRAY Only at MINIBIGGER(Rose Gold)",,,,Xesscare,"Facial Hair Remover Replacement Heads,18K Rose Gold-Plated Blade Head,Perfect for Old Version Finishing Touch Flawless Hair Remover,4 Replacement Heads,4 PLASTIC TRAY Only at MINIBIGGER(Rose Gold) Xesscare"
B07P1K3K2X,"3PCS Velvet Headbands for Women,Handmade Twist Knot Turban Headband Cloth Knot Hair Hoop Hairband Headband Headwear Hair Accessories",,,,My rose garden,"3PCS Velvet Headbands for Women,Handmade Twist Knot Turban Headband Cloth Knot Hair Hoop Hairband Headband Headwear Hair Accessories My rose garden"
B00078X2UU,"Interlude By Frances Denney For Women, Dusting Powder, 4.2-Ounces","Launched by the design house of Frances Denney.When applying any fragrance please consider that there are several factors which can affect the natural smell of your skin and, in turn, the way a scent smells on you. For instance, your mood, stress level, age, body chemistry, diet, and current medications may all alter the scents you wear. Similarly, factor such as dry or oily skin can even affect the amount of time a fragrance will last after being applied",,,Frances Denney,"Interlude By Frances Denney For Women, Dusting Powder, 4.2-Ounces Frances Denney Launched by the design house of Frances Denney.When applying any fragrance please consider that there are several factors which can affect the natural smell of your skin and, in turn, the way a scent smells on you. For instance, your mood, stress level, age, body chemistry, diet, and current medications may all alter the scents you wear. Similarly, factor such as dry or oily skin can even affect the amount of time a fragrance will last after being applied"
B01LZA8QP4,Bodycology Sweet Love Gift Set With Warm and Cozy Socks,,,7.77,Bodycology,Bodycology Sweet Love Gift Set With Warm and Cozy Socks Bodycology
B0149DT3WY,MustaeV - Lustrous Cream Base,"A lightweight cream base infused with pink pearl particles to create dazzling skin. This hydrating cream base melts into the skin diffusing light creating a radiant, luminosity.",,,MustaeV,"MustaeV - Lustrous Cream Base MustaeV A lightweight cream base infused with pink pearl particles to create dazzling skin. This hydrating cream base melts into the skin diffusing light creating a radiant, luminosity."
B00L5KKSLK,Spagmoss Premium New Zealand Sphagnum Moss AA Grade (150 Gram),"Spagmoss Premium New Zealand Sphagnum Moss is a commercial grade S Cristatum, harvested from the pristine environment of New Zealands southern west coast. It has a length of at least 100mm for 70% of the product. It is an attractive light brown / cream color with some green tips. Sphagnum moss is a versatile, long lasting product renowned for its water holding capacity. New Zealand Sphagnum moss is recognized worldwide as a premium product in the orchid growing industry. Besgrow Spagmoss is naturally air dried to ensure a maximum Water Holding Capacity (WHC) of 96%. This allows the moss to retain water and nutrients for easy release to the plant without accumulating unwanted salts. Spagmoss maintains its structure in the pot for several years, therefore costs associated with re-potting are reduced. Due to its sterile nature, Spagmoss will also defend against plant pathogens from attacking the roots.",,24.99,Spagmoss,"Spagmoss Premium New Zealand Sphagnum Moss AA Grade (150 Gram) Spagmoss Spagmoss Premium New Zealand Sphagnum Moss is a commercial grade S Cristatum, harvested from the pristine environment of New Zealands southern west coast. It has a length of at least 100mm for 70% of the product. It is an attractive light brown / cream color with some green tips. Sphagnum moss is a versatile, long lasting product renowned for its water holding capacity. New Zealand Sphagnum moss is recognized worldwide as a premium product in the orchid growing industry. Besgrow Spagmoss is naturally air dried to ensure a maximum Water Holding Capacity (WHC) of 96%. This allows the moss to retain water and nutrients for easy release to the plant without accumulating unwanted salts. Spagmoss maintains its structure in the pot for several years, therefore costs associated with re-potting are reduced. Due to its sterile nature, Spagmoss will also defend against plant pathogens from attacking the roots."
B082KFJS9H,"VeSunny Remy Human Hair Extensions Clip in 70g One Piece Clip in Real Hair Extesnions Jet Black Clip in Hair Extensions Human Hair for 3/4 Full Head,#1 Silky Straight Human Hair Clip in",,,,Ve Sunny,"VeSunny Remy Human Hair Extensions Clip in 70g One Piece Clip in Real Hair Extesnions Jet Black Clip in Hair Extensions Human Hair for 3/4 Full Head,#1 Silky Straight Human Hair Clip in Ve Sunny"
B07X13G3YV,Gnz Inspirational Tree of Life Zinc Pocket Token with Story Card,1,,,ProBliva,Gnz Inspirational Tree of Life Zinc Pocket Token with Story Card ProBliva 1
B096TKRXN6,NewYou Kinky Curly Clip in Hair Extensions for Black Women 8A Brazilian Human Hair Afro Kinky Curly Clip in Hair Extensions 3C 4A Natural Black 7Pcs 120G/Set 14 Inch,,,,NewYou,NewYou Kinky Curly Clip in Hair Extensions for Black Women 8A Brazilian Human Hair Afro Kinky Curly Clip in Hair Extensions 3C 4A Natural Black 7Pcs 120G/Set 14 Inch NewYou
B00915QNQU,"""Cleopatra"" Fair Trade Wooden Hair Pins - Set of Four",,,,,"""Cleopatra"" Fair Trade Wooden Hair Pins - Set of Four"
B00D62C2F0,"Bio-Active Omega 3, 6, 7, 9, 1 oz (30 g)","Bio-Active Omega 3, 6, 7, 9 Helpful Healing 35, 000 IU Anti-Aging Antioxidant Fortified Super Moisturizing Multi-Functional Cold pHusion This antioxidant Vitamin E Lotion delivers long-lasting moisture and helps to minimize fine lines while improving skin tone and texture. Fortified with Coconut Water, Aloe Vera Gel and Green Tea for rapid Hydration, and synergistic Vitamins A & C with Alpha Lipoic Acid. Organic Cocoa Butter and Organic Shea Butter rapidly smoothes and soothes your skin, and are great for helping scars and stretch marks be less noticeable. 25,000 IU Vitamin E, using E Esters, a blend of bio-active Natural Tocopherols and Tocotrienols, plus 10,000 IU Vitamin A (100 g) will help to renew moisture and promote natural healing to maintain smooth, youthful looking skin.",,,Aroma Naturals,"Bio-Active Omega 3, 6, 7, 9, 1 oz (30 g) Aroma Naturals Bio-Active Omega 3, 6, 7, 9 Helpful Healing 35, 000 IU Anti-Aging Antioxidant Fortified Super Moisturizing Multi-Functional Cold pHusion This antioxidant Vitamin E Lotion delivers long-lasting moisture and helps to minimize fine lines while improving skin tone and texture. Fortified with Coconut Water, Aloe Vera Gel and Green Tea for rapid Hydration, and synergistic Vitamins A & C with Alpha Lipoic Acid. Organic Cocoa Butter and Organic Shea Butter rapidly smoothes and soothes your skin, and are great for helping scars and stretch marks be less noticeable. 25,000 IU Vitamin E, using E Esters, a blend of bio-active Natural Tocopherols and Tocotrienols, plus 10,000 IU Vitamin A (100 g) will help to renew moisture and promote natural healing to maintain smooth, youthful looking skin."
B082FBCPLX,"3Pcs Makeup Blender Beauty Sponge Set for Foundations, Powders and Creams with a holder",,,,Glaray,"3Pcs Makeup Blender Beauty Sponge Set for Foundations, Powders and Creams with a holder Glaray"
B00WEN2SXS,"Tea Tree Facial Cleanser, Pure Mauve Invigorating Facial Cleanser with Natural Australian Tea Tree Oil, for Oily Skin, Dry Skin, Blemish , Itchy Skin, Paraben Free, Sulfate Free, Alcohol Free",,,,Pure Mauve,"Tea Tree Facial Cleanser, Pure Mauve Invigorating Facial Cleanser with Natural Australian Tea Tree Oil, for Oily Skin, Dry Skin, Blemish , Itchy Skin, Paraben Free, Sulfate Free, Alcohol Free Pure Mauve"
B07DZ1Y5TN,Jeffree Star Cosmetics Velour Liquid Lipstick - Cherry Wet,"Jeffree Star - Velour Liquid Lipstick goes on opaque, dries completely matte, and stays comfortable on lips for hours without feeling dry or tight. Enjoy a lightweight and long-lasting liquid lipstick that has the bold style of its creator.",,28.5,Jeffree Star Cosmetics,"Jeffree Star Cosmetics Velour Liquid Lipstick - Cherry Wet Jeffree Star Cosmetics Jeffree Star - Velour Liquid Lipstick goes on opaque, dries completely matte, and stays comfortable on lips for hours without feeling dry or tight. Enjoy a lightweight and long-lasting liquid lipstick that has the bold style of its creator."
B08F2FLCQK,Volume Eyelash Extensions 0.03 D Curl 20mm Volume Lashes 2D-20D Easy Fan Lash Self Fanning|0.03/0.05/0.07/0.10/0.12 C/D Single 8-25mm Mix 8-15 9-16 15-20 20-25|（0.03 D 20mm）,,,,QUEWEL,Volume Eyelash Extensions 0.03 D Curl 20mm Volume Lashes 2D-20D Easy Fan Lash Self Fanning|0.03/0.05/0.07/0.10/0.12 C/D Single 8-25mm Mix 8-15 9-16 15-20 20-25|（0.03 D 20mm） QUEWEL
B00WNAUEXI,"Annie mini pocket small manclub combo brush #2113 - SOFT-, soft bristles, natural bristles, boar bristles, hair comb, hair brush, long hair, short hair,",,,3.99,Annie,"Annie mini pocket small manclub combo brush #2113 - SOFT-, soft bristles, natural bristles, boar bristles, hair comb, hair brush, long hair, short hair, Annie"
B012POL9Q2,Barnaby Black - Wild Harvested Field + Camp Soap (The Great North),,,,Barnaby Black,Barnaby Black - Wild Harvested Field + Camp Soap (The Great North) Barnaby Black
B01DJZZ08Y,LOUISE MAELYS Womens Long Curly Wig Blonde Wavy Cosplay Wig Party Hair Extension,,,,Louise Maelys,LOUISE MAELYS Womens Long Curly Wig Blonde Wavy Cosplay Wig Party Hair Extension Louise Maelys
B075SX6X3L,Festivous Wishel Unicorn Horn Glitter Headband Shiny Elastic Hairband for Kids and Adults (Black),,,,Festivous Wishel,Festivous Wishel Unicorn Horn Glitter Headband Shiny Elastic Hairband for Kids and Adults (Black) Festivous Wishel
B072JW8MJH,JANE STONE Essential Oil Diffuser Bracelets Genuine Leather Aromatherapy Bracelet Band Jewelry for Women with 9 Color Washable Pads (Gold-A),"Special Design: Unique aromatherapy magnetic bracelet can bring different scents. Special flipping locket design makes the essential oil diffuser bracelet easily open. After dripping a few essencial oil, it can relieve your pressure and make you calm. You can change the scents on work,sleepping,driving,or date. It makes yourself charming everyday. Top Quality for You: Genuine leather band is not easily to fade and peel off, keeping a long-term luster. Grade 316L stainless steel keeps the diffuser locket bracelet durability. Diameter of the locket: about 1 inch/25mm. Weight: about 21g. Lightweight makes you comfortable to wear. 9pcs Washable and Reusable Cotton Pads in Different Colors: can match with different clothes to make you charming and outstanding every day. Easy to Use: Flip over the magnetic locket and add 2-3 drops of your favorite essential oil on the pad. The pad can be washed with water and reusable. Perfect Gifts: Special gift for mother,wife,girlfriend,children,sister,aunt,or friends who love essential oil. Suitalbe for a wedding,anniversary,Christmas,Valentine.",,,Jane Stone,"JANE STONE Essential Oil Diffuser Bracelets Genuine Leather Aromatherapy Bracelet Band Jewelry for Women with 9 Color Washable Pads (Gold-A) Jane Stone Special Design: Unique aromatherapy magnetic bracelet can bring different scents. Special flipping locket design makes the essential oil diffuser bracelet easily open. After dripping a few essencial oil, it can relieve your pressure and make you calm. You can change the scents on work,sleepping,driving,or date. It makes yourself charming everyday. Top Quality for You: Genuine leather band is not easily to fade and peel off, keeping a long-term luster. Grade 316L stainless steel keeps the diffuser locket bracelet durability. Diameter of the locket: about 1 inch/25mm. Weight: about 21g. Lightweight makes you comfortable to wear. 9pcs Washable and Reusable Cotton Pads in Different Colors: can match with different clothes to make you charming and outstanding every day. Easy to Use: Flip over the magnetic locket and add 2-3 drops of your favorite essential oil on the pad. The pad can be washed with water and reusable. Perfect Gifts: Special gift for mother,wife,girlfriend,children,sister,aunt,or friends who love essential oil. Suitalbe for a wedding,anniversary,Christmas,Valentine."
B002VZNCL6,Lilac Scented Oil From Incense King - 1/2 Ounce Bottle,,,,,Lilac Scented Oil From Incense King - 1/2 Ounce Bottle
B00KWUOJ3M,Zermat MIO Malicia By Alicia Machado for Men 3.38oz MIO Caballero 100ml,,,39.75,Zermat International,Zermat MIO Malicia By Alicia Machado for Men 3.38oz MIO Caballero 100ml Zermat International
B07JWGD7PR,PBTLash Korean silk 3D faux mink eyelashes-662 (2 pack),,,,PBT,PBTLash Korean silk 3D faux mink eyelashes-662 (2 pack) PBT
B07ML5333D,Organic Nails Recina en Gotero - Glue with Dropper 0.5oz,Organic Nails Recina en Gotero 0.5oz,,7.0,Organic Nails,Organic Nails Recina en Gotero - Glue with Dropper 0.5oz Organic Nails Organic Nails Recina en Gotero 0.5oz
B07XFKZ874,"Cosplay Wigs for Anime Character Short, Orange",,,,CosInStyle,"Cosplay Wigs for Anime Character Short, Orange CosInStyle"
B073XDWYR1,"14"" (6 Packs) fashion crochet Faux dreadlocks braids Soft Locs Crochet Hair Braiding Hair 30roots/1pack synthetic hair extensions (14 inch 6packs, 1b)",,,,Kamileo,"14"" (6 Packs) fashion crochet Faux dreadlocks braids Soft Locs Crochet Hair Braiding Hair 30roots/1pack synthetic hair extensions (14 inch 6packs, 1b) Kamileo"
B082MC34Q2,"Long Satin Bonnet Sleep Cap Silky Night Hat Extra Long Double Layer Elastic Band for Women Natural Curly Long Hair (Long size, beige butterfly)",,,,SAYMRE,"Long Satin Bonnet Sleep Cap Silky Night Hat Extra Long Double Layer Elastic Band for Women Natural Curly Long Hair (Long size, beige butterfly) SAYMRE"
B086QW86VL,31 Pieces Twist Plait Hair Braiding Kit French Centipede Braiders Ponytail Braiding Tool and Topsy Hair Braid for Women Girls,,,,WILLBOND,31 Pieces Twist Plait Hair Braiding Kit French Centipede Braiders Ponytail Braiding Tool and Topsy Hair Braid for Women Girls WILLBOND
B00ZGYTTNE,BAREMINERALS Multi-tasking Concealer SPF20 SUMMER BISQUE - Deluxe Size 6g / 0.21 oz,,,,bareMinerals,BAREMINERALS Multi-tasking Concealer SPF20 SUMMER BISQUE - Deluxe Size 6g / 0.21 oz bareMinerals
B0754HZ1YZ,PedEgg + 3 Replacement Blades Combo BONUS Miracle Foot Repair (Colors may vary),,,,Telebrands,PedEgg + 3 Replacement Blades Combo BONUS Miracle Foot Repair (Colors may vary) Telebrands
B07KZHR2V1,"【3-Pack】 Screen Protector Compatible for iPhone 8 Plus/7 Plus/6 Plus, [5.5"" inch], HD Tempered Glass,Anti-Scratches,Anti-Fingerprint, Case Friendly (iPhone plus-3pack) … (iphone5.5-3packs)",,,,TangDirect,"【3-Pack】 Screen Protector Compatible for iPhone 8 Plus/7 Plus/6 Plus, [5.5"" inch], HD Tempered Glass,Anti-Scratches,Anti-Fingerprint, Case Friendly (iPhone plus-3pack) … (iphone5.5-3packs) TangDirect"
B078SP328M,HAIR CHALKS SET: 6 Colors Temporary Hair Coloring Chalk - Hair Dye Colorful Sticks - Dress Up Performance Costumes Halloween Christmas Party,,,,BUOCEANS,HAIR CHALKS SET: 6 Colors Temporary Hair Coloring Chalk - Hair Dye Colorful Sticks - Dress Up Performance Costumes Halloween Christmas Party BUOCEANS
B094GZW7KD,"Belize Tropical Cabana 8 fl oz. Fragrance Mist, 10 fl oz.Shower Gel , 8 Fl o z., Body Lotion","Belize Tropical Cabana 8 fl oz. Fragrance Mist, 10 fl oz.Shower Gel , 8 Fl o z., Body Lotion",,69.75,Bath & Body Works,"Belize Tropical Cabana 8 fl oz. Fragrance Mist, 10 fl oz.Shower Gel , 8 Fl o z., Body Lotion Bath & Body Works Belize Tropical Cabana 8 fl oz. Fragrance Mist, 10 fl oz.Shower Gel , 8 Fl o z., Body Lotion"
B019EPWMW0,Boscia the Black Collection,,,,BOSCIA,Boscia the Black Collection BOSCIA
B01IAE1UVA,Secura Moisturizing Cream [59431900] 3 oz ( Pack of 6),"Secura Moisturizing Cream [59431900] 3 oz ( Pack of 6) - Secura Moisturizing Cream moisturizes and protects dry skin. Contains petrolatum and vitamin E. It conditions and soothes dry skin and can be used daily or after bathing. Precautions: For external use only. If irritation occurs, consult a physician.",,21.53,Smith & Nephew,"Secura Moisturizing Cream [59431900] 3 oz ( Pack of 6) Smith & Nephew Secura Moisturizing Cream [59431900] 3 oz ( Pack of 6) - Secura Moisturizing Cream moisturizes and protects dry skin. Contains petrolatum and vitamin E. It conditions and soothes dry skin and can be used daily or after bathing. Precautions: For external use only. If irritation occurs, consult a physician."
B07DM64VNT,Benefit KA BROW Cream Gel Brow Color with Brush 3.0 g/0.1 oz Shade # 4.5,,,24.95,Benefit,Benefit KA BROW Cream Gel Brow Color with Brush 3.0 g/0.1 oz Shade # 4.5 Benefit
B094GTZP2R,Hipcheer Large Glitter Cheer Bows Ponytail Holder with Rhinestones Hair Tie for Teen Girls Softball Cheerleader Sports (Red),,,,Hipcheer,Hipcheer Large Glitter Cheer Bows Ponytail Holder with Rhinestones Hair Tie for Teen Girls Softball Cheerleader Sports (Red) Hipcheer
B073Q3NGF8,"Urberry Galaxy S8 Butterfly Wallet Case, S8 Card Holder Case,Shock-proof Case for Samsung Galaxy S8 with a Screen Protector (Green)","Product feature: Exterior made from premium quality artificial leather which feels comfortable in your hand but is damage resistant. Soft interior ensures the case itself will not scratch your device. Device housing made from quality TPU material will not let your device slide out. Product Description: Selected high quality PU simple texture leather,with the super sense of touch .Perfect compatible For Samsung Galaxy S8 Plus 6.2inch Precisely cut to preserve full use of volume buttons, charger, camera, microphone, and all other ports The soft interior lining will also protect the screen as well as feel great in your hands It can be used as a a kickstand,conveniently converted into hands-free viewing for reading and watching. Flip cover design that give you cell phone all side protection, very slight but can protect your cell phone from bumping and shocking. Package Content: 1*Case 1*Screen protector",,,Urberry,"Urberry Galaxy S8 Butterfly Wallet Case, S8 Card Holder Case,Shock-proof Case for Samsung Galaxy S8 with a Screen Protector (Green) Urberry Product feature: Exterior made from premium quality artificial leather which feels comfortable in your hand but is damage resistant. Soft interior ensures the case itself will not scratch your device. Device housing made from quality TPU material will not let your device slide out. Product Description: Selected high quality PU simple texture leather,with the super sense of touch .Perfect compatible For Samsung Galaxy S8 Plus 6.2inch Precisely cut to preserve full use of volume buttons, charger, camera, microphone, and all other ports The soft interior lining will also protect the screen as well as feel great in your hands It can be used as a a kickstand,conveniently converted into hands-free viewing for reading and watching. Flip cover design that give you cell phone all side protection, very slight but can protect your cell phone from bumping and shocking. Package Content: 1*Case 1*Screen protector"
B01M0WMHLS,LeChat Dare To Wear Nail Polish - (Plumeria),,,9.5,Dare to Wear,LeChat Dare To Wear Nail Polish - (Plumeria) Dare to Wear
B07MMQPVSZ,Mtmei hair 8Packs Pre-stretched Braiding Hair Easy Braid 24 Inch Hot Water Setting Synthetic Yaki Texture Professional Braiding Hair Extensions For Box Braids Twist Crochet Hair(#1B),,,,Mtmei hair,Mtmei hair 8Packs Pre-stretched Braiding Hair Easy Braid 24 Inch Hot Water Setting Synthetic Yaki Texture Professional Braiding Hair Extensions For Box Braids Twist Crochet Hair(#1B) Mtmei hair
B09V4VC7BN,Morovan Acrylic Nail Kit with Drill - Glitter Acrylic Powder Nail Flowers Monomer Nail Kit Set Professional Acrylic with Everything Professional For Beginners Acrylic Nails Set,,,,Morovan,Morovan Acrylic Nail Kit with Drill - Glitter Acrylic Powder Nail Flowers Monomer Nail Kit Set Professional Acrylic with Everything Professional For Beginners Acrylic Nails Set Morovan
B08CZ9XHWW,Remy Clip in Hair Extensions 16inch Ash Blonde Fading to 22 and 60 Blonde 3 Pcs Lace Clip on Hair 50 Gram Clip Hair Extensions Full Head Hair Clip Extensions for Women,,,,Fshine,Remy Clip in Hair Extensions 16inch Ash Blonde Fading to 22 and 60 Blonde 3 Pcs Lace Clip on Hair 50 Gram Clip Hair Extensions Full Head Hair Clip Extensions for Women Fshine
B09CGKP8ZK,"OBLHER B 3Pcs Liquid Concealer, High Definition Liquid Dark Circles Treatment Multi-Use Concealer, Include With 100 Light Sand 101 Roasted Walnut 119 Honey Three Colors",,,,OBLHER B,"OBLHER B 3Pcs Liquid Concealer, High Definition Liquid Dark Circles Treatment Multi-Use Concealer, Include With 100 Light Sand 101 Roasted Walnut 119 Honey Three Colors OBLHER B"
B08HVB6517,Soft Black Bob Wig and Women's Natural Short Bob Bangs Synthetic Wig and Colorful Cosplay Wig for Girls + Free Comb Wig Cap Earrings,,,,star soucre wigs,Soft Black Bob Wig and Women's Natural Short Bob Bangs Synthetic Wig and Colorful Cosplay Wig for Girls + Free Comb Wig Cap Earrings star soucre wigs
B096KHWMYX,"Dog Clippers ,Dog Grooming Clippers,Hair Trimmer Pet Hair Clippers Rechargeable,Low Noise, Electric Dog & Cat Grooming Kit with Scissors Nail Kits for Small & Large Pets with Thick to Heavy Coats",,,,CALEEGI,"Dog Clippers ,Dog Grooming Clippers,Hair Trimmer Pet Hair Clippers Rechargeable,Low Noise, Electric Dog & Cat Grooming Kit with Scissors Nail Kits for Small & Large Pets with Thick to Heavy Coats CALEEGI"
B000FQ5NQ0,"Dove Advanced Care Sheer Moisture Leave-In Replenishing Mist, 9.25 FL. OZ. (273 mL)","Hair needs different levels of moisture depending on the level of symptoms experienced. Dove Sheer Moisture provides just the right level of care to hair with slight symptoms of dryness, without weighing it down.",,21.5,Unilever,"Dove Advanced Care Sheer Moisture Leave-In Replenishing Mist, 9.25 FL. OZ. (273 mL) Unilever Hair needs different levels of moisture depending on the level of symptoms experienced. Dove Sheer Moisture provides just the right level of care to hair with slight symptoms of dryness, without weighing it down."
B01IAEV8LM,ApHogee Curlific Moisture Rich Leave-In 8oz,,,8.99,Aphogee,ApHogee Curlific Moisture Rich Leave-In 8oz Aphogee
B01N6SZH6R,Dafni HAIR STRAIGHTENING CERAMIC BRUSH USA VERSION 110V/60Hz,,,,DAFNI,Dafni HAIR STRAIGHTENING CERAMIC BRUSH USA VERSION 110V/60Hz DAFNI
B006WG0FXI,Hair Tinsel 12 Colors 1440 Strands of Fairy Hair Sparkling Shiny Hair Extensions Party Highlights and Outdoor Activities,This seasoning mix of herbs and spices add flavor and sauce to a burrito casserole. Chimichurri is an all-purpose herb sauce from Argentina that adds a wonderful flavor to this Burrito one dish meal.,,,Samal,Hair Tinsel 12 Colors 1440 Strands of Fairy Hair Sparkling Shiny Hair Extensions Party Highlights and Outdoor Activities Samal This seasoning mix of herbs and spices add flavor and sauce to a burrito casserole. Chimichurri is an all-purpose herb sauce from Argentina that adds a wonderful flavor to this Burrito one dish meal.
B09BMWCYRF,HD Lace Front Wigs Human Hair Deep Wave Lace Closure Wig 100% Unprocessed Virgin Deep Wave Human Hair Pre Plucked with Baby Hair 180% Density Remy Human Hair Wigs Natural Color (28 inch) …,,,,Lemoda,HD Lace Front Wigs Human Hair Deep Wave Lace Closure Wig 100% Unprocessed Virgin Deep Wave Human Hair Pre Plucked with Baby Hair 180% Density Remy Human Hair Wigs Natural Color (28 inch) … Lemoda
B07BQZRMWL,"Prep U Foaming Body Wash for Teens - All Natural, Cold Process, Paraben Free - Citrus Mint Scent",,,,Prep U ;,"Prep U Foaming Body Wash for Teens - All Natural, Cold Process, Paraben Free - Citrus Mint Scent Prep U ;"
B07DQ4QD6D,"Mesaidu 3-in-1 Eye Makeup Eyebrow Pencil, Blender, Brush All In One (Ash Grey)",,,,Mesaidu,"Mesaidu 3-in-1 Eye Makeup Eyebrow Pencil, Blender, Brush All In One (Ash Grey) Mesaidu"
B00SQJ1MZO,Natural 3 oz Plastic Jar Natural Lid 6 pk with Mini Jar,,,,,Natural 3 oz Plastic Jar Natural Lid 6 pk with Mini Jar
B00GMP7DQ6,Fx Keratin Oil Spray Leave-In Strengthening 4oz (3 Pack),,,,FXWerkryt,Fx Keratin Oil Spray Leave-In Strengthening 4oz (3 Pack) FXWerkryt
B01C5K7JYM,Technic Highlights Stick Cream Highlighter 7.3g-Bronze,"This multi-purpose stick can be used on eyes, cheeks, lips and body to give you a sheer shimmer that lasts. Its unique, creamy formula blends effortlessly to provide gorgeous colour for creating shimmering accents, contours or dynamic highlights on all skin tones. This illuminating highlighter stick let you create a radiant glow on the go. Available as a bronzer to accentuate your features and illuminate your face. *Product Image May Slightly Vary In Shade Colour* Additional Information:- Brand: Technic Condition: Brand New Type: Face Highlighter",,4.49,,"Technic Highlights Stick Cream Highlighter 7.3g-Bronze This multi-purpose stick can be used on eyes, cheeks, lips and body to give you a sheer shimmer that lasts. Its unique, creamy formula blends effortlessly to provide gorgeous colour for creating shimmering accents, contours or dynamic highlights on all skin tones. This illuminating highlighter stick let you create a radiant glow on the go. Available as a bronzer to accentuate your features and illuminate your face. *Product Image May Slightly Vary In Shade Colour* Additional Information:- Brand: Technic Condition: Brand New Type: Face Highlighter"
B07WQWHBKC,Passion Twist Hair 18 inch 6 packs Long Water Wave Crochet Braids for Passion Twist Crochet Hair Extension Pre Looped Fluffy Crochet Curly Bohemain Locs (1B/30#),,,,Monitu,Passion Twist Hair 18 inch 6 packs Long Water Wave Crochet Braids for Passion Twist Crochet Hair Extension Pre Looped Fluffy Crochet Curly Bohemain Locs (1B/30#) Monitu
B084GGP5SQ,Shower Jellies (Blueberry Cobbler),,,,Bella and Bear,Shower Jellies (Blueberry Cobbler) Bella and Bear
B016R0UMD6,Panthere De Cartier 2-piece Set 1.6 Oz Parfum De Toilette Spray Women,,,,ERTDDE,Panthere De Cartier 2-piece Set 1.6 Oz Parfum De Toilette Spray Women ERTDDE
B079SJ7ZNW,Lumineux Ageless Moisturizer,,,,Lumineux ARBrend,Lumineux Ageless Moisturizer Lumineux ARBrend
B07JVPF7YZ,FreshMe 24K Gold Collagen Under Eye Patch for Women and Men - 20 Pairs Gel Eye Treatment Mask for Eyes Puffiness Anti Aging Removing Bags Deep Hydration Relieve Dark Circles,"EYE SKIN TREATMENTS: Collagen eye pads can keep moisturizing, reduce laxity and puffiness, fade away dark circles around the eyes, and inflammation caused by allergens. And can help to constrict the blood vessels in the skin under the eyes, which reduces the appearance of dark circles. Further, a cool collagen eye pads can also soothe and firm the skin irritated by cosmetic products or the environment, making it appear healthier. FULL ESSENCE FOR EYE MOISTURING: FRESHME under eye pads is full of essence, and the material will matain moisture of long periods of time, the gel mask holds in the moisturizing beauty serum, seccessfully delivering it to skin. SAFE INGREDIENT: There are 5 safe ingradients in our gel eye pads, which are Collagen, Hyaluronic Acid, Retinoids, 24K Gold Powder and Nocotinamide. One of the best things about hyaluronic acid is that it can benefit all skin types. It's obviously hydrating and anti-aging properties for all skins. At the same time, collagen can be quickly absorbed into the skin and works to promote an evenly toned luminosity to the delicate skin surrounding the eyes. PERFECT SIZE FOR C ZONE: The material, size and shape and retention were carefully chosen and calculated. The shape and size of eye pads were design to included the C Zone in order to treat fine wrinkles and dark circles. NON SLIPPERY: Our collagen eye pads is non slippery, and you can wear it when you are lying or sitting for watching TV. It won't hinder you to do other things while you are doing eye treatment. Using in the morning for a refreshed look across the entire eye area, which enables a smooth makeup application. Use in the evening to calm and replenish dullness accumulated throughtout the day.",,,FRESHME,"FreshMe 24K Gold Collagen Under Eye Patch for Women and Men - 20 Pairs Gel Eye Treatment Mask for Eyes Puffiness Anti Aging Removing Bags Deep Hydration Relieve Dark Circles FRESHME EYE SKIN TREATMENTS: Collagen eye pads can keep moisturizing, reduce laxity and puffiness, fade away dark circles around the eyes, and inflammation caused by allergens. And can help to constrict the blood vessels in the skin under the eyes, which reduces the appearance of dark circles. Further, a cool collagen eye pads can also soothe and firm the skin irritated by cosmetic products or the environment, making it appear healthier. FULL ESSENCE FOR EYE MOISTURING: FRESHME under eye pads is full of essence, and the material will matain moisture of long periods of time, the gel mask holds in the moisturizing beauty serum, seccessfully delivering it to skin. SAFE INGREDIENT: There are 5 safe ingradients in our gel eye pads, which are Collagen, Hyaluronic Acid, Retinoids, 24K Gold Powder and Nocotinamide. One of the best things about hyaluronic acid is that it can benefit all skin types. It's obviously hydrating and anti-aging properties for all skins. At the same time, collagen can be quickly absorbed into the skin and works to promote an evenly toned luminosity to the delicate skin surrounding the eyes. PERFECT SIZE FOR C ZONE: The material, size and shape and retention were carefully chosen and calculated. The shape and size of eye pads were design to included the C Zone in order to treat fine wrinkles and dark circles. NON SLIPPERY: Our collagen eye pads is non slippery, and you can wear it when you are lying or sitting for watching TV. It won't hinder you to do other things while you are doing eye treatment. Using in the morning for a refreshed look across the entire eye area, which enables a smooth makeup application. Use in the evening to calm and replenish dullness accumulated throughtout the day."
B0928PP6J6,"QIUTIMIY 12 Pack(Blue) Lily Flower Hair Pins for Bridal Wedding Women Hair Jewelry Accessories, with Clear Container",,,,QIUTIMIY,"QIUTIMIY 12 Pack(Blue) Lily Flower Hair Pins for Bridal Wedding Women Hair Jewelry Accessories, with Clear Container QIUTIMIY"
B08T1F96CQ,"JIANHE Hand Sanitizing Wipes Bags - 75% Ethyl Alcohol Large (7.9"" x 5.5"") Inches 80 Cleansing Cloths in Moisture-Lock Pouch (160 Wipes), Pack of 2",,,,JIANHE,"JIANHE Hand Sanitizing Wipes Bags - 75% Ethyl Alcohol Large (7.9"" x 5.5"") Inches 80 Cleansing Cloths in Moisture-Lock Pouch (160 Wipes), Pack of 2 JIANHE"
B08F3FMBL6,2PCS Messy Bun Hair Scrunchies Curly Wavy Scrunchy Updo Bun Extensions for Women and Girls Messy Synthetic Chignon Hairpiece Scrunchie Scrunchy Updo Hairpiece for Women(1050# Sandy Blonde),,,,Stamped Glorious,2PCS Messy Bun Hair Scrunchies Curly Wavy Scrunchy Updo Bun Extensions for Women and Girls Messy Synthetic Chignon Hairpiece Scrunchie Scrunchy Updo Hairpiece for Women(1050# Sandy Blonde) Stamped Glorious
B07SDBYKCR,"Boho Headbands for Women, Knot Headbands, Turban Headbands for Women, Cross Hard Headbands Hair Accessories (12 Colors, 12 Styles)",,,,ANBALA,"Boho Headbands for Women, Knot Headbands, Turban Headbands for Women, Cross Hard Headbands Hair Accessories (12 Colors, 12 Styles) ANBALA"
B07TZKDG5K,"WAYFARER SUPPLY Toiletry Bag with Travel Jewelry Organizer, Blue and Yellow Flowers",,,,Wayfarer Supply Co.,"WAYFARER SUPPLY Toiletry Bag with Travel Jewelry Organizer, Blue and Yellow Flowers Wayfarer Supply Co."
B074DZ9TPP,BABEYOND Crystal Rhinestone Tiara Headband Happy Birthday Girl Crown Comb Pin (Multicolor),,,,BABEYOND,BABEYOND Crystal Rhinestone Tiara Headband Happy Birthday Girl Crown Comb Pin (Multicolor) BABEYOND
B08NZQ47WR,"5 Pack Saberl Tattoo & Flaw Concealing Tape,Scars Flaw Cover UP Tape Stickers,Tattoo Covers and Skin Shields Cover Up Tape,Flesh-Colored Waterproof Free to Cut Smudge Any Part(Natural)",,,,Saberl,"5 Pack Saberl Tattoo & Flaw Concealing Tape,Scars Flaw Cover UP Tape Stickers,Tattoo Covers and Skin Shields Cover Up Tape,Flesh-Colored Waterproof Free to Cut Smudge Any Part(Natural) Saberl"
B08JV1CW8Z,"8 Pieces Banana Hair Clips Clincher Combs Large Vintage Banana Clips Comb Tool Multipurpose Hair Comb Double Combs Clip Claws for Women Girls Thick Curly Hair, 4 Styles (Black, Blue, White and Brown)",,,,WILLBOND,"8 Pieces Banana Hair Clips Clincher Combs Large Vintage Banana Clips Comb Tool Multipurpose Hair Comb Double Combs Clip Claws for Women Girls Thick Curly Hair, 4 Styles (Black, Blue, White and Brown) WILLBOND"
B00YMP7RZU,HAWAIIAN TR SH AFTER SUN IRC - 6OZ,,,,AYKU,HAWAIIAN TR SH AFTER SUN IRC - 6OZ AYKU
B01IGXNWLQ,Missha Minions Edition Cushion Lip Crayon (Cherry Shower-Dave),,,,MISSHA,Missha Minions Edition Cushion Lip Crayon (Cherry Shower-Dave) MISSHA
B08B59J88D,RONRONS 20 Pieces 4.5ML Novelty Centrifugal Tube Shaped Lip Gloss Tubes Empty Refillable Lip Balm Bottles Vials Container With Pink Lid Brush Applicator Lipgloss Eyelash Eyeliner Oil Split Holder,,,,RONRONS,RONRONS 20 Pieces 4.5ML Novelty Centrifugal Tube Shaped Lip Gloss Tubes Empty Refillable Lip Balm Bottles Vials Container With Pink Lid Brush Applicator Lipgloss Eyelash Eyeliner Oil Split Holder RONRONS
B00Z1QMMT0,Christian BRETON Infinite Lashes 4 ml,,,14.97,,Christian BRETON Infinite Lashes 4 ml
B0787FHGNR,Zhiyun SJJ-B01 Rotatable Cellphone Clamp Tripod Mount Vertical Bracket Phone Clip Clipper for Smartphones and Zhiyun Crane 2,,,,zhi yun,Zhiyun SJJ-B01 Rotatable Cellphone Clamp Tripod Mount Vertical Bracket Phone Clip Clipper for Smartphones and Zhiyun Crane 2 zhi yun
B07FVY4ZQQ,Exttlliy Kid Haircut Salon Cape Waterproof Shampoo Capes Professional Hair Styling Smock With Clear Viewing Window,,,,Exttlliy,Exttlliy Kid Haircut Salon Cape Waterproof Shampoo Capes Professional Hair Styling Smock With Clear Viewing Window Exttlliy
B09F6B5G9D,"100Pcs Durable Micro Disposable Eyelash Applicators, Eyelash Dedicated Extension Individual Applicators Mascara Brush for Make up, Clean and Compatible",,,,KAYZON,"100Pcs Durable Micro Disposable Eyelash Applicators, Eyelash Dedicated Extension Individual Applicators Mascara Brush for Make up, Clean and Compatible KAYZON"
B08LGKQBWP,"HADIZ Lash Mirror for Eyelash Extensions, Stainless Steel Eyelash Mirror Square, Lash Extension Tool, Beauty Mirror (Gold)","Eyelash Mirror. HADIZ Large Mirror allows you to view every angle of your client's lashes to ensure their lashes are perfect. A must have tool for all lash technician to create a flawless set of eyelash extensions. Also a perfect tool for exceptional photos of your great work! ✔Lash Mirror for checking Eyelash Extensions ◆Professional, Elegant, and Affordable. Our Premium Quality Stainless Steel Large Detachable lash Mirror is carefully handcrafted to perfection.it isthe premium quality you don’t have to worry about the metal being lost or the screws being loose. ✔EASY TO USE AND MAINTAIN The stainless-steel square mirrors set can be easily placed on the client’s cheekbone due to its perfect size and shape. The handle has an easy grip and you can adjust the angle as you please. Also, the mirrors are very easy to clean and can be disinfected. ✔PERFECT ANGLE Perfect angle to view your work without any headache. You can take large pictures of eyelash extensions work with this beautiful tool to show your customers so they can view accuracy and quality of Lashes. ✔Some of the amazing features of this product: ★Premium-quality stainless steel mirror ★Square shape ★Sleek design ★Easy-grip ★Durable and wear-resistant ★Professional eyelash accessory ★Easy to use and clean ★Smooth surface ★Lightweight mirror",,,SNW,"HADIZ Lash Mirror for Eyelash Extensions, Stainless Steel Eyelash Mirror Square, Lash Extension Tool, Beauty Mirror (Gold) SNW Eyelash Mirror. HADIZ Large Mirror allows you to view every angle of your client's lashes to ensure their lashes are perfect. A must have tool for all lash technician to create a flawless set of eyelash extensions. Also a perfect tool for exceptional photos of your great work! ✔Lash Mirror for checking Eyelash Extensions ◆Professional, Elegant, and Affordable. Our Premium Quality Stainless Steel Large Detachable lash Mirror is carefully handcrafted to perfection.it isthe premium quality you don’t have to worry about the metal being lost or the screws being loose. ✔EASY TO USE AND MAINTAIN The stainless-steel square mirrors set can be easily placed on the client’s cheekbone due to its perfect size and shape. The handle has an easy grip and you can adjust the angle as you please. Also, the mirrors are very easy to clean and can be disinfected. ✔PERFECT ANGLE Perfect angle to view your work without any headache. You can take large pictures of eyelash extensions work with this beautiful tool to show your customers so they can view accuracy and quality of Lashes. ✔Some of the amazing features of this product: ★Premium-quality stainless steel mirror ★Square shape ★Sleek design ★Easy-grip ★Durable and wear-resistant ★Professional eyelash accessory ★Easy to use and clean ★Smooth surface ★Lightweight mirror"
B07YBHN4QY,"Lime Crime Winter Shine Mini Wet Cherry Lip Gloss Set - Set of 3 - High Shine, Non-Sticky Gloss - Cherry Scent - Lightweight Ultra Glossy Sheen - Won't Bleed or Crease - Vegan - 0.1 fl oz",,,,Lime Crime,"Lime Crime Winter Shine Mini Wet Cherry Lip Gloss Set - Set of 3 - High Shine, Non-Sticky Gloss - Cherry Scent - Lightweight Ultra Glossy Sheen - Won't Bleed or Crease - Vegan - 0.1 fl oz Lime Crime"
B07G9QDLHR,"Hydrating Peel Off Glitter Face Mask, Moisturizing Facial Mask & Face Cleanser - Pore Minimizer Cleaner, Acne Treatment, Blackhead Remover Charcoal Masks, Collagen Sheet Mask for Oily Skin, Heals Skin",,,,,"Hydrating Peel Off Glitter Face Mask, Moisturizing Facial Mask & Face Cleanser - Pore Minimizer Cleaner, Acne Treatment, Blackhead Remover Charcoal Masks, Collagen Sheet Mask for Oily Skin, Heals Skin"
B07PJKS5M5,CORABLADE Sh90 Blades Compatible with Philips Norelco Shaver Replacement Heads Series 9000,,,,CORABLADE,CORABLADE Sh90 Blades Compatible with Philips Norelco Shaver Replacement Heads Series 9000 CORABLADE
B00V94Y21E,Replenish Eye Treatment Cream 0.5oz by David Douglas,,,,David Douglas Skin Care,Replenish Eye Treatment Cream 0.5oz by David Douglas David Douglas Skin Care
B00VINQMIC,"nugg Award-Winning Face Mask 6-Pack - Cleanse, Hydrate and Revitalize; 6 x 0.33 fl.oz.",,,,NUGG,"nugg Award-Winning Face Mask 6-Pack - Cleanse, Hydrate and Revitalize; 6 x 0.33 fl.oz. NUGG"
B017FYTGJ4,"Eslite Waterproof Double Layers Shower Caps for Women,(Purple, White Dot)",,,,,"Eslite Waterproof Double Layers Shower Caps for Women,(Purple, White Dot)"
B07DVG18X9,Brown & Blonde Highlight Tape in Human Hair Extensions Long Straight Seamless Skin Weft Hair Invisible Double Sided Tape 20pcs 30g+10pcs Extra Tapes Medium Brown mixed Dark Blonde #4-27 18inch,,,,Benehair,Brown & Blonde Highlight Tape in Human Hair Extensions Long Straight Seamless Skin Weft Hair Invisible Double Sided Tape 20pcs 30g+10pcs Extra Tapes Medium Brown mixed Dark Blonde #4-27 18inch Benehair
B081J8D1YP,"Hair Salon Designer Water Spray Bottle, 16 oz. Adjustable Head Sprayer from Fine to Stream (Pack of 3)",,,,Bar5F,"Hair Salon Designer Water Spray Bottle, 16 oz. Adjustable Head Sprayer from Fine to Stream (Pack of 3) Bar5F"
B08BF4BKKM,"Facial Kit For Women - Includes Facial Mask, Facial Makeup Wipes, Nose Strips, Facial Cleansers, Facial- Self Care Package For Women (Multivitamin Facial Kit)",,,,Golden Gift Box,"Facial Kit For Women - Includes Facial Mask, Facial Makeup Wipes, Nose Strips, Facial Cleansers, Facial- Self Care Package For Women (Multivitamin Facial Kit) Golden Gift Box"
B00FA2XPY6,LOL Cosmetics Palette Long Lasting Eyeshadow Makeup (How Now),,,,,LOL Cosmetics Palette Long Lasting Eyeshadow Makeup (How Now)
B082245PK2,"Vaultz Locking Makeup Artist Case, Black White Stripe (VZ03755)","At Vaultz, ""If it's Important to You, Lock It Up."" The Vaultz Makeup Artist Case allows you to lock your personal and private items up in style. This durable and chic box is ideal for carrying makeup and other cosmetics on the go. The reliable key lock provides security, and the sturdy construction features steel corners, aluminum reinforcement, and a convenient handle for easy carrying. This makeup case features a built-in 14 brush holder in lid, a removable, divided, upper tray for simple access to lower compartment and 5 adjustable dividers to customize the space. This is a makeup case that you are sure to love. Black White Stripe.",,67.49,Vaultz,"Vaultz Locking Makeup Artist Case, Black White Stripe (VZ03755) Vaultz At Vaultz, ""If it's Important to You, Lock It Up."" The Vaultz Makeup Artist Case allows you to lock your personal and private items up in style. This durable and chic box is ideal for carrying makeup and other cosmetics on the go. The reliable key lock provides security, and the sturdy construction features steel corners, aluminum reinforcement, and a convenient handle for easy carrying. This makeup case features a built-in 14 brush holder in lid, a removable, divided, upper tray for simple access to lower compartment and 5 adjustable dividers to customize the space. This is a makeup case that you are sure to love. Black White Stripe."
B08K8T4M29,"20 Sheets Temporary Tattoos Stickers Waterproof Fake Tattoo Stickers Black Mountain Tattoos Water Transfer Fake Tattoos for Women Men Kids Body Arm Art Makeup, Mixed Styles",,,,Zonon,"20 Sheets Temporary Tattoos Stickers Waterproof Fake Tattoo Stickers Black Mountain Tattoos Water Transfer Fake Tattoos for Women Men Kids Body Arm Art Makeup, Mixed Styles Zonon"
B08FZZ1TWD,"Back Scrubber for Shower,Lengthen Silicone Body Scrubber for Men & Women,Dual Side Silicone Bath Body Brush for Cleansing,Exfoliating and Back Acne-Gray…",,,,Aleath,"Back Scrubber for Shower,Lengthen Silicone Body Scrubber for Men & Women,Dual Side Silicone Bath Body Brush for Cleansing,Exfoliating and Back Acne-Gray… Aleath"
B09CKY1C1S,"Shower Brush,Bath Exfoliating Massage Brush,Back Cleaning Scrubber,Wet and Dry Brushing Body Brush of Natural Material,Soft Bathe Brush for Glowing Skin Improve Blood Circulation",,,,Gracfulcub,"Shower Brush,Bath Exfoliating Massage Brush,Back Cleaning Scrubber,Wet and Dry Brushing Body Brush of Natural Material,Soft Bathe Brush for Glowing Skin Improve Blood Circulation Gracfulcub"
B08K7MKKT2,8 Pack 6 inch Large Big Grosgrain Ribbon Hair Bows Clips with Bottle Cap Center for Girls Toddlers Kids Teens,,,,LCLHB,8 Pack 6 inch Large Big Grosgrain Ribbon Hair Bows Clips with Bottle Cap Center for Girls Toddlers Kids Teens LCLHB
B086LJJ53J,"Pretty Frank Natural Deodorant - No Aluminum Deodorant for Women, Men, Teens, & Kids – Paraben Sulfate Free Solid Deodorant Featuring Shea Butter, Coconut Oil, Vitamin E & Baking Soda (Coconut Lime)",,,,PRETTY FRANK,"Pretty Frank Natural Deodorant - No Aluminum Deodorant for Women, Men, Teens, & Kids – Paraben Sulfate Free Solid Deodorant Featuring Shea Butter, Coconut Oil, Vitamin E & Baking Soda (Coconut Lime) PRETTY FRANK"
B01IA99W2E,Axe Kilo Daily Fragrance 4 oz (Pack of 8),,,,AXE,Axe Kilo Daily Fragrance 4 oz (Pack of 8) AXE
B07GR87K96,6 Colors Highly Pigmented Glow Kit Makeup Powder Palette Face Illuminating Highlighter & Bronzer,,,,,6 Colors Highly Pigmented Glow Kit Makeup Powder Palette Face Illuminating Highlighter & Bronzer
B07T93XK29,6 PACK!! Ruby Kisses Jelly Lippies Lip Gloss (RMLG03-Love),,,,KISS LIPGLOSS,6 PACK!! Ruby Kisses Jelly Lippies Lip Gloss (RMLG03-Love) KISS LIPGLOSS
B07X2Z26NH,Fa Deodorant 6.75 Ounce Spray Pink Passion (Pack of 3),A pack of 3 deodorants from FA pink passion,,,Fa,Fa Deodorant 6.75 Ounce Spray Pink Passion (Pack of 3) Fa A pack of 3 deodorants from FA pink passion
B01JP2GRKA,Oksale Plush Panda Zipper Pencil Case Office Stationery School Coin Purse Wallet Cosmetic Makeup Pen Bag (Panda),,,,Oksale,Oksale Plush Panda Zipper Pencil Case Office Stationery School Coin Purse Wallet Cosmetic Makeup Pen Bag (Panda) Oksale
B09C4JV3XD,Eyebrow Stamp Stencil Kit - Brow Pomade Stamp Shaping Kit Eyebrow Definer with 10 Styles Stencil /2 Eyebrow Pen Brushes/ 1 Eyebrow Trimmer Makeup Tools for Women and Girl (Brown),,,,LKAN,Eyebrow Stamp Stencil Kit - Brow Pomade Stamp Shaping Kit Eyebrow Definer with 10 Styles Stencil /2 Eyebrow Pen Brushes/ 1 Eyebrow Trimmer Makeup Tools for Women and Girl (Brown) LKAN
B0895DP1BJ,Nerium AD Age Defying Day Cream & Night Cream Combo 30 mL/1 fl. oz. each,"Nerium International is a skin care company that creates products focused on skin wellness and anti-aging. It boasts of exclusive patented ingredients that are unique to its brand and that are clinically proven. Specifically, its flagship product Age-Defying Night Cream with the Nerium AD Formula demonstrates testimonials and supporting before- and after-photos that appears to give dramatic results. Here is what the science reveals about Nerium's Age-Defying Night Cream.",,,Nerium,"Nerium AD Age Defying Day Cream & Night Cream Combo 30 mL/1 fl. oz. each Nerium Nerium International is a skin care company that creates products focused on skin wellness and anti-aging. It boasts of exclusive patented ingredients that are unique to its brand and that are clinically proven. Specifically, its flagship product Age-Defying Night Cream with the Nerium AD Formula demonstrates testimonials and supporting before- and after-photos that appears to give dramatic results. Here is what the science reveals about Nerium's Age-Defying Night Cream."
B087N2TD86,"24 Pieces No Bend Clips Pin Curl Clips No Crease Hair Clips for Hairstyle Bangs Finger Waves Makeup Application (Black, Pink, Blue, Yellow)",,,,TOODOO,"24 Pieces No Bend Clips Pin Curl Clips No Crease Hair Clips for Hairstyle Bangs Finger Waves Makeup Application (Black, Pink, Blue, Yellow) TOODOO"
B01NBJU3A5,"DiabetAid Pain and Tingling Relief Lotion, 4 Ounce by Diabetaid",DiabetAid is specifically formulated for people with diabetes DiabetAid is a line of unique products specially formulated to alleviate some of the uncomfortable secondary symptoms associated with diabetes. Each item was developed under the guidance of a leading endocrinologist and contains no ingredients considered harmful to people with diabetes. DiabetAid special medicines for the special needs of people with diabetes.,,,Diabetaid,"DiabetAid Pain and Tingling Relief Lotion, 4 Ounce by Diabetaid Diabetaid DiabetAid is specifically formulated for people with diabetes DiabetAid is a line of unique products specially formulated to alleviate some of the uncomfortable secondary symptoms associated with diabetes. Each item was developed under the guidance of a leading endocrinologist and contains no ingredients considered harmful to people with diabetes. DiabetAid special medicines for the special needs of people with diabetes."
B00LVFPL0W,Kate Brown Shade Eyes Br-2,,,,Kate,Kate Brown Shade Eyes Br-2 Kate
B07FKB1LRD,"NEJLSD Makeup Brushes Set, Professional Premium Makeup Brushes 32 pcs,Face Eye Shadow Eyeliner Blush Lip Powder Liquid Cream Blending Brush Kit Soft and silky",,,,,"NEJLSD Makeup Brushes Set, Professional Premium Makeup Brushes 32 pcs,Face Eye Shadow Eyeliner Blush Lip Powder Liquid Cream Blending Brush Kit Soft and silky"
B0087S2AE6,Dark Brown Fishtail Braid Hair Band | Elasticated Braided Plaited Head Band,,,,Hair By MissTresses,Dark Brown Fishtail Braid Hair Band | Elasticated Braided Plaited Head Band Hair By MissTresses
B00286WV1U,Advanced Cleansing Silk,"Advanced cleansing silk is a wonderfully anti-aging, gentle, thorough, non-drying approach to cleansing the skin. Silken micronized clays are lushly infused with vanilla orchid, north American rose, wild crafted calendula and Mediterranean olive. These fresh botanicals are carefully blended in a pure organic aloe base, creating a prime cleansing experience that will effectively:- Soothe away impurities- soften tone and texture- support moisture balance- remove environmental toxic debris.",,,Organic Complexion,"Advanced Cleansing Silk Organic Complexion Advanced cleansing silk is a wonderfully anti-aging, gentle, thorough, non-drying approach to cleansing the skin. Silken micronized clays are lushly infused with vanilla orchid, north American rose, wild crafted calendula and Mediterranean olive. These fresh botanicals are carefully blended in a pure organic aloe base, creating a prime cleansing experience that will effectively:- Soothe away impurities- soften tone and texture- support moisture balance- remove environmental toxic debris."
B00T2GO45A,"Elandy Hand-made Wig Braid Hair Band Fashion Headbands for Women, Light Brown",,,,Elandy,"Elandy Hand-made Wig Braid Hair Band Fashion Headbands for Women, Light Brown Elandy"
B00ODGNIOC,"Heidi & Oak Natural Labs - Vitamin C Anti-Aging Serum 20% - 1 Fl.Oz - 60 Day Supply - With Hyaluronic Acid + Vitamin E + Amino Acid Complex - Provides Nourishment, Restoration and Protection for Your Skin - Reduces Unsightly Wrinkles, Fades Age Spots, Calms Inflammation and Helps Combat Acne By Neutralizing Free Radicals for Beautiful Glowing Skin - Convienient Pump Action Bottle - Your Skin Will Love Our Vitamin C Serum - Made in USA","Take 10 years off of your face! Rejuvenate your face with the potent antioxidant power of Vitamin C. Forget about expensive surgeries, lasers or chemical peels. Vitamin C is proven just as effective in reversing damage and slowing the signs of aging. Our professionally formulated Vitamin C Serum will rejuvenate your skin, giving it that beautiful youthful glow. Feel confident knowing the serum is penetrating deep in your skin and actively reversing the effects of aging. Many users report feeling more radiant skin on the very first use! Heidi & Oak Vitamin C Serum uses only the finest plant based ingredients, with no parabens, alcohol or animal testing. Our Vitamin C Serum provides the following benefits: Increases collagen production to revitalize skin elasticity. Potent antioxidant properties which neutralize free radicals to reduce damage from sun, pollution and cigarette smoke. Reduces the appearance of fine lines and wrinkles. Protects skin from UV damage including sun spots, discolouration and wrinkles. Increases the skin’s natural rate of exfoliation for a radiant, smooth complexion. Additional Ingredients Vitamin E + Amino Complex + Hyaluronic Acid provide additional powerful anti-aging effects. WORKS OR YOUR MONEY BACK Manufacturer's Guarantee: We back our products up with a 365-day hassle-free money back guarantee. If you are not completely satisfied, simply contact us and we will give you a full refund, no questions asked. Don't wait another day to restore and protect your beautiful face! Order now while we are still in stock!",,,Heidi & Oak Natural Labs,"Heidi & Oak Natural Labs - Vitamin C Anti-Aging Serum 20% - 1 Fl.Oz - 60 Day Supply - With Hyaluronic Acid + Vitamin E + Amino Acid Complex - Provides Nourishment, Restoration and Protection for Your Skin - Reduces Unsightly Wrinkles, Fades Age Spots, Calms Inflammation and Helps Combat Acne By Neutralizing Free Radicals for Beautiful Glowing Skin - Convienient Pump Action Bottle - Your Skin Will Love Our Vitamin C Serum - Made in USA Heidi & Oak Natural Labs Take 10 years off of your face! Rejuvenate your face with the potent antioxidant power of Vitamin C. Forget about expensive surgeries, lasers or chemical peels. Vitamin C is proven just as effective in reversing damage and slowing the signs of aging. Our professionally formulated Vitamin C Serum will rejuvenate your skin, giving it that beautiful youthful glow. Feel confident knowing the serum is penetrating deep in your skin and actively reversing the effects of aging. Many users report feeling more radiant skin on the very first use! Heidi & Oak Vitamin C Serum uses only the finest plant based ingredients, with no parabens, alcohol or animal testing. Our Vitamin C Serum provides the following benefits: Increases collagen production to revitalize skin elasticity. Potent antioxidant properties which neutralize free radicals to reduce damage from sun, pollution and cigarette smoke. Reduces the appearance of fine lines and wrinkles. Protects skin from UV damage including sun spots, discolouration and wrinkles. Increases the skin’s natural rate of exfoliation for a radiant, smooth complexion. Additional Ingredients Vitamin E + Amino Complex + Hyaluronic Acid provide additional powerful anti-aging effects. WORKS OR YOUR MONEY BACK Manufacturer's Guarantee: We back our products up with a 365-day hassle-free money back guarantee. If you are not completely satisfied, simply contact us and we will give you a full refund, no questions asked. Don't wait another day to restore and protect your beautiful face! Order now while we are still in stock!"
B01AY5GS7E,Gucci by Gucci eau de toilette,,,,Gucci,Gucci by Gucci eau de toilette Gucci
B009TCXBWY,Versace Bright Crystal Eau De Toilette Spray For Women 90Ml/3Oz,"Bright Crystal By Versace Eau De Toilette Spray 3 Oz Women : A Sweet Floral Scent With Fruity, Musky Accents. With Scents Of Pomegranate, Yuzu, Frosted Accord, Peony, Magnolia, Lotus, Plant Amber, Musk, And Mahogany.",,,Versace,"Versace Bright Crystal Eau De Toilette Spray For Women 90Ml/3Oz Versace Bright Crystal By Versace Eau De Toilette Spray 3 Oz Women : A Sweet Floral Scent With Fruity, Musky Accents. With Scents Of Pomegranate, Yuzu, Frosted Accord, Peony, Magnolia, Lotus, Plant Amber, Musk, And Mahogany."
B08SLVT3TF,10A Brazilian Body Wave Bundles （24 26 28）100% Virgin Human Hair Bundles Unprocessed Weave Hair Human Bundles of Brazilian Hair Natural Black,,,,YOCYTU,10A Brazilian Body Wave Bundles （24 26 28）100% Virgin Human Hair Bundles Unprocessed Weave Hair Human Bundles of Brazilian Hair Natural Black YOCYTU
B00KJSAW1K,Protein 29 Conditioning Hair Groom Tonic 4 oz (Pack of 6),,,,,Protein 29 Conditioning Hair Groom Tonic 4 oz (Pack of 6)
B00CM0WHXY,Beauty 21 Cosmetics Clipc32 Beauty 21 Cosmetics,"Introducing a new line of hydrating color lipsticks that nourish and moisturize lips while giving them the vibrant color. Enriched with Vitamin E, it goes on with ease and leaves lips feeling soft and supple.",,,L.A. COLORS,"Beauty 21 Cosmetics Clipc32 Beauty 21 Cosmetics L.A. COLORS Introducing a new line of hydrating color lipsticks that nourish and moisturize lips while giving them the vibrant color. Enriched with Vitamin E, it goes on with ease and leaves lips feeling soft and supple."
B07H26P2BZ,Ushow Deep Wave Brazilian Virgin Hair Bundles with Frontal (16 18 20 with 14) 8A Deep Curly Wave 3 Bundles with 13×4 Ear to Ear Lace Frontal Closure Pre Plucked Frontal and remy Human Hair Extensions,,,,,Ushow Deep Wave Brazilian Virgin Hair Bundles with Frontal (16 18 20 with 14) 8A Deep Curly Wave 3 Bundles with 13×4 Ear to Ear Lace Frontal Closure Pre Plucked Frontal and remy Human Hair Extensions
B085HBB4DD,Nail Stamping Plates Kit with 20 Stainless Steel Nail Plates and Bag,,,,Glamlily,Nail Stamping Plates Kit with 20 Stainless Steel Nail Plates and Bag Glamlily
B07MM3ZDKL,Flyteng Goddess Locs Crochet Hair 6 packs Synthetic Braiding Hair 24 inch Faux Locs Crochet Hair black Faux Locs Twist Braids,,,,,Flyteng Goddess Locs Crochet Hair 6 packs Synthetic Braiding Hair 24 inch Faux Locs Crochet Hair black Faux Locs Twist Braids
B01H45Q4MG,Disney Hair Glitter Barrettes Assorted Pack,,,,,Disney Hair Glitter Barrettes Assorted Pack
B01MSM2ZHV,Ogx Orchid Oil Color Protect Oil Fade Defying 4 Ounce (118ml) (2 Pack),Helps to slow premature fading and protects color-treated tresses.,,,OGX,Ogx Orchid Oil Color Protect Oil Fade Defying 4 Ounce (118ml) (2 Pack) OGX Helps to slow premature fading and protects color-treated tresses.
B07GQZF21N,"Bamboo Hair Brush with Bamboo Bristles, Hairbrush for All Hair Types, Scalp Massage, Improve Hair Growth and Health, Prevent Loss, Anti Static, Bamboo Large Paddle Brush, Giftbox Included",,,,LULU FLOWER,"Bamboo Hair Brush with Bamboo Bristles, Hairbrush for All Hair Types, Scalp Massage, Improve Hair Growth and Health, Prevent Loss, Anti Static, Bamboo Large Paddle Brush, Giftbox Included LULU FLOWER"
B088WWH6B1,(),,,,Pangda,() Pangda
B019DCX4DK,Josie Maran Coconut Watercolor Eye Shadow in 'Rio de Rose Gold',,,,Josie Maran,Josie Maran Coconut Watercolor Eye Shadow in 'Rio de Rose Gold' Josie Maran
B0979HZQM5,Exolgo Tendresse Waterproof Eyeliner | 2 In 1 Soft Silky Long Lasting Eye Liner With Sponge Applicator | Automatic Self Sharpening Eye Definer Pen With Pin Point Accuracy | Made In Germany | (Soft Brown),"ACHIEVE THAT PROFESSIONAL LOOK: This eyeliner pencil is designed for professionals and DIYers. It has a self-sharpening point and pin-point accuracy, so looking your best will never be easier. SOFT, SILKY SMOOTH TEXTURE: The waterproof eye color pencil is waterproof and has a buttery soft, silky texture. It feels so nice on the skin. Please Note: the lead is NOT retractable, so you have to slowly turn the pencil a few times, to prime it. MADE WITH A BUILT-IN SPONGE: Our premium eyeliner pencil comes with a sponge applicator for your convenience. This sponge will help soften and smudge out your application for an even softer effect. BEAUTIFUL LONG-LASTING COLORS: Choose from 3 shades (Black, Dark Brown and Soft Brown). Each shade is designed to last up to 10 hours. Our special manufacturing techniques allow a higher concentration of pigment, so the colors are much richer. COSMETICS PROUDLY MADE IN GERMANY: At Exolgo Tendresse, we make high quality, convenient beauty products for women. We're committed to helping all women look and feel their best. If you have any questions, please reach out so we can assist you.",,9.99,Exolgo Tendresse,"Exolgo Tendresse Waterproof Eyeliner | 2 In 1 Soft Silky Long Lasting Eye Liner With Sponge Applicator | Automatic Self Sharpening Eye Definer Pen With Pin Point Accuracy | Made In Germany | (Soft Brown) Exolgo Tendresse ACHIEVE THAT PROFESSIONAL LOOK: This eyeliner pencil is designed for professionals and DIYers. It has a self-sharpening point and pin-point accuracy, so looking your best will never be easier. SOFT, SILKY SMOOTH TEXTURE: The waterproof eye color pencil is waterproof and has a buttery soft, silky texture. It feels so nice on the skin. Please Note: the lead is NOT retractable, so you have to slowly turn the pencil a few times, to prime it. MADE WITH A BUILT-IN SPONGE: Our premium eyeliner pencil comes with a sponge applicator for your convenience. This sponge will help soften and smudge out your application for an even softer effect. BEAUTIFUL LONG-LASTING COLORS: Choose from 3 shades (Black, Dark Brown and Soft Brown). Each shade is designed to last up to 10 hours. Our special manufacturing techniques allow a higher concentration of pigment, so the colors are much richer. COSMETICS PROUDLY MADE IN GERMANY: At Exolgo Tendresse, we make high quality, convenient beauty products for women. We're committed to helping all women look and feel their best. If you have any questions, please reach out so we can assist you."
B096MDRY16,"Clover Leaf Headband Curly Human Hair Wigs Kinky Curl Headband Wig for Black Women Brazilian Kinky Scarf Wig 150% Density Half Wig Natural Color(10, Black-kinky)…",,,,Clover Leaf,"Clover Leaf Headband Curly Human Hair Wigs Kinky Curl Headband Wig for Black Women Brazilian Kinky Scarf Wig 150% Density Half Wig Natural Color(10, Black-kinky)… Clover Leaf"
B000N2YZQK,"Mistique Eyebrow Pencil, Dark Brown",Build full beautiful brows with our european made pencils. Provides perfect color coating even the finest hairs with color for a natural-looking finish.,,,,"Mistique Eyebrow Pencil, Dark Brown Build full beautiful brows with our european made pencils. Provides perfect color coating even the finest hairs with color for a natural-looking finish."
B08YN4JBM7,"3D Gold Nail Art Stickers,6 Sheets Luxury Nail Decals for Nail Art,Metallic Self-Adhesive Leaf Star Dollar Nail Designs Stickers Decals Manicure Nail Art Decoration Gift for Women Girls",,,,Cosswe,"3D Gold Nail Art Stickers,6 Sheets Luxury Nail Decals for Nail Art,Metallic Self-Adhesive Leaf Star Dollar Nail Designs Stickers Decals Manicure Nail Art Decoration Gift for Women Girls Cosswe"
B01IADYG4E,Freeman Mega 8 Complex Superfruits Detoxifying Clay Facial Mask 6 oz (Pack of 2),,,,FREEMAN,Freeman Mega 8 Complex Superfruits Detoxifying Clay Facial Mask 6 oz (Pack of 2) FREEMAN
B08F9XLRCK,Nu Faux Locs Crochet Hair Long Faux Locs Crochet 24 Inch 6 Packs Soft Locs Crochet Hair for black women 20 strands/pack (1B/Bug),,,,Liang Dian,Nu Faux Locs Crochet Hair Long Faux Locs Crochet 24 Inch 6 Packs Soft Locs Crochet Hair for black women 20 strands/pack (1B/Bug) Liang Dian
B07CX63S81,"Zhooch Banana Clip –Butterflies. Banana Hair Clasp. Iconic Hair accessory inspired by 80s trend. 4 1/4 inches Long. Inner Teeth, Premium quality, Strong Hold. Made in Korea. (Deep Burgundy)",,,,,"Zhooch Banana Clip –Butterflies. Banana Hair Clasp. Iconic Hair accessory inspired by 80s trend. 4 1/4 inches Long. Inner Teeth, Premium quality, Strong Hold. Made in Korea. (Deep Burgundy)"
B01NCY6667,"Amaranth Oil by 5AM. 100% Pure, Organic, Cold-Pressed. Amazing for Face, Skin, Nails, Health (Glass Bottle). Learn More. 1oz.",,,,5AM,"Amaranth Oil by 5AM. 100% Pure, Organic, Cold-Pressed. Amazing for Face, Skin, Nails, Health (Glass Bottle). Learn More. 1oz. 5AM"
B09CG824DC,"8 Packs Passion Twist Crochet Hair 8 Inch Pre-twisted Short Crochet Passion Twist Hair, Pre Looped Spring Twist Crochet Hair Crochet Hair for black women (8 Inch (Pack of 8)",,,,Tioolioo,"8 Packs Passion Twist Crochet Hair 8 Inch Pre-twisted Short Crochet Passion Twist Hair, Pre Looped Spring Twist Crochet Hair Crochet Hair for black women (8 Inch (Pack of 8) Tioolioo"
B00UVXAG50,TENNESSEE VOLUNTEERS FACE AND NAIL SPORT STICK ONS-UNIVERSITY OF TENNESSEE TATTOOS,,,,Color Club,TENNESSEE VOLUNTEERS FACE AND NAIL SPORT STICK ONS-UNIVERSITY OF TENNESSEE TATTOOS Color Club
B09WZPXQF8,Womens Paddle Hair Brush Comb Set for Women and Men 6 Pcs Wet Hair Brushes for long Hair No Tangle Hair Brush for Curly or Straight Hair (Gold),"▶ Are you still worrying about the pain and detangles of combing your hair? ▶ Do you want a beautiful and comfortable that have no pain daily air brush? Our air brush set not only have good looks but also best at removing knots and tangles for wet or dry hair. Why You Choose Us? ✓ Perfect for daily combing hair that with no pain ✓ Best at removing knots and tangles for wet or dry hair ✓ Suitable for women, men and children ✓ Works on various hair types like straight, curly, natural, thin, thick hair and so on",,12.99,Cilusar,"Womens Paddle Hair Brush Comb Set for Women and Men 6 Pcs Wet Hair Brushes for long Hair No Tangle Hair Brush for Curly or Straight Hair (Gold) Cilusar ▶ Are you still worrying about the pain and detangles of combing your hair? ▶ Do you want a beautiful and comfortable that have no pain daily air brush? Our air brush set not only have good looks but also best at removing knots and tangles for wet or dry hair. Why You Choose Us? ✓ Perfect for daily combing hair that with no pain ✓ Best at removing knots and tangles for wet or dry hair ✓ Suitable for women, men and children ✓ Works on various hair types like straight, curly, natural, thin, thick hair and so on"
B0BDYXW42R,Satin Bridesmaid Scrunchies Bachelorette Hair Ties Set of 6 sunglasses Bridal Shower No Damage Hairties ideas Gift for Wedding Party Favors Bridesmaid Proposal Gifts (12pcs Sage Green),"Good ideas Loanzeg Scrunchies bulk pack includes 12pcs hair Scrunchies and 12pcs sunglasses gifts for the bridesmaid.1pcs for you and 11pcs for your friend, Perfect as bachelorette party favors and bridesmaid gifts! High quality Hair elastic scrunchy with a diamond card""to have and to hold Your Hair Back"" Exquisite bronzing decorative cards is very cute! Bridesmaid hair ties make of matte, twill satin fabric with good texture, durable, soft and stretchable enough Beautiful decoration that can be used easily.These can use as cute bracelets. Gift for the bride to be! Share these with your beautiful girls！All designs are for girls, perfect designs, make every girl's more beautiful!! It is suitable for many occasions, not only as a gift for bridesmaids and brides, but also as a daily gift, teachers' day, Valentine's Day, boudoir's day, mother's day, etc. It is widely used and is a gift choice that you will not regret.",,39.99,Loanzeg,"Satin Bridesmaid Scrunchies Bachelorette Hair Ties Set of 6 sunglasses Bridal Shower No Damage Hairties ideas Gift for Wedding Party Favors Bridesmaid Proposal Gifts (12pcs Sage Green) Loanzeg Good ideas Loanzeg Scrunchies bulk pack includes 12pcs hair Scrunchies and 12pcs sunglasses gifts for the bridesmaid.1pcs for you and 11pcs for your friend, Perfect as bachelorette party favors and bridesmaid gifts! High quality Hair elastic scrunchy with a diamond card""to have and to hold Your Hair Back"" Exquisite bronzing decorative cards is very cute! Bridesmaid hair ties make of matte, twill satin fabric with good texture, durable, soft and stretchable enough Beautiful decoration that can be used easily.These can use as cute bracelets. Gift for the bride to be! Share these with your beautiful girls！All designs are for girls, perfect designs, make every girl's more beautiful!! It is suitable for many occasions, not only as a gift for bridesmaids and brides, but also as a daily gift, teachers' day, Valentine's Day, boudoir's day, mother's day, etc. It is widely used and is a gift choice that you will not regret."
B097G5V76Z,Sadapack SG-51833 ELEGANCE SHAVING GEL - EARTH 500ML clear blue,Elegance Shaving Gel Earth,,,Sadapack,Sadapack SG-51833 ELEGANCE SHAVING GEL - EARTH 500ML clear blue Sadapack Elegance Shaving Gel Earth
B08P4GDXYR,Lemoda Brazilian Water Wave 10A Hair 3 Bundles With 4x4 Free Part Lace Closure 100% Unprocessed Human Hair Extensions Natural Color (12 14 16+10) inches,,,,ALI MODA,Lemoda Brazilian Water Wave 10A Hair 3 Bundles With 4x4 Free Part Lace Closure 100% Unprocessed Human Hair Extensions Natural Color (12 14 16+10) inches ALI MODA
B07B8Q9WHS,Bath & Body Works MOONSTONE Set - Body Cream and Fine Fragrance Mist Full Size,,,,Bath & Body Works,Bath & Body Works MOONSTONE Set - Body Cream and Fine Fragrance Mist Full Size Bath & Body Works
B088H4N7SM,"Weft Bundles (Color 19P60 Gray Blonde Mix Platinum Blonde,100g,14 Inch) Double Weft Human Hair Weave Weft Extensions",,,,RUNATURE,"Weft Bundles (Color 19P60 Gray Blonde Mix Platinum Blonde,100g,14 Inch) Double Weft Human Hair Weave Weft Extensions RUNATURE"
B086P9HY2K,"Ombre Pre-stretched Braiding Hair, Top Silky Braid Hair Extensions, Crochet Twist Hair Braids, Yaki Texture Original Braiding Hair Pre Stretched, 0.2 pound/bundle (24''-8 bundles, 1b/350/613)",,,,DAN NING,"Ombre Pre-stretched Braiding Hair, Top Silky Braid Hair Extensions, Crochet Twist Hair Braids, Yaki Texture Original Braiding Hair Pre Stretched, 0.2 pound/bundle (24''-8 bundles, 1b/350/613) DAN NING"
B08HYGLL6K,"Yisimei Senegalese Twist Hair 24 Inches 6 Packs/Lot 600 Grams With Gifts Senegalese Twist Crochet Hair Ombre Synthetic Hair Extensions (24” 6PACKS, S3-009)","24 inches, 100g/Pack, 6 Packs/Lot with Free Gifts (1 Crochet Needle + 5 Color Beads + many Rubber Bands), totally 600g ( 120 Strands) is enough for one head. Two Tune Colors, Trichromatic Colors more than 30 Colors for your choice. Fast shipment and Risk-Free purchase. Shipping by FBA usually takes 1-3 working days to delivery, Shipping by FBM usually takes 3-28 days to delivery. If you are not satisfied you can return the hair without any damage in 7 days, please check with our return policy. Senegalese Twist Hair, Heat Resistant, No Fade, No Shedding, No Smell, Various Shapes, Do Not Fade, Easy to Install, Can Restyle It as You Like, Hold Texture Well. Senegalese Twist Hair, Made Of Quality High Temperature Synthetic Fiber, Ombre Braiding Hair, Colorful and Durable, Soft and Smooth, Beautiful and Comfortable To Wear. You can wear Senegalese Twist Hair in many special occasions such as birthday parties celebrations weddings travelings and daily life. Senegalese Twist Crochet Hair Ombre colors make you more beautiful and charming.",,,“N/A”,"Yisimei Senegalese Twist Hair 24 Inches 6 Packs/Lot 600 Grams With Gifts Senegalese Twist Crochet Hair Ombre Synthetic Hair Extensions (24” 6PACKS, S3-009) “N/A” 24 inches, 100g/Pack, 6 Packs/Lot with Free Gifts (1 Crochet Needle + 5 Color Beads + many Rubber Bands), totally 600g ( 120 Strands) is enough for one head. Two Tune Colors, Trichromatic Colors more than 30 Colors for your choice. Fast shipment and Risk-Free purchase. Shipping by FBA usually takes 1-3 working days to delivery, Shipping by FBM usually takes 3-28 days to delivery. If you are not satisfied you can return the hair without any damage in 7 days, please check with our return policy. Senegalese Twist Hair, Heat Resistant, No Fade, No Shedding, No Smell, Various Shapes, Do Not Fade, Easy to Install, Can Restyle It as You Like, Hold Texture Well. Senegalese Twist Hair, Made Of Quality High Temperature Synthetic Fiber, Ombre Braiding Hair, Colorful and Durable, Soft and Smooth, Beautiful and Comfortable To Wear. You can wear Senegalese Twist Hair in many special occasions such as birthday parties celebrations weddings travelings and daily life. Senegalese Twist Crochet Hair Ombre colors make you more beautiful and charming."
B07JB553ZB,"Hairdresser Grooming Smock for Men and Women, Barber Jackets Apron for Dog Groomers, Salon Hair Stylist, Nail Tech-Grey","Grey Hairdresser Grooming Smock L size- Bust 55""- Hip 50""- Total Length 37 ""-Sleeve length 15.7"". 245T density nylon material, Water Repellent and hair won’t stick to the material. 245T density nylon material, Water Repellent and hair won’t stick to the material. Comfortable and Light Weight Comfortable and Light Weight Great for dog groomer, hair stylist, nail technician, esthetician, massage therapist. Great for dog groomer, hair stylist, nail technician, esthetician, massage therapist. Protect your clothes from any spills. Protect your clothes from any spills.",,14.88,PERFEHAIR,"Hairdresser Grooming Smock for Men and Women, Barber Jackets Apron for Dog Groomers, Salon Hair Stylist, Nail Tech-Grey PERFEHAIR Grey Hairdresser Grooming Smock L size- Bust 55""- Hip 50""- Total Length 37 ""-Sleeve length 15.7"". 245T density nylon material, Water Repellent and hair won’t stick to the material. 245T density nylon material, Water Repellent and hair won’t stick to the material. Comfortable and Light Weight Comfortable and Light Weight Great for dog groomer, hair stylist, nail technician, esthetician, massage therapist. Great for dog groomer, hair stylist, nail technician, esthetician, massage therapist. Protect your clothes from any spills. Protect your clothes from any spills."
B01CQ1KPCS,"Yves Rocher Monoi de Tahiti Lagoon Hair and Body Wash, 200 ml./ 6.7 fl.oz.","Yves Rocher Monoi de Tahiti Lagoon Hair and Body Wash, 200 ml./ 6.7 fl.oz. MONOÏ. The Yves Rocher research division has selected a Monoï de Tahiti that is AOC certified (controlled designation of origin). It is obtained by macerating fresh tiare flowers in coconut oil, grown exclusively in the coralline soil and volcanic rock of French Polynesia. Did you know? Monoï, a truly traditional beauty secret of Tahitian women, means ""scented oil"" in the Polynesian language. Tahitian women apply this 100 % natural botanical elixir to their skin and hair to enhance their beauty and to wear its heavenly scent. Key botanicals: 100% Botanical oil Monoï de Tahiti, organic aloe vera gel. How To: Use this shampoo after the beach or at the end of the day to eliminate the last tracks of salt and sand. Rinse abundantly in the clear water. In case of projection in the eye, rinse abundantly. End with a rinsing in the clear water to tighten hair fibers and make them more brilliant.",,,Yves Rocher,"Yves Rocher Monoi de Tahiti Lagoon Hair and Body Wash, 200 ml./ 6.7 fl.oz. Yves Rocher Yves Rocher Monoi de Tahiti Lagoon Hair and Body Wash, 200 ml./ 6.7 fl.oz. MONOÏ. The Yves Rocher research division has selected a Monoï de Tahiti that is AOC certified (controlled designation of origin). It is obtained by macerating fresh tiare flowers in coconut oil, grown exclusively in the coralline soil and volcanic rock of French Polynesia. Did you know? Monoï, a truly traditional beauty secret of Tahitian women, means ""scented oil"" in the Polynesian language. Tahitian women apply this 100 % natural botanical elixir to their skin and hair to enhance their beauty and to wear its heavenly scent. Key botanicals: 100% Botanical oil Monoï de Tahiti, organic aloe vera gel. How To: Use this shampoo after the beach or at the end of the day to eliminate the last tracks of salt and sand. Rinse abundantly in the clear water. In case of projection in the eye, rinse abundantly. End with a rinsing in the clear water to tighten hair fibers and make them more brilliant."
B00V4AJXT4,"Qandsweet Baby Girl's 14"" Soft Headbands and Bows (8pack)",,,,,"Qandsweet Baby Girl's 14"" Soft Headbands and Bows (8pack)"
B00WAJB7CY,e.l.f. Studio Lock On Gel Eyeliner 81313 Want It Brown (1 Pack),,,,e.l.f.,e.l.f. Studio Lock On Gel Eyeliner 81313 Want It Brown (1 Pack) e.l.f.
B01LY9NKOX,Sinful Colors Denim & Bling Kylie Jenner Nail Polish #2102 - After Dark (Grey Metallic) - 0.5 Fl Oz,,,7.25,,Sinful Colors Denim & Bling Kylie Jenner Nail Polish #2102 - After Dark (Grey Metallic) - 0.5 Fl Oz
B08FTLH7QK,Soap Sheets Portable Dissolvable Set - 4 Scented Paper Hand Soap Papers Pocket Box and 50 Mini Disposable Compressed Towels Set for Travel Handwashing,,,,beeOrders,Soap Sheets Portable Dissolvable Set - 4 Scented Paper Hand Soap Papers Pocket Box and 50 Mini Disposable Compressed Towels Set for Travel Handwashing beeOrders
B083DMKQRX,Marley Twist Braiding Hair 18 Inch Marley Kinky Crochet Braids Synthetic Hair Afro Twist Marley Braiding Hair 4 Packs Faux Locs Crochet Hair Extensions(18inch-4packs-1B#),,,,VIOLET,Marley Twist Braiding Hair 18 Inch Marley Kinky Crochet Braids Synthetic Hair Afro Twist Marley Braiding Hair 4 Packs Faux Locs Crochet Hair Extensions(18inch-4packs-1B#) VIOLET
B07Q7ZGCT3,"imoocare Jade Roller Anti aging Natural Roller for Face and Gua Sha Massage Tool Set, Anti Wrinkles Roller Massager For Face Neck Body",,,,ROYADVE,"imoocare Jade Roller Anti aging Natural Roller for Face and Gua Sha Massage Tool Set, Anti Wrinkles Roller Massager For Face Neck Body ROYADVE"
B019EVRO7W,U Tip Dark Golden Blonde Highlight Platinum Blonde Fusion Extensions Human Hair 14inch 50g 1g/s,,,,Sunny Hair,U Tip Dark Golden Blonde Highlight Platinum Blonde Fusion Extensions Human Hair 14inch 50g 1g/s Sunny Hair
B08PHS33D9,"Eggplant Clearing Cleansing Oil Pad 60 pads, Makeup remover pad. Exfoliating. Simple easy quick wipe. Moisturizing cleansing oil pad",,,,PAPA RECIPE RIGHT FOR SKIN,"Eggplant Clearing Cleansing Oil Pad 60 pads, Makeup remover pad. Exfoliating. Simple easy quick wipe. Moisturizing cleansing oil pad PAPA RECIPE RIGHT FOR SKIN"
B08N5KMKH4,Colourpop Candy Land Candy Castle Eye Shadow Palette,Create the perfect candy-coated look with this ice cream scented pastel palette.,,29.99,Colourpop,Colourpop Candy Land Candy Castle Eye Shadow Palette Colourpop Create the perfect candy-coated look with this ice cream scented pastel palette.
B01BLPANCM,"Mariah Carey M 3 Piece Gift Set Eau De Parfum Spray, Parfum & Body Lotion",,,,Mariah Carey,"Mariah Carey M 3 Piece Gift Set Eau De Parfum Spray, Parfum & Body Lotion Mariah Carey"
B07K6GKN19,LANKIZ Volume Lash Extensions Premade Fans Eyelash Extensions 5D 0.07mm C Curl 11mm Long Stem Russian Volume Individual Lashes,,,,LK LANKIZ,LANKIZ Volume Lash Extensions Premade Fans Eyelash Extensions 5D 0.07mm C Curl 11mm Long Stem Russian Volume Individual Lashes LK LANKIZ
B01F7RF9G0,"Blush With Me Blusher Cubes by W7 - Set of 3 Blush, Bronzer, Highlighter and Contour Pressed Powder Palettes - A Gorgeous Spectrum of Pink, Peach and Bronzed Shades with Soft Makeup Applicator Brushes","Each W7 pressed powder palette includes highly pigmented color cubes for all your blusher, highlighter, bronzer and contouring needs Your purchase includes 3 separate Blush With Me makeup tins in various natural shades, including peachy, rosy and bronzed tones; it’s great value for money Use the included soft brushes to lightly and gradually apply the makeup to your face and body, helping you to shade, highlight and define and look fabulous The pressed powder is encased in a sturdy metal tin, ideal for travel and putting in your purse / handbag These beauty palettes are ideal for achieving different looks for different occasions, and also make great individual presents for friends and family",,,W7,"Blush With Me Blusher Cubes by W7 - Set of 3 Blush, Bronzer, Highlighter and Contour Pressed Powder Palettes - A Gorgeous Spectrum of Pink, Peach and Bronzed Shades with Soft Makeup Applicator Brushes W7 Each W7 pressed powder palette includes highly pigmented color cubes for all your blusher, highlighter, bronzer and contouring needs Your purchase includes 3 separate Blush With Me makeup tins in various natural shades, including peachy, rosy and bronzed tones; it’s great value for money Use the included soft brushes to lightly and gradually apply the makeup to your face and body, helping you to shade, highlight and define and look fabulous The pressed powder is encased in a sturdy metal tin, ideal for travel and putting in your purse / handbag These beauty palettes are ideal for achieving different looks for different occasions, and also make great individual presents for friends and family"
B073XRBMWW,Kiara Sky Gel What The Shell G910,,,,Kiara Sky,Kiara Sky Gel What The Shell G910 Kiara Sky
B09MD16SW6,innisfree My Real Squeeze Face Sheet Mask,,,22.0,,innisfree My Real Squeeze Face Sheet Mask
B0945ZXR6S,Perlier Body Honey Miel Nurturing Body Balm 3.3 fl oz,,,19.95,Perlier,Perlier Body Honey Miel Nurturing Body Balm 3.3 fl oz Perlier
B089QB9ZF9,"9 Pieces Twisted Knot Headbands Solid Color Knotted Head Wrap Boho Headbands Cute Hair Accessories for Women Girls, 9 Colors",,,,WILLBOND,"9 Pieces Twisted Knot Headbands Solid Color Knotted Head Wrap Boho Headbands Cute Hair Accessories for Women Girls, 9 Colors WILLBOND"
B07GDLSXZ2,Spa Grade Marble Jade Roller for Face with Marble Gua Sha | Marble Face Roller Massager | White Jade Facial Roller | Marble Jade Rollers | Wrinkle Roller,,,,Jane Cosmetics,Spa Grade Marble Jade Roller for Face with Marble Gua Sha | Marble Face Roller Massager | White Jade Facial Roller | Marble Jade Rollers | Wrinkle Roller Jane Cosmetics
B09NTWK61L,Pcineio 200 Pieces Nail Polish Replacement Brush Nail Dipping Powder Liquid Brushes for Nail Art,,,,Pcineio,Pcineio 200 Pieces Nail Polish Replacement Brush Nail Dipping Powder Liquid Brushes for Nail Art Pcineio
B092HY9H9L,"African Traditional Wax Print Head wrap Scarf, Women Multi-Color Headband (TJ3)","Very beautiful fabric, bold and vibrant African print. Large enough to wear a variety of ways. You can wear it on your neck as a scarf, or as a package for the entire head, to soothe your sense of style in different amazing styles. Our headscarf is with playful and delicate color patterns and patterns. Elegant headwear, can wear headscarves, scarves, knots, boho. You will get a lot of supplements for wearing headscarves. design specifications: dimensions: length: 43 inches, width: 35 inches dyed uniformly on both surfaces of the fabric our African wax fabric No matter which way you wrap it, the package looks great. Extra length: 43 inches, width: 35 inches means that our versatile packages can be worn on the heads of various custom packaging designs, and they can also be worn around the neck as a chic scarf. * Please note, because our packaging is handmade length: 43 inches Width: 35 inches design specifications may not be accurate, but the package you receive will be close to these measurements.",,9.99,Dolly Dolly,"African Traditional Wax Print Head wrap Scarf, Women Multi-Color Headband (TJ3) Dolly Dolly Very beautiful fabric, bold and vibrant African print. Large enough to wear a variety of ways. You can wear it on your neck as a scarf, or as a package for the entire head, to soothe your sense of style in different amazing styles. Our headscarf is with playful and delicate color patterns and patterns. Elegant headwear, can wear headscarves, scarves, knots, boho. You will get a lot of supplements for wearing headscarves. design specifications: dimensions: length: 43 inches, width: 35 inches dyed uniformly on both surfaces of the fabric our African wax fabric No matter which way you wrap it, the package looks great. Extra length: 43 inches, width: 35 inches means that our versatile packages can be worn on the heads of various custom packaging designs, and they can also be worn around the neck as a chic scarf. * Please note, because our packaging is handmade length: 43 inches Width: 35 inches design specifications may not be accurate, but the package you receive will be close to these measurements."
B07YL4L81W,"TIFFANY & LOVE by Tiffany, EAU DE PARFUM SPRAY 1.7 OZ","Tiffany & Love Eau de Parfum for Her is a woody floral fragrance, modern as well as feminine. Both pay tribute to modern love and share a common key element: the glaucous sequoia . This vibrant woody aroma unifies the two fragrances, in homage to the various ways in which love unites two people.",,87.14,Tiffany & Co.,"TIFFANY & LOVE by Tiffany, EAU DE PARFUM SPRAY 1.7 OZ Tiffany & Co. Tiffany & Love Eau de Parfum for Her is a woody floral fragrance, modern as well as feminine. Both pay tribute to modern love and share a common key element: the glaucous sequoia . This vibrant woody aroma unifies the two fragrances, in homage to the various ways in which love unites two people."
B09444WCR1,"MAITALENT Nose Hair Trimmer for Men | Gold Birdie Nose Trimmer for Men，Professional,Battery-Free, Painless,Stainless Steel, Washable（Golded&Silver） Gfit",,,,MAITALENT,"MAITALENT Nose Hair Trimmer for Men | Gold Birdie Nose Trimmer for Men，Professional,Battery-Free, Painless,Stainless Steel, Washable（Golded&Silver） Gfit MAITALENT"
B07SRMXSK5,Prestige International Rejuvenating Plus Set,"PLEASE NOTE THAT the packaging appearance of the item may not be exactly the same as shown in the pictures as the manufacturer may change the look of the packaging every now and then; but rest assured item is authentic and are the same. SAFETY: Before use, perform a SPOT TEST to test for sensitivity as follows: Apply or rub products to a patch of skin on the inner, lower arm. Rub it in and allow it to dry on the skin. Do not wash that area of the skin for at least 24 hours; watch for signs of reaction. If rash, burning, tingling, or inflammation occur, immediately remove the product from skin and discontinue all further use. WE DO NOT GUARANTEE RESULTS. RESULTS AND SKIN REACTIONS VARY FROM PERSON TO PERSON.",,17.97,Prestige International,"Prestige International Rejuvenating Plus Set Prestige International PLEASE NOTE THAT the packaging appearance of the item may not be exactly the same as shown in the pictures as the manufacturer may change the look of the packaging every now and then; but rest assured item is authentic and are the same. SAFETY: Before use, perform a SPOT TEST to test for sensitivity as follows: Apply or rub products to a patch of skin on the inner, lower arm. Rub it in and allow it to dry on the skin. Do not wash that area of the skin for at least 24 hours; watch for signs of reaction. If rash, burning, tingling, or inflammation occur, immediately remove the product from skin and discontinue all further use. WE DO NOT GUARANTEE RESULTS. RESULTS AND SKIN REACTIONS VARY FROM PERSON TO PERSON."
B07G5Q4P1F,EXCHIC Women Elegant Fascinator Pearl Peacock Feather Hair Clip (Black),,,,EXCHIC,EXCHIC Women Elegant Fascinator Pearl Peacock Feather Hair Clip (Black) EXCHIC
B095YK98D9,"2 Pcs Deft Bun for Hair, Magic Hair Bun Maker, Lightweight French Retro Hair Band Printed Headband Lazy Hair Set Twist Hair Tool to Roll a Bun",,,,CUPBEN,"2 Pcs Deft Bun for Hair, Magic Hair Bun Maker, Lightweight French Retro Hair Band Printed Headband Lazy Hair Set Twist Hair Tool to Roll a Bun CUPBEN"
B07H5673NB,"18"" 150g Synthetic Curly Wrap Around Clip in on Ponytail Extensions Magic Paste Wavy Hair Pieces for Women and Girls (Black)",,,,BYhair,"18"" 150g Synthetic Curly Wrap Around Clip in on Ponytail Extensions Magic Paste Wavy Hair Pieces for Women and Girls (Black) BYhair"
B07PJPKDT1,BERON Long Curly Wavy Ombre Green Synthetic Wigs with Bangs Daily Use Halloween Cosplay Costume Party Wig (Ombre Green),"OFFER BETTER WIG FOR YOU *Natural and Real Looking: premium synthetic fiber make your wig more natural with soft touch, which will bring you more charming and confidence. *Wear your wig easily with comfortable feeling: adjustable strap and clips sewn in for an extra security, cap size can be adjusted to 22-23 inches, fits most people. *Style your wig quickly: you can curl or straighten this wig according to your need, but make sure the heat under 100C/ 200F. *Find current fashion style wigs: we always keep focus on the latest fashion wigs for you, come here and get your favorite fashion wig. *More choice for your need: you can always find your wig here for your cosplay, costume party, theme party, daily use, dating, fashion style or just for fun. Warm Tips for Your Wig The wig don't need to be washed frequently, but care and maintain it regularly. All synthetic hair wigs happened to minimum shedding and tangling which is normal. The best way is on a wig stand or mannequin, also you can store it in a hair net and plastic bag. Please note wigs should be placed in a cool dry space. Package Include 1 x Wig 1 x Wig Cap",,,BERON,"BERON Long Curly Wavy Ombre Green Synthetic Wigs with Bangs Daily Use Halloween Cosplay Costume Party Wig (Ombre Green) BERON OFFER BETTER WIG FOR YOU *Natural and Real Looking: premium synthetic fiber make your wig more natural with soft touch, which will bring you more charming and confidence. *Wear your wig easily with comfortable feeling: adjustable strap and clips sewn in for an extra security, cap size can be adjusted to 22-23 inches, fits most people. *Style your wig quickly: you can curl or straighten this wig according to your need, but make sure the heat under 100C/ 200F. *Find current fashion style wigs: we always keep focus on the latest fashion wigs for you, come here and get your favorite fashion wig. *More choice for your need: you can always find your wig here for your cosplay, costume party, theme party, daily use, dating, fashion style or just for fun. Warm Tips for Your Wig The wig don't need to be washed frequently, but care and maintain it regularly. All synthetic hair wigs happened to minimum shedding and tangling which is normal. The best way is on a wig stand or mannequin, also you can store it in a hair net and plastic bag. Please note wigs should be placed in a cool dry space. Package Include 1 x Wig 1 x Wig Cap"
B01MQLTBRC,"GUAngqi Makeup Waterproof Eyeliner Eyebrow New Fashion Pencil Cosmetic Liner,Gray",,,,Gu Angqi,"GUAngqi Makeup Waterproof Eyeliner Eyebrow New Fashion Pencil Cosmetic Liner,Gray Gu Angqi"
B08MFRSCTK,Wudaozi Gem Blue Fashion Padded Rhinestone Headband Wide Bejewelled Hairband Sparkly Headband Hair Accessories Padded Headband Party Headwear Hair Hoops Hair Accessories for Womens Girls,,,,Wudaozi,Wudaozi Gem Blue Fashion Padded Rhinestone Headband Wide Bejewelled Hairband Sparkly Headband Hair Accessories Padded Headband Party Headwear Hair Hoops Hair Accessories for Womens Girls Wudaozi
B07D4P4MD1,OUTRE TIMELESS PINEAPPLE PONY - HOTTIE #S4/30,"Outre Synthetic Hair Ponytail Timeless Pineapple Ponytail Hottie TIMELESS PINEAPPLE PONYTAIL Pick your curl pattern and get an instant curly updo with timeless Ponytail's Pineapple Drawstring. These curly puffs feature gorgeous curls that fall down your forehead for an effortlessly tousled look. Innovatively designed with a clip to attach to the front of your hairline, and a drawstring to attach to your hair, Timeless Ponytail's Pineapple Drawstring was made for the stylish woman on-the-go. HOW TO WEAR Brush your hair back into a high bun. Brush your hair back into a high bun. Attach the piece to your own bun, and pull the drawstring so that it is securely fastened. Attach the piece to your own bun, and pull the drawstring so that it is securely fastened. Extend the front of the piece forward and clip it just behind your hairline, so that the curls fall loosely down your forehead. Extend the front of the piece forward and clip it just behind your hairline, so that the curls fall loosely down your forehead. Fluff the curls, and go! Fluff the curls, and go! Tip:For a more voluminous look, pull your hair up into an even higher bun. Tip:For a more voluminous look, pull your hair up into an even higher bun.",,20.88,Outre,"OUTRE TIMELESS PINEAPPLE PONY - HOTTIE #S4/30 Outre Outre Synthetic Hair Ponytail Timeless Pineapple Ponytail Hottie TIMELESS PINEAPPLE PONYTAIL Pick your curl pattern and get an instant curly updo with timeless Ponytail's Pineapple Drawstring. These curly puffs feature gorgeous curls that fall down your forehead for an effortlessly tousled look. Innovatively designed with a clip to attach to the front of your hairline, and a drawstring to attach to your hair, Timeless Ponytail's Pineapple Drawstring was made for the stylish woman on-the-go. HOW TO WEAR Brush your hair back into a high bun. Brush your hair back into a high bun. Attach the piece to your own bun, and pull the drawstring so that it is securely fastened. Attach the piece to your own bun, and pull the drawstring so that it is securely fastened. Extend the front of the piece forward and clip it just behind your hairline, so that the curls fall loosely down your forehead. Extend the front of the piece forward and clip it just behind your hairline, so that the curls fall loosely down your forehead. Fluff the curls, and go! Fluff the curls, and go! Tip:For a more voluminous look, pull your hair up into an even higher bun. Tip:For a more voluminous look, pull your hair up into an even higher bun."
B07T1SNVWW,Kiss imPress Press-On Gel Pedicure Nails BIPT020XIM Tough Love (For Toe Nails) Packaging May Vary,,,,BROADWAY NAILS,Kiss imPress Press-On Gel Pedicure Nails BIPT020XIM Tough Love (For Toe Nails) Packaging May Vary BROADWAY NAILS
B08CZ7MNPC,"Travel Bottles, Leakproof Refillable Empty Bottles Hand Sanitizer Containers with Carabiner Keychain, Portable Travel Size Bottles(50ml/1.7oz) (10 Bottles)",,,,JIELIELE,"Travel Bottles, Leakproof Refillable Empty Bottles Hand Sanitizer Containers with Carabiner Keychain, Portable Travel Size Bottles(50ml/1.7oz) (10 Bottles) JIELIELE"
B016PQAG6U,Wrap Around Synthetic Ponytail One Piece Heat Resistant Magic Paste Pony Tail Long Wavy Curly Soft Silky for Women Lady Girls 24'' / 24 inch (dark red),,,,,Wrap Around Synthetic Ponytail One Piece Heat Resistant Magic Paste Pony Tail Long Wavy Curly Soft Silky for Women Lady Girls 24'' / 24 inch (dark red)
B086YFPLPJ,"JZYQYH Honey Blonde Omber Color Lace Front Wig, Short Straight Brown Wig With Dark Roots Glueless Synthetic Lace Front Wig Shoulder Length 14"" For Women",,,,JZYQYH,"JZYQYH Honey Blonde Omber Color Lace Front Wig, Short Straight Brown Wig With Dark Roots Glueless Synthetic Lace Front Wig Shoulder Length 14"" For Women JZYQYH"
B08Z36ZWVP,"Tape in Hair Extensions 20 Inch, 100% Remy Human Hair, Natural Seamless Long Silk Straight #1 Jet Black 50g 20pcs Hair Extensions 8A Grade.","Our products are high-quality 8A human hair in packs of 20. It is seamless straight, and a tural wave after washing is normal. We have our factory and brand, so we can offer you the best price. Remy human hair extension with adhesive tape. Remy hair extension with color Jet black, dark brown, tural black, and platinum blonde, which can be dyed. Our tape is high-strength hypoallergenic invisible tape as well as very sticky. Specification: 16 inches, 30 grams total. 18 inches, 40 grams total. 20 inches, 50 grams total. 22 inches, 60 grams total. How to install tape in hair extensions: 1. Pick up a thin section of your hair horizontally above your ear and make sure it is as wide as the length of the tape extension. 2. Place the tape under the hair sheet, leaving a space of1-2 inches between the scalp and the band. 3. Please peel off the second strand of hair gel and apply it directly to the first strand of hair gel. 4. Use a hair straightener to secure the tape and seal it. Don't get it too hot. Something warm tips about our tape in hair extension: 1. Wash your hair 1-2 times a week like your own hair. (Tape on hair, please do not wash within 48 hours after first use) 2. Washing with warm water, using pure water or weak acid shampoo. 3. You can return goods if you don't like them. Or if you haveany questions, contact us please, Only this, you can get timely best after-sales service.",,,MosinnGy,"Tape in Hair Extensions 20 Inch, 100% Remy Human Hair, Natural Seamless Long Silk Straight #1 Jet Black 50g 20pcs Hair Extensions 8A Grade. MosinnGy Our products are high-quality 8A human hair in packs of 20. It is seamless straight, and a tural wave after washing is normal. We have our factory and brand, so we can offer you the best price. Remy human hair extension with adhesive tape. Remy hair extension with color Jet black, dark brown, tural black, and platinum blonde, which can be dyed. Our tape is high-strength hypoallergenic invisible tape as well as very sticky. Specification: 16 inches, 30 grams total. 18 inches, 40 grams total. 20 inches, 50 grams total. 22 inches, 60 grams total. How to install tape in hair extensions: 1. Pick up a thin section of your hair horizontally above your ear and make sure it is as wide as the length of the tape extension. 2. Place the tape under the hair sheet, leaving a space of1-2 inches between the scalp and the band. 3. Please peel off the second strand of hair gel and apply it directly to the first strand of hair gel. 4. Use a hair straightener to secure the tape and seal it. Don't get it too hot. Something warm tips about our tape in hair extension: 1. Wash your hair 1-2 times a week like your own hair. (Tape on hair, please do not wash within 48 hours after first use) 2. Washing with warm water, using pure water or weak acid shampoo. 3. You can return goods if you don't like them. Or if you haveany questions, contact us please, Only this, you can get timely best after-sales service."
B08K7LXVXL,"FARI 12 PCS Eyebrow Razors for Women, Dermaplaning Razor and Facial Hair Trimmer for Men & Women (12 PCS)",,,,FARI Series,"FARI 12 PCS Eyebrow Razors for Women, Dermaplaning Razor and Facial Hair Trimmer for Men & Women (12 PCS) FARI Series"
B00VZOZ9RE,NYC Expert Last Lip Color - 449 Creamy Mauve,,,,NYC,NYC Expert Last Lip Color - 449 Creamy Mauve NYC
B01DJD4B7M,Skyvan 2 PCS (Big and Small) Imitation Pearls Hair Clip Claw Barrettes Accessories,,,,SKYVAN,Skyvan 2 PCS (Big and Small) Imitation Pearls Hair Clip Claw Barrettes Accessories SKYVAN
B01BK54AJU,"Rimmel Brow Kit Special Value, Clear Styling Gel & Eyebrow Pencil,001 Dark Brown,(Pack of 2)",,,,,"Rimmel Brow Kit Special Value, Clear Styling Gel & Eyebrow Pencil,001 Dark Brown,(Pack of 2)"
B08BG1D1PB,"BHL Blue Bob Wigs T Part Lace Front Wigs China Virgin Human Hair 13x1x4 Swiss Lace Pre Plucked Hairline 14 Inch Blue Straight Short Bob Wigs for Women Pre Plucked 150% Density(14 Inch, Sapphire Blue)",,,,BHL,"BHL Blue Bob Wigs T Part Lace Front Wigs China Virgin Human Hair 13x1x4 Swiss Lace Pre Plucked Hairline 14 Inch Blue Straight Short Bob Wigs for Women Pre Plucked 150% Density(14 Inch, Sapphire Blue) BHL"
B09MLFPPT4,AYNISS Lace Front Wigs Human Hair Straight T Part 4X1 Transparent Closure Wigs For Black Women Brazilian Human Hair Pre Plucked with Baby Hair 150 Density Natural Black 30Inch,,,,AYNISS V WIGS,AYNISS Lace Front Wigs Human Hair Straight T Part 4X1 Transparent Closure Wigs For Black Women Brazilian Human Hair Pre Plucked with Baby Hair 150 Density Natural Black 30Inch AYNISS V WIGS
B00O2OEEFC,L'Oreal Silkissime Eyeliner 260 True Teal (2 Pack),,,,L'Oreal Paris,L'Oreal Silkissime Eyeliner 260 True Teal (2 Pack) L'Oreal Paris
B08GHXWP47,6 Sets Cartoon Kids Empty Travel Bottle Hand Sanitizer Holder with Silicone Case Leak Proof Refillable Travel Containers Liquid Soap Daily Use (Animal),,,,Aokely,6 Sets Cartoon Kids Empty Travel Bottle Hand Sanitizer Holder with Silicone Case Leak Proof Refillable Travel Containers Liquid Soap Daily Use (Animal) Aokely
B088D29XYP,"False Eyelashes with Eyeliner, Lash Glue Liner 3 Pairs Fluffy 3D Fake Eyelashes with Magic Eyeliner Pen Self-adhesive -No Glue No Magnet Needed-Strong Hold for False Lashes",,,,Ruairie,"False Eyelashes with Eyeliner, Lash Glue Liner 3 Pairs Fluffy 3D Fake Eyelashes with Magic Eyeliner Pen Self-adhesive -No Glue No Magnet Needed-Strong Hold for False Lashes Ruairie"
B01LY9YNEK,Hemani Organic Henna Hair Color – 100% Organic and Chemical Free - Black,,,,Hemani,Hemani Organic Henna Hair Color – 100% Organic and Chemical Free - Black Hemani
B07DWMKCFD,angel3292 Clearance Deals Vintage Faux Pearl Shell Pendant Hook Earrings Women Gift Banquet Ear Jewelry,"❀❀❀Specifications: Featuring faux pearl in a shell design, quite unique to catch others' attention.A lovely adornment you'd like to wear every day.Best gift for birthday, Valentine's Day, friendship gift, etc.Type: EarringsGender: Women'sTheme: BeautyStyle: VintageMaterial: Alloy, Faux PearlOccasions: Wedding, Evening Party, Banquet, Gift, Dating, Club, etcFeatures: Faux Pearl In A Shell, Ear Hooks, Party Jewelry, ChicSize: 1.9cm x 2.5cm/0.75"" x 0.98"" (Approx.) ❀❀❀ Notes: Due to the light and screen setting difference, the item's color may be slightly different from the pictures.Please allow slight dimension difference due to different manual measurement.Package Includes:1 Pair of Earrings ❀❀❀ Any questions or problems to our products or service, please email us freely, we will reply and solve it for you ASAP.Click""angel3292"" for more new fashion style items",,0.59,Angel3292,"angel3292 Clearance Deals Vintage Faux Pearl Shell Pendant Hook Earrings Women Gift Banquet Ear Jewelry Angel3292 ❀❀❀Specifications: Featuring faux pearl in a shell design, quite unique to catch others' attention.A lovely adornment you'd like to wear every day.Best gift for birthday, Valentine's Day, friendship gift, etc.Type: EarringsGender: Women'sTheme: BeautyStyle: VintageMaterial: Alloy, Faux PearlOccasions: Wedding, Evening Party, Banquet, Gift, Dating, Club, etcFeatures: Faux Pearl In A Shell, Ear Hooks, Party Jewelry, ChicSize: 1.9cm x 2.5cm/0.75"" x 0.98"" (Approx.) ❀❀❀ Notes: Due to the light and screen setting difference, the item's color may be slightly different from the pictures.Please allow slight dimension difference due to different manual measurement.Package Includes:1 Pair of Earrings ❀❀❀ Any questions or problems to our products or service, please email us freely, we will reply and solve it for you ASAP.Click""angel3292"" for more new fashion style items"
B00RIT53JO,Elegant Black Quality Plastic Shark Tooth / Comb Design Head Band / Hair Holder By VAGA,"Shark Tooth Shaped Black Plastic Headband If you would like to see more high quality VAGA products, click on our brand name under the title of this listing.Strong headband will effectively hold straight, smooth hair as well as curly and fuzzy.Headband is 3.5cm wide.",,3.49,VAGA,"Elegant Black Quality Plastic Shark Tooth / Comb Design Head Band / Hair Holder By VAGA VAGA Shark Tooth Shaped Black Plastic Headband If you would like to see more high quality VAGA products, click on our brand name under the title of this listing.Strong headband will effectively hold straight, smooth hair as well as curly and fuzzy.Headband is 3.5cm wide."
B09KX5N1DR,100% PURE Coconut Body Scrub Exfoliating Deep Cleanse with Sea Salts & Nourishing Oils - Natural Deeply Moisturizing Skincare - Vibrant Radiant Skin Restore & Pore Cleanser - Vegan - 10oz,"Crystalline sea salt scrub smoothes while softening skin with rich, supple moisture. Suspended in a base of silky sunflower and apricot oils, this emollient sea salt scrub buffs away bumps and flakes to reveal glowing, rejuvenated skin.",,38.0,100% PURE,"100% PURE Coconut Body Scrub Exfoliating Deep Cleanse with Sea Salts & Nourishing Oils - Natural Deeply Moisturizing Skincare - Vibrant Radiant Skin Restore & Pore Cleanser - Vegan - 10oz 100% PURE Crystalline sea salt scrub smoothes while softening skin with rich, supple moisture. Suspended in a base of silky sunflower and apricot oils, this emollient sea salt scrub buffs away bumps and flakes to reveal glowing, rejuvenated skin."
B09N9R2SYZ,24pcs Press on Nail Shot Length Coffin Fake Nails Nail Decoration Sticker on Nail with Heart Design Acrylic False Nails Full Cover False Nails Glossy Ballerina Stick on Nails for Women Manicure Tip,,,,RIICFDD,24pcs Press on Nail Shot Length Coffin Fake Nails Nail Decoration Sticker on Nail with Heart Design Acrylic False Nails Full Cover False Nails Glossy Ballerina Stick on Nails for Women Manicure Tip RIICFDD
B091TCKYM6,"Lace Front Wigs T Part Body Wave Human Hair Wigs for Black Women 100% Brazilian Virgin Body Wave wig 150% Density Pre Plucked With Baby Hair Natural Color(T Part Wig, 14 Inch)","Beafay Hair New Product: T Part Lace Front Human Hair Wigs(13x4x1 Lace Front Wig) Item Type: T Part Human Hair Wigs,Soft And Natural Wig Style: 13x4x1 T-Part Lace Frontal Body Wave Wigs Wig Density: 150 Percent , No Shedding And Tangle Free Lace Wig Type: Medium Brown Swiss Lace Front Wigs Hair Color: Natural Color, Can Be Dyed And Restyled Hair Material: 100 Percent Unprocessed Brazilian Virgin Human Hair Hair Length: 10-26 inch Hair Line: Pre plucked lace front wigs with baby hair Wig Cap Size: （20-22.5Inch) Medium Cap With Adjustable Strap , Easy to Adjust,Wear Comfortable.(Can be professionally customized) Number of Combs: 3 combs inside, front, back, side Straps: 2 adjustable velcro straps. Can be adjusted to 3 different circumferences for better fit. Warning & Tips: After washing,the wig may get sparse on the front section.And the wig may have wefts showing and not enough hair to cover it. Don't worry about it We added an extra 20 Percent hair density on the front section than regular lace wigs. Please comb the wig with wide-tooth comb and flat iron the hair after air dry. Then the wig will have a nice looking. FAQ Q1:Is This Lace Front Wig? A1:Yes. It named as T Part lace wig.Parting space is 1x4 inch,and the front lace size is 13x1 inch. Q2:Hairstyle Difference? A2:The wigs on the image has been styling slightly before we take photo, so did the hair on the model, and your wig comes with a basic style, which can be cut and shaped by yourself or a professional hair stylist to customize the look base on your need. Q3:Cap Size? A3:All wigs use adjustable straps for wig cap and average fit 20 inch - 24.5 inch head circumference,with 4 combs(front&back&two sides). Q4:Can Dye It? A4:Yes, the wig is 100 Percent human hair,it can be dyed,,bleached and per",,,beafay,"Lace Front Wigs T Part Body Wave Human Hair Wigs for Black Women 100% Brazilian Virgin Body Wave wig 150% Density Pre Plucked With Baby Hair Natural Color(T Part Wig, 14 Inch) beafay Beafay Hair New Product: T Part Lace Front Human Hair Wigs(13x4x1 Lace Front Wig) Item Type: T Part Human Hair Wigs,Soft And Natural Wig Style: 13x4x1 T-Part Lace Frontal Body Wave Wigs Wig Density: 150 Percent , No Shedding And Tangle Free Lace Wig Type: Medium Brown Swiss Lace Front Wigs Hair Color: Natural Color, Can Be Dyed And Restyled Hair Material: 100 Percent Unprocessed Brazilian Virgin Human Hair Hair Length: 10-26 inch Hair Line: Pre plucked lace front wigs with baby hair Wig Cap Size: （20-22.5Inch) Medium Cap With Adjustable Strap , Easy to Adjust,Wear Comfortable.(Can be professionally customized) Number of Combs: 3 combs inside, front, back, side Straps: 2 adjustable velcro straps. Can be adjusted to 3 different circumferences for better fit. Warning & Tips: After washing,the wig may get sparse on the front section.And the wig may have wefts showing and not enough hair to cover it. Don't worry about it We added an extra 20 Percent hair density on the front section than regular lace wigs. Please comb the wig with wide-tooth comb and flat iron the hair after air dry. Then the wig will have a nice looking. FAQ Q1:Is This Lace Front Wig? A1:Yes. It named as T Part lace wig.Parting space is 1x4 inch,and the front lace size is 13x1 inch. Q2:Hairstyle Difference? A2:The wigs on the image has been styling slightly before we take photo, so did the hair on the model, and your wig comes with a basic style, which can be cut and shaped by yourself or a professional hair stylist to customize the look base on your need. Q3:Cap Size? A3:All wigs use adjustable straps for wig cap and average fit 20 inch - 24.5 inch head circumference,with 4 combs(front&back&two sides). Q4:Can Dye It? A4:Yes, the wig is 100 Percent human hair,it can be dyed,,bleached and per"
B078KLDSXV,Kicosy 4 Pack Makeup Sponge Holder Beauty Sponge Holder Drying Rack Egg Powder Puff Display Stand - Gold,,,,KICOSY,Kicosy 4 Pack Makeup Sponge Holder Beauty Sponge Holder Drying Rack Egg Powder Puff Display Stand - Gold KICOSY
B08DRX8MZ7,Kao Merit Shampoo Refill Net Wt.11.49 floz/340ml (3 Pack),,,27.98,Kao,Kao Merit Shampoo Refill Net Wt.11.49 floz/340ml (3 Pack) Kao
B08GST17RP,Blue Saint Instant Self-Tanner - Natural Self Tanning Lotion With Probiotics - Zero Orange Sunless Foam Self Tanner,"Blue Saint is a luxurious self-tanning foam that's made from plant-based ingredients with Italian probiotics for a natural-looking tan. It's easy to apply, streak-free, fast-drying, and has no “fake tan” smell. Blue Saint gives you beautiful instant color when applied, and your bronze tan deepens rapidly in just two hours.",,,Blue Saint,"Blue Saint Instant Self-Tanner - Natural Self Tanning Lotion With Probiotics - Zero Orange Sunless Foam Self Tanner Blue Saint Blue Saint is a luxurious self-tanning foam that's made from plant-based ingredients with Italian probiotics for a natural-looking tan. It's easy to apply, streak-free, fast-drying, and has no “fake tan” smell. Blue Saint gives you beautiful instant color when applied, and your bronze tan deepens rapidly in just two hours."
B07KN5T2PC,Olive Oil Bar Soap - 100% Natural Pure & Artisan Hand Crafted Quality (6 Bar Enhanced Set),,,24.99,AnatoliaDaphne,Olive Oil Bar Soap - 100% Natural Pure & Artisan Hand Crafted Quality (6 Bar Enhanced Set) AnatoliaDaphne
B006X3E676,Zink Color Black Pearl False Eyelashes D110 Dance Halloween Costume,"Zink ColorStyle: D110Color: Black1 pair of premium eyelashesAbout style D110: The false eyelashes is made with synthetic hair, crisscrossed with varies length from 5mm to 1.8cm long. It is medium volume with long length with shorter hair at the edge and gradually lengthen towards the end. Each pair of lashes are decorated with 5 tiny black pearls at the tip of the lashes for added elegance.",,,MIRRORMORE,"Zink Color Black Pearl False Eyelashes D110 Dance Halloween Costume MIRRORMORE Zink ColorStyle: D110Color: Black1 pair of premium eyelashesAbout style D110: The false eyelashes is made with synthetic hair, crisscrossed with varies length from 5mm to 1.8cm long. It is medium volume with long length with shorter hair at the edge and gradually lengthen towards the end. Each pair of lashes are decorated with 5 tiny black pearls at the tip of the lashes for added elegance."
B07G5KYR91,Commodity Gin Eau De Parfum Spray Unisex 3.4 oz / 100 ml Brand New Item In Box Sealed,,,119.0,Fragrance G.u.c.c.i,Commodity Gin Eau De Parfum Spray Unisex 3.4 oz / 100 ml Brand New Item In Box Sealed Fragrance G.u.c.c.i
B097MV8KWZ,SEGO 120% Density Silk Base Top Hair Pieces Topper 100% Remy Human Hair Clip in on Hair Toppers for Women with Hair Loss Thinning Hair Cover Gray Hair 10inch #60 Platinum Blonde,"100% Real Human Hair Topper:Hand Made Toupee can be washed straightened, curled, trimmed or cut ,like your own hair.Shedding and tangle free. 100% Real Human Hair Topper:Hand Made Toupee can be washed straightened, curled, trimmed or cut ,like your own hair.Shedding and tangle free. Silk Base Top Wiglet: 3.9""x4.7"" Exquisite Hand-Made Silk Base, Looks Like Real Human Scalp and which totally Fits Your Hair Skin, Breathable, Comfortable, Softness, Invisible and Realistic. It Blend with Your Hair Naturally and Cannot be Found Easilly. 4 Anti-Slip Clips: Just take a few seconds to apply. Easy to wear,providing secure yet comfortable attachment for all day wear.You'd better not clip in where your hair is kind of bare, or it would hurt your scalp and cause more hair loss. Sweet Tips: Due to shooting lights and color differences of different monitors, there may be some color difference between the picture and the actual product. You can provide your photos and we will give you advice.",,,SEGO,"SEGO 120% Density Silk Base Top Hair Pieces Topper 100% Remy Human Hair Clip in on Hair Toppers for Women with Hair Loss Thinning Hair Cover Gray Hair 10inch #60 Platinum Blonde SEGO 100% Real Human Hair Topper:Hand Made Toupee can be washed straightened, curled, trimmed or cut ,like your own hair.Shedding and tangle free. 100% Real Human Hair Topper:Hand Made Toupee can be washed straightened, curled, trimmed or cut ,like your own hair.Shedding and tangle free. Silk Base Top Wiglet: 3.9""x4.7"" Exquisite Hand-Made Silk Base, Looks Like Real Human Scalp and which totally Fits Your Hair Skin, Breathable, Comfortable, Softness, Invisible and Realistic. It Blend with Your Hair Naturally and Cannot be Found Easilly. 4 Anti-Slip Clips: Just take a few seconds to apply. Easy to wear,providing secure yet comfortable attachment for all day wear.You'd better not clip in where your hair is kind of bare, or it would hurt your scalp and cause more hair loss. Sweet Tips: Due to shooting lights and color differences of different monitors, there may be some color difference between the picture and the actual product. You can provide your photos and we will give you advice."
B01LYQLV0X,"Simple Kind To Skin Refreshing Shower Gel, 500 Ml / 16.9 Ounce",,,5.98,Simple,"Simple Kind To Skin Refreshing Shower Gel, 500 Ml / 16.9 Ounce Simple"
B071JF7K36,Pack of 5 Multi Color Indian Art Bindi Body Stickers/tattoo Self Adhesive Reusable,,,,Buycrafty,Pack of 5 Multi Color Indian Art Bindi Body Stickers/tattoo Self Adhesive Reusable Buycrafty
B09CYT7W58,"Body Scrub, Himalayan Salt Body Scrub with Lychee Oil Exfoliating Salt Scrub to Exfoliate Moisturize Skin, Deep Cleansing Moisturizing Body Scrub Exfoliating Salt Scrub",,,,Dreamore,"Body Scrub, Himalayan Salt Body Scrub with Lychee Oil Exfoliating Salt Scrub to Exfoliate Moisturize Skin, Deep Cleansing Moisturizing Body Scrub Exfoliating Salt Scrub Dreamore"
B08ZY25DHT,"Apt 1pc Sand Firm Patterns Turban Style Top Knot Headband wide embellished embroidered headbands Knotted Hairband for girls and women easy on ears , luxury elegant headbands for ladies",,,,APT ACCESSORY,"Apt 1pc Sand Firm Patterns Turban Style Top Knot Headband wide embellished embroidered headbands Knotted Hairband for girls and women easy on ears , luxury elegant headbands for ladies APT ACCESSORY"
B08172PRXF,LIUJIEJIE Novelty Rabbit Vib Toys Waterproof for Women 30 Speeds Best Gifts,? Specifications:? Material: Silicone ? Size: 20 x 3.4 cm/9 x 1.6 in? Color: Hot Pink? Power: 2 x AAA Battery(not include)? Package Include:? 1 X Rabbit Vib描述,,,N/B,LIUJIEJIE Novelty Rabbit Vib Toys Waterproof for Women 30 Speeds Best Gifts N/B ? Specifications:? Material: Silicone ? Size: 20 x 3.4 cm/9 x 1.6 in? Color: Hot Pink? Power: 2 x AAA Battery(not include)? Package Include:? 1 X Rabbit Vib描述
B08CBFB2BY,Boho Headbands for Women Printed Flower Criss Cross Hairband 6 Pcs Vintage Twisted Feather Head Wrap Elastic Turban Hair Band Accessories for Girls (Feather),,,,Lovogue,Boho Headbands for Women Printed Flower Criss Cross Hairband 6 Pcs Vintage Twisted Feather Head Wrap Elastic Turban Hair Band Accessories for Girls (Feather) Lovogue
B00G9K4JAC,FOREVER YUNG 2 Pcs Dotted Elastic Straps Dust Proof Earloop Face Mask Black White,,,,,FOREVER YUNG 2 Pcs Dotted Elastic Straps Dust Proof Earloop Face Mask Black White
B07HBV6JGH,2 set Interlocking Banana Combs Hair Clip French Side Comb Holder (Clear).,,,,sundiego2020,2 set Interlocking Banana Combs Hair Clip French Side Comb Holder (Clear). sundiego2020
B01NCEPI1L,4pc British Sterling Private Stock For Men Shaving Cologne Gift Set & Flashlight,,,36.0,British Sterling,4pc British Sterling Private Stock For Men Shaving Cologne Gift Set & Flashlight British Sterling
B07FLKZY7K,Luxury Velvet Wave Durag - Soft Durag Headwraps with Extra Long Tail and Wide Straps for 360 Waves Light Rose,,,,ASHILISIA,Luxury Velvet Wave Durag - Soft Durag Headwraps with Extra Long Tail and Wide Straps for 360 Waves Light Rose ASHILISIA
B07CCFSJ47,"Compression Arch Sleeves - Plantar Fasciitis Braces / Sleeves (2 Pairs Black) , Foot Care, Heel Spurs, Feet Pain, Flat Arches .","Arch support sock efficacy: 1. Breathable Material. 2. Arch Pain,Plantar Fasciitis, Heel Pain or Spurs,Bone Spur,Plantar Wart,Metatarsal pain. 3. No-Slip Design prevents overpronation (foot rolling inward too much), while massaging the arch. 4. Gentle compression and comfort to arch of foot. 5. Helps to relieve pain & discomfort related to plantar fasciitis, achiles , edema, stress fracture, tendon, metatarsal, heel pain symptoms. 6.It can be Hand washable, Reusable when it is dirty after you used for many days. ❤ Features: High flexibility for reuse Marked with R and L letters; Color: Black Material: Cloth: nylon; Arch support: silicon gel ❤ Purpose: Great for flat feet, weak arches, arch caring, sports protection etc. ❤ Package Includes: 4Pieces/ 2 Pair of arch supports Cleaning instructions: To keep the item in good condition and good shape, please get it washed by hand instead of washing machine.Hand wash the gel sleeves in warm water (<86℉) with mild soap and air dry. Don't dry the gel sleeve directly under sun. Sprinkle the gel with talcum powder before reusing.",,,Pina Colada,"Compression Arch Sleeves - Plantar Fasciitis Braces / Sleeves (2 Pairs Black) , Foot Care, Heel Spurs, Feet Pain, Flat Arches . Pina Colada Arch support sock efficacy: 1. Breathable Material. 2. Arch Pain,Plantar Fasciitis, Heel Pain or Spurs,Bone Spur,Plantar Wart,Metatarsal pain. 3. No-Slip Design prevents overpronation (foot rolling inward too much), while massaging the arch. 4. Gentle compression and comfort to arch of foot. 5. Helps to relieve pain & discomfort related to plantar fasciitis, achiles , edema, stress fracture, tendon, metatarsal, heel pain symptoms. 6.It can be Hand washable, Reusable when it is dirty after you used for many days. ❤ Features: High flexibility for reuse Marked with R and L letters; Color: Black Material: Cloth: nylon; Arch support: silicon gel ❤ Purpose: Great for flat feet, weak arches, arch caring, sports protection etc. ❤ Package Includes: 4Pieces/ 2 Pair of arch supports Cleaning instructions: To keep the item in good condition and good shape, please get it washed by hand instead of washing machine.Hand wash the gel sleeves in warm water (<86℉) with mild soap and air dry. Don't dry the gel sleeve directly under sun. Sprinkle the gel with talcum powder before reusing."
B09784YCMZ,"Eye Makeup Kit,Includes Smoky Cat Eyeliner Stencil Pads,Eyeshadow Stencil Stickies,Eyebrow Stencil Makeup Tool for Beginners",,,,Augoog,"Eye Makeup Kit,Includes Smoky Cat Eyeliner Stencil Pads,Eyeshadow Stencil Stickies,Eyebrow Stencil Makeup Tool for Beginners Augoog"
B01M0540D1,[Bella Bella Boutique] La Lüne 18 Women EDT 3.3 oz,,,,,[Bella Bella Boutique] La Lüne 18 Women EDT 3.3 oz
B08B36R5KJ,15 Pcs Acrylic Nail Brush Set Nail Art Brushes Double Ended Dotting Pen Dust Remover Brush Powder Two Finger Toe Separators with Storage Box for Nail Salon Home Use,,,,mwellewm,15 Pcs Acrylic Nail Brush Set Nail Art Brushes Double Ended Dotting Pen Dust Remover Brush Powder Two Finger Toe Separators with Storage Box for Nail Salon Home Use mwellewm
B081THSGTR,Sigil Scent Anima Mundi Eau de Parfum 1 fl oz,,,,Sigil Scent,Sigil Scent Anima Mundi Eau de Parfum 1 fl oz Sigil Scent
B08XTP92WG,4 Pieces Real Silk Night Sleeping Cap Floral Print Silk Bonnet Hat with Ribbon (Pure Color),"Features:Proper gift choice:The soft smooth sleep cap is not only practical but also decorative, most women will love them, and they can be sweet gifts for your mother, wife, girlfriend or sister on birthday, Valentine's Day, wedding, anniversary, or other meaningful occasions, showing your love and care for them.Care your hair:Our sleep bonnet cap with smooth surface can help to reduce frictions between hair and pillows, also will not bring too much burdens on your head while sleeping, will keep your hair, keep your hair moisture even during the night.Specifications:Material: silkSize: approx. 13.74 x 9.69 x 0.43 inchesColor: as shown in picturesPackage includes:4 x Silk sleep capsWarm notice:Due to manual measurement, please allow slight differences on size.",,,Syhood,"4 Pieces Real Silk Night Sleeping Cap Floral Print Silk Bonnet Hat with Ribbon (Pure Color) Syhood Features:Proper gift choice:The soft smooth sleep cap is not only practical but also decorative, most women will love them, and they can be sweet gifts for your mother, wife, girlfriend or sister on birthday, Valentine's Day, wedding, anniversary, or other meaningful occasions, showing your love and care for them.Care your hair:Our sleep bonnet cap with smooth surface can help to reduce frictions between hair and pillows, also will not bring too much burdens on your head while sleeping, will keep your hair, keep your hair moisture even during the night.Specifications:Material: silkSize: approx. 13.74 x 9.69 x 0.43 inchesColor: as shown in picturesPackage includes:4 x Silk sleep capsWarm notice:Due to manual measurement, please allow slight differences on size."
B00V7Z35Z4,Amzdeal 29 Pieces Makeup Brush Set Premium Wool Horsehair Nylon Hair Makeup Brush Kit with Cosmetics Foundation Blusher Eyeliner Eyebrow Eye Shader Face Powder Lip Blending Angle (Black),,,,,Amzdeal 29 Pieces Makeup Brush Set Premium Wool Horsehair Nylon Hair Makeup Brush Kit with Cosmetics Foundation Blusher Eyeliner Eyebrow Eye Shader Face Powder Lip Blending Angle (Black)
B07RYMN8YH,JD Jeffrey Dame Vanille Farfelue Eau de Parfum 2 ml/0.07 fl oz,,,,JD Jeffrey Dame,JD Jeffrey Dame Vanille Farfelue Eau de Parfum 2 ml/0.07 fl oz JD Jeffrey Dame
B081N7TZ9M,NAIL ANGEL 7pcs/Pack Nail Art Pure Color Wrap Full-Cover Finger Nail Sticker 16tips/Sheet Nail Strips for Women 10089 (10089),,,,NAIL ANGEL,NAIL ANGEL 7pcs/Pack Nail Art Pure Color Wrap Full-Cover Finger Nail Sticker 16tips/Sheet Nail Strips for Women 10089 (10089) NAIL ANGEL
B01N460W5Z,"Mirror Nail Powder, LilyAngel Shinning Metallic Nail Art Chrome Holographic Pigment With Sponge Stick 12pcs/set",,,,LilyAngel,"Mirror Nail Powder, LilyAngel Shinning Metallic Nail Art Chrome Holographic Pigment With Sponge Stick 12pcs/set LilyAngel"
B07CSR9H8C,K9 Granola Factory Banana Slices Dog Treats 12 Ounce Bag.,"K9 Granola Factory Banana Chips Dog Treats Made with only banana, coconut oil, and sugar A fun Dog Treat that is Baked fresh in the USA No wheat, corn, or soy Dog Snack Banana adds a delicious boost of potassium to your pet's diet. Don't throw your Dog a Bone.... Just a Banana!!",,15.99,K9 GRANOLA,"K9 Granola Factory Banana Slices Dog Treats 12 Ounce Bag. K9 GRANOLA K9 Granola Factory Banana Chips Dog Treats Made with only banana, coconut oil, and sugar A fun Dog Treat that is Baked fresh in the USA No wheat, corn, or soy Dog Snack Banana adds a delicious boost of potassium to your pet's diet. Don't throw your Dog a Bone.... Just a Banana!!"
B0769X2N19,Divya Giloy Sat 10 Grams x pack of 2,,,5.99,Divya pharmacy,Divya Giloy Sat 10 Grams x pack of 2 Divya pharmacy
B07P7JHBVD,"[Surprise]18"" 50g Per Package 20 Pieces Tape in Hair Extensions Remy Human Hair Invisible Skin Weft Color#2 Dark Brown Tape Hair Extensions",,,,Full Shine,"[Surprise]18"" 50g Per Package 20 Pieces Tape in Hair Extensions Remy Human Hair Invisible Skin Weft Color#2 Dark Brown Tape Hair Extensions Full Shine"
B09CGGM1PK,"WISLIBE Kids Electric Toothbrush Rechargeable, Soft Bristles, 3 Clean Modes, Easy-Press Power Button for 2-6 Years Children and Toddlers",,,,WISLIBE,"WISLIBE Kids Electric Toothbrush Rechargeable, Soft Bristles, 3 Clean Modes, Easy-Press Power Button for 2-6 Years Children and Toddlers WISLIBE"
B00G99SNKU,Premium Quality Stainless Steel Manicure/Pedicure Cuticle Pusher/Scraper By VAGA,,,6.99,VAGA,Premium Quality Stainless Steel Manicure/Pedicure Cuticle Pusher/Scraper By VAGA VAGA
B085Y32D4F,"Acrylic Lipstick Tower, Rotating Cosmetic Organizer with 64 Slots (4.5 x 9.5 In)",,,,Glamlily,"Acrylic Lipstick Tower, Rotating Cosmetic Organizer with 64 Slots (4.5 x 9.5 In) Glamlily"
B088ZPLPN8,Human Hair Weave Bundles Sew in Remy Hair Extensions Double Weft Balayage Real Brazilian Hair Extensions Full Head Silky Straight Seamless Weave Bundles Ash Brown with Blonde Highlights 100g 16 Inch,,,,Benafee,Human Hair Weave Bundles Sew in Remy Hair Extensions Double Weft Balayage Real Brazilian Hair Extensions Full Head Silky Straight Seamless Weave Bundles Ash Brown with Blonde Highlights 100g 16 Inch Benafee
B08H5HYM2P,4 Pieces Rhinestone Hair Band Double Crystal Side Hair Band Bling Rhinestone Thin Headband Imitation Diamond Crystal Hoop Headband Vintage Hair Accessories for Women Girls,,,,WILLBOND,4 Pieces Rhinestone Hair Band Double Crystal Side Hair Band Bling Rhinestone Thin Headband Imitation Diamond Crystal Hoop Headband Vintage Hair Accessories for Women Girls WILLBOND
B0865RQZRJ,"4D Silk Fiber Lash Mascara for Longer,Mascara Black volume and length for luxuriously Waterproof Easily show thick lashes",,,,NAQIER,"4D Silk Fiber Lash Mascara for Longer,Mascara Black volume and length for luxuriously Waterproof Easily show thick lashes NAQIER"
B00XDCZT4E,"Dermend Moisturizing Bruise Formula Cream, 9 fluid ounces",,,,,"Dermend Moisturizing Bruise Formula Cream, 9 fluid ounces"
B07PH16FSX,HSOA multi-function fast beard hair straightener styling comb,,,,,HSOA multi-function fast beard hair straightener styling comb
B07L49PZ4C,"HQ9/52 Replacement Shaver head Blades For Philips Norelco SpeedXL 8240XL 8140XL 8150XL 8160XL 8170XL, 8100 series, 8200 series, 9100 series, and PT/AT900","HQ9 Shaver head Blades For Philips Norelco 8140XL 8150XL 8160XL 8170XL 8171 8175 HQ9 shaver Head Blades is Universal Generic High Quality This Blades are compatible with the following Philips Norelco shavers: Series 8100XL 9100XL 8200XL Philips Norelco SpeedXL HQ9 shaver models :- 8140XL, 8150XL, 8160XL, 8170XL, 8171XL, 8175XL 8240XL, 8250XL, 8251XL, 8260XL, 8270XL, 8280XL 9160XL, 9170XL, 9171XL, 9190XL, 9195XL & 9199XL",,18.99,USonline911,"HQ9/52 Replacement Shaver head Blades For Philips Norelco SpeedXL 8240XL 8140XL 8150XL 8160XL 8170XL, 8100 series, 8200 series, 9100 series, and PT/AT900 USonline911 HQ9 Shaver head Blades For Philips Norelco 8140XL 8150XL 8160XL 8170XL 8171 8175 HQ9 shaver Head Blades is Universal Generic High Quality This Blades are compatible with the following Philips Norelco shavers: Series 8100XL 9100XL 8200XL Philips Norelco SpeedXL HQ9 shaver models :- 8140XL, 8150XL, 8160XL, 8170XL, 8171XL, 8175XL 8240XL, 8250XL, 8251XL, 8260XL, 8270XL, 8280XL 9160XL, 9170XL, 9171XL, 9190XL, 9195XL & 9199XL"
B09GNXK3N1,"Reusable Shower Cap for Women – Leakproof, Nonslip Hair Cap for Shower w/ Comfy Flexiband – Soft, Breathable Shower Caps for Women Reusable Waterproof – Durable, Heavy Duty Shower Cap by SMPL OBJECTS (Marble)","DON’T RISK RUINING YOUR HAIRSTYLE with LEAKY plastic hair caps that DON’T FIT. The SMPL OBJECTS Shower Cap is uniquely designed with our LEAKPROOF, nonslip silicone Forehead Strip, keeping your waterproof shower cap SECURELY IN PLACE without leaving creases. Made to fit head sizes up to a 24” circumference, this hair shower cap features our elastic Flexiband for THE PERFECT COMFY FIT. THE AVERAGE SHOWER HAIR CAP is poorly made with flimsy materials, FALLING APART after a few uses. Crafted out of DURABLE, 100% waterproof polyester with a LIGHTWEIGHT, BREATHABLE feel, our washable shower cap is SOFT TO THE TOUCH and resistant to wrinkling & tearing. So you can count on it for LONG-LASTING PROTECTION against moisture – and say buh-bye to the WASTEFUL CYCLE of plastic hair caps. MAKE EVERY SHOWER A LUXURY – Our quality-made womens shower caps help MAINTAIN YOUR BLOWOUT, natural curls, or whatever hairstyle you rock by LOCKING OUT MOISTURE in the shower. Not only will your follicles benefit from LESS FREQUENT WASHINGS, our shower bonnet will also eliminate the EXTRA TOUCH-UPS you would normally have to do post-shower – SAVING TIME, and saving your mane from EXCESS HEAT. THE ULTIMATE BEAUTY GIFT – in a CHIC, CHARMING PACKAGE. In your choice of 5 VIBRANT PATTERNS, this shower cap for long hair, medium hair, and short hair has a gorgeous retro look that’s SLEEK & STREAMLINED compared to other bulky hair caps for women. Our head cap bonnets make perfect STOCKING STUFFERS, White Elephant gifts, birthday gifts for Mom, or centerpieces for a luxurious SPA GIFT BASKET! At SMPL OBJECTS, we believe self-care is essential to your wellness and beauty – inside and out. As a woman-owned, woman-operated business based in Toronto, we make our reusable shower caps with only the best materials and craftsmanship. Your satisfaction is our top priority. If you don’t love your adult shower cap, our team is standing by to help.FRIENDLY: Go green with this washable, reusable shower cap that helps protect the environment.",,19.99,SMPL objects,"Reusable Shower Cap for Women – Leakproof, Nonslip Hair Cap for Shower w/ Comfy Flexiband – Soft, Breathable Shower Caps for Women Reusable Waterproof – Durable, Heavy Duty Shower Cap by SMPL OBJECTS (Marble) SMPL objects DON’T RISK RUINING YOUR HAIRSTYLE with LEAKY plastic hair caps that DON’T FIT. The SMPL OBJECTS Shower Cap is uniquely designed with our LEAKPROOF, nonslip silicone Forehead Strip, keeping your waterproof shower cap SECURELY IN PLACE without leaving creases. Made to fit head sizes up to a 24” circumference, this hair shower cap features our elastic Flexiband for THE PERFECT COMFY FIT. THE AVERAGE SHOWER HAIR CAP is poorly made with flimsy materials, FALLING APART after a few uses. Crafted out of DURABLE, 100% waterproof polyester with a LIGHTWEIGHT, BREATHABLE feel, our washable shower cap is SOFT TO THE TOUCH and resistant to wrinkling & tearing. So you can count on it for LONG-LASTING PROTECTION against moisture – and say buh-bye to the WASTEFUL CYCLE of plastic hair caps. MAKE EVERY SHOWER A LUXURY – Our quality-made womens shower caps help MAINTAIN YOUR BLOWOUT, natural curls, or whatever hairstyle you rock by LOCKING OUT MOISTURE in the shower. Not only will your follicles benefit from LESS FREQUENT WASHINGS, our shower bonnet will also eliminate the EXTRA TOUCH-UPS you would normally have to do post-shower – SAVING TIME, and saving your mane from EXCESS HEAT. THE ULTIMATE BEAUTY GIFT – in a CHIC, CHARMING PACKAGE. In your choice of 5 VIBRANT PATTERNS, this shower cap for long hair, medium hair, and short hair has a gorgeous retro look that’s SLEEK & STREAMLINED compared to other bulky hair caps for women. Our head cap bonnets make perfect STOCKING STUFFERS, White Elephant gifts, birthday gifts for Mom, or centerpieces for a luxurious SPA GIFT BASKET! At SMPL OBJECTS, we believe self-care is essential to your wellness and beauty – inside and out. As a woman-owned, woman-operated business based in Toronto, we make our reusable shower caps with only the best materials and craftsmanship. Your satisfaction is our top priority. If you don’t love your adult shower cap, our team is standing by to help.FRIENDLY: Go green with this washable, reusable shower cap that helps protect the environment."
B087P7QDQ5,"Long Corn Wave Ponytail Extension, PEACOCO 20 Inch Wrap Around Ponytail for Black Women Heat Resistant Synthetic Magic Paste Ponytail Hairpiece ( 2# )",,,,PEACOCO,"Long Corn Wave Ponytail Extension, PEACOCO 20 Inch Wrap Around Ponytail for Black Women Heat Resistant Synthetic Magic Paste Ponytail Hairpiece ( 2# ) PEACOCO"
B01E6HRAP0,KOSE COSMEPORT CLEAR TURN Premium Royal Jelly Mask (Hyaluronic acid),,,11.99,CLEAR TURN,KOSE COSMEPORT CLEAR TURN Premium Royal Jelly Mask (Hyaluronic acid) CLEAR TURN
B0BV1KNVV4,"N°5 Eau De Parfum Spray for Women, 3.4 Ounce/100ml","product Since its creation in 1921, N°5 has exuded the very essence of femininity. The abstract, mysterious scent—alive with countless subtle facets—radiates an extravagant floral richness. In 1986, Jacques Polge reinterpreted his predecessor Ernest Beaux’s composition to create a fuller, more voluminous version of the now and forever fragrance: the Eau de Parfum. composition With its unprecedented use of aldehydes and layers of complexity, N°5 was the world’s first abstract fragrance. The Eau de Parfum draws inspiration from the original Parfum. This floral bouquet, composed around May rose and jasmine, features bright citrus top notes. Aldehydes create a unique presence, while the smooth touch of bourbon vanilla yields an incredibly sensual sillage. art of perfuming The Eau de Parfum comes in a spray for easy application.",,99.0,Generic,"N°5 Eau De Parfum Spray for Women, 3.4 Ounce/100ml Generic product Since its creation in 1921, N°5 has exuded the very essence of femininity. The abstract, mysterious scent—alive with countless subtle facets—radiates an extravagant floral richness. In 1986, Jacques Polge reinterpreted his predecessor Ernest Beaux’s composition to create a fuller, more voluminous version of the now and forever fragrance: the Eau de Parfum. composition With its unprecedented use of aldehydes and layers of complexity, N°5 was the world’s first abstract fragrance. The Eau de Parfum draws inspiration from the original Parfum. This floral bouquet, composed around May rose and jasmine, features bright citrus top notes. Aldehydes create a unique presence, while the smooth touch of bourbon vanilla yields an incredibly sensual sillage. art of perfuming The Eau de Parfum comes in a spray for easy application."
B08CV2LYTG,"TOYOTRESS Passion Twist Hair - 16 Inch 7packs Ombre Blonde Water Wave Crochet Braids Synthetic Braiding Hair Extensions (16 Inch 7Packs, T27)",,,,Glinda,"TOYOTRESS Passion Twist Hair - 16 Inch 7packs Ombre Blonde Water Wave Crochet Braids Synthetic Braiding Hair Extensions (16 Inch 7Packs, T27) Glinda"
B081XD2HRD,Eye Color Quad & Mini Deluxe Lip Set,"Two deluxe mini lipsticks selected from Tom Ford’s personal palette of Lip Colors let you pair different lip looks with the soft, smoky eye of the White Suede Eye Color Quad.",,,Tom Ford,"Eye Color Quad & Mini Deluxe Lip Set Tom Ford Two deluxe mini lipsticks selected from Tom Ford’s personal palette of Lip Colors let you pair different lip looks with the soft, smoky eye of the White Suede Eye Color Quad."
B00SK400US,"Brush Roller, Orange, 7/8 Inch, 12 Count",,,,Nylrem,"Brush Roller, Orange, 7/8 Inch, 12 Count Nylrem"
B015QSOGC8,Greenwich Bay Trading Company Fall & Winter Soap Sampler 15 pack of 1.9oz bars - Bundle 15 items,"BOTANICAL SOAPS French-milled, luxurious vegetable soaps enriched with shea butter, essential oils and natural extracts in captivating botanical scents. Paper wrapped and offered in a 1.9 ounce mini soap square. This sampler consists of one 1.9 ounce bar of each of the following fragrances! APPLE CIDER SHEA BUTTER Soap enriched with shea butter & apple blossom oil. AUTUMN GARDEN Bar soap enriched with shea butter & cocoa butter. AUTUMN HARVEST Bar soap enriched with shea butter & cocoa butter and blended with exfoliating organic oatmeal & wheat bran. HARVEST APPLE Soap enriched with shea butter & apple blossom oil. SPICED PUMPKIN Bar soap enriched with shea butter, pumpkin seed & clove oil. CRANBERRY CHESTNUT Soap enriched with shea butter, cranberry oil & chestnut oil. FRESH HOLLY Soap enriched with shea butter & eucalyptus oil. FROSTED SUGAR PLUM Bar soap enriched with shea butter, plum butter & pure cane sugar. GINGERBREAD Bar soap enriched with shea butter, ginger, nutmeg & honey. MISTLETOE Soap enriched with shea butter & cocoa butter. PEPPERMINT FROST Soap enriched with shea butter and peppermint oil. SNOW LILY Soap enriched with shea butter and cocoa butter. SUGAR PEAR AND WINTERBERRY Bar soap enriched with virgin olive oil, shea butter and pure cane sugar. WINTERFIELD Soap enriched with shea butter and cocoa butter. WINTER GARDEN Bar soap enriched with shea butter and nectarine oil and blended with exfoliating wheat bran.",,,Greenwich Bay Trading Company Soaps,"Greenwich Bay Trading Company Fall & Winter Soap Sampler 15 pack of 1.9oz bars - Bundle 15 items Greenwich Bay Trading Company Soaps BOTANICAL SOAPS French-milled, luxurious vegetable soaps enriched with shea butter, essential oils and natural extracts in captivating botanical scents. Paper wrapped and offered in a 1.9 ounce mini soap square. This sampler consists of one 1.9 ounce bar of each of the following fragrances! APPLE CIDER SHEA BUTTER Soap enriched with shea butter & apple blossom oil. AUTUMN GARDEN Bar soap enriched with shea butter & cocoa butter. AUTUMN HARVEST Bar soap enriched with shea butter & cocoa butter and blended with exfoliating organic oatmeal & wheat bran. HARVEST APPLE Soap enriched with shea butter & apple blossom oil. SPICED PUMPKIN Bar soap enriched with shea butter, pumpkin seed & clove oil. CRANBERRY CHESTNUT Soap enriched with shea butter, cranberry oil & chestnut oil. FRESH HOLLY Soap enriched with shea butter & eucalyptus oil. FROSTED SUGAR PLUM Bar soap enriched with shea butter, plum butter & pure cane sugar. GINGERBREAD Bar soap enriched with shea butter, ginger, nutmeg & honey. MISTLETOE Soap enriched with shea butter & cocoa butter. PEPPERMINT FROST Soap enriched with shea butter and peppermint oil. SNOW LILY Soap enriched with shea butter and cocoa butter. SUGAR PEAR AND WINTERBERRY Bar soap enriched with virgin olive oil, shea butter and pure cane sugar. WINTERFIELD Soap enriched with shea butter and cocoa butter. WINTER GARDEN Bar soap enriched with shea butter and nectarine oil and blended with exfoliating wheat bran."
B07QS8JQTJ,FEAYEA Replacement Norelco HQ8 Shavers Head Series 8800 7800 7100 7200,,,,FEAYEA,FEAYEA Replacement Norelco HQ8 Shavers Head Series 8800 7800 7100 7200 FEAYEA
B083TK1VVJ,BABEYOND 1920s Flapper Short Wig Great Gatsby Bobo Wig Gold Straight Wig Flapper Costume Hair Wigs Accessory (Gold),,,,BABEYOND,BABEYOND 1920s Flapper Short Wig Great Gatsby Bobo Wig Gold Straight Wig Flapper Costume Hair Wigs Accessory (Gold) BABEYOND
B08D884BPX,"Fashion Protective, Unisex Black Dust Cotton, Washable, Reusable Cotton Fabric (black-10)",,,,Massimiliano Incas,"Fashion Protective, Unisex Black Dust Cotton, Washable, Reusable Cotton Fabric (black-10) Massimiliano Incas"
B071VZ8YXR,Tarte Poreless Mattifying Primer mini deluxe size 0.23 oz,,,,Tarte,Tarte Poreless Mattifying Primer mini deluxe size 0.23 oz Tarte
B07L1SFMC4,"Exfoliating Foot Peel Mask For Softer, Smooth Feet- Gently Peel Away Calluses & Dead Skin, Repair Rough Heels, Get Beautiful Baby Feet Foot Peel in 7 Days (2 Packs)",,,,Karma Cosmetics,"Exfoliating Foot Peel Mask For Softer, Smooth Feet- Gently Peel Away Calluses & Dead Skin, Repair Rough Heels, Get Beautiful Baby Feet Foot Peel in 7 Days (2 Packs) Karma Cosmetics"
B00LWUHC6W,FUNOC Women Winter Warm Fingerless Knitted Long Gloves Mitten Wrist Arm Hand Warmer,,,,FUNOC,FUNOC Women Winter Warm Fingerless Knitted Long Gloves Mitten Wrist Arm Hand Warmer FUNOC
B01EJ8T1LW,"Maybelline Vivid Matte Lipstick Number 35, Rebel Red",,,,Maybelline New York,"Maybelline Vivid Matte Lipstick Number 35, Rebel Red Maybelline New York"
B013GCHMH2,"Hello Oral Care Breath Spray, Mojito Mint, 0.24 Fluid Ounce",Hello mojito mint breath spray.,,,Hello,"Hello Oral Care Breath Spray, Mojito Mint, 0.24 Fluid Ounce Hello Hello mojito mint breath spray."
B08K2VZ23H,DMS Body Wave Brazilian Virgin Hair Human Hair Bundles 3 Bundles 10 12 14 Brazilian Body Wave Unprocessed Brazilian Human Hair Weave Bundles Body Wave Bundles(Natural Color 10'' 12'' 14''),,,,DMS,DMS Body Wave Brazilian Virgin Hair Human Hair Bundles 3 Bundles 10 12 14 Brazilian Body Wave Unprocessed Brazilian Human Hair Weave Bundles Body Wave Bundles(Natural Color 10'' 12'' 14'') DMS
B010EG2JOE,"All-in-One Makeup Setting Spray, Hydrating Mist, and Face Energizer - Alexis Vogel Facial Cocktail Mist - All-Day Hold for your Makeup - Hydrates Skin and Creates Glow - Instant Refresher and Pick-Me-Up - Contains Natural Botanicals - Created by Celebrity Makeup Artist",,,,,"All-in-One Makeup Setting Spray, Hydrating Mist, and Face Energizer - Alexis Vogel Facial Cocktail Mist - All-Day Hold for your Makeup - Hydrates Skin and Creates Glow - Instant Refresher and Pick-Me-Up - Contains Natural Botanicals - Created by Celebrity Makeup Artist"
B07NBLP4GJ,Callus Pro Cordless Rechargeable Handheld Pedicure Tool for Rough Callused & Dead Skin,"Get rid of tough, hard foot calluses gently and effortlessly with the Callus Pro. This rechargeable handheld electric foot file uses rotating sanding discs to remove calluses and dead skin layers for soft, smooth feet. Sanding discs are disposable and easy to switch out, making this an ideal callus-remover tool for multiple people to use. Its lightweight cordless design and speed options gives the user complete control over angle, pressure, and speed for optimal results, and the small handle fits comfortably in any adult hand. Charge overnight for all-day use. Product dimensions are L 8 x W (head) 3 inches; Power source 1.6A, power consumption 5W.",,97.0,QNT,"Callus Pro Cordless Rechargeable Handheld Pedicure Tool for Rough Callused & Dead Skin QNT Get rid of tough, hard foot calluses gently and effortlessly with the Callus Pro. This rechargeable handheld electric foot file uses rotating sanding discs to remove calluses and dead skin layers for soft, smooth feet. Sanding discs are disposable and easy to switch out, making this an ideal callus-remover tool for multiple people to use. Its lightweight cordless design and speed options gives the user complete control over angle, pressure, and speed for optimal results, and the small handle fits comfortably in any adult hand. Charge overnight for all-day use. Product dimensions are L 8 x W (head) 3 inches; Power source 1.6A, power consumption 5W."
B094616DBT,"6PCS Baby Hair Temporary Tattoo Stickers, Fashion Hair Edge Tattoo Edges Curly Hair, DIY Hairstyling Hair Tattooing Template Hair Stickers Lasting Makeup Tool.",,,,WEISPO,"6PCS Baby Hair Temporary Tattoo Stickers, Fashion Hair Edge Tattoo Edges Curly Hair, DIY Hairstyling Hair Tattooing Template Hair Stickers Lasting Makeup Tool. WEISPO"
B087JQQZK1,"DKAF 5Pcs Professional Salon Hair Coloring Dyeing Kit, Hair Tinting Brush Dye Comb Mixing Bowl Ear Cover, DIY Salon Hair Dye Tools Hair Dye Tools",,,,DKAF,"DKAF 5Pcs Professional Salon Hair Coloring Dyeing Kit, Hair Tinting Brush Dye Comb Mixing Bowl Ear Cover, DIY Salon Hair Dye Tools Hair Dye Tools DKAF"
B08QJ9GZV2,"16 Pieces Parting Comb Sectioning Clips Set, Carbon Stainless Rat Tail Combs Pintail Comb and Duckbill Hairpin Barber Teasing Parting Styling Combs for Hair Styling Hairdressing (Purple)","Package content: you will receive totally 8 pieces of parting comb and 8 pieces of sectioning clips, enough to meet your hair styling needs Long handled comb: the teasing comb is designed with a slender stainless steel long tail, which is very suitable for styling, parting, combing back, post-styling and hair dye Plastic hair clips: the hair clip is designed with good elastic spring to fix the hair in a soft and safe way, they also do not leave dents on the hair Size detail: the size of teasing comb is about 8.67 x 1.1 inch/ 22 x 2.8 cm, the length of clips is approx. 3.15 inch/ 8 cm, manual measurement, please allow a slight error in size Multiple applications: hair zone clip and long tail combs are suitable for salons, formal occasions and daily use, a good choice for hair stylist in professional hair salons, perm, separate, zone and dye hair or home DIY accessories",,8.99,Patelai,"16 Pieces Parting Comb Sectioning Clips Set, Carbon Stainless Rat Tail Combs Pintail Comb and Duckbill Hairpin Barber Teasing Parting Styling Combs for Hair Styling Hairdressing (Purple) Patelai Package content: you will receive totally 8 pieces of parting comb and 8 pieces of sectioning clips, enough to meet your hair styling needs Long handled comb: the teasing comb is designed with a slender stainless steel long tail, which is very suitable for styling, parting, combing back, post-styling and hair dye Plastic hair clips: the hair clip is designed with good elastic spring to fix the hair in a soft and safe way, they also do not leave dents on the hair Size detail: the size of teasing comb is about 8.67 x 1.1 inch/ 22 x 2.8 cm, the length of clips is approx. 3.15 inch/ 8 cm, manual measurement, please allow a slight error in size Multiple applications: hair zone clip and long tail combs are suitable for salons, formal occasions and daily use, a good choice for hair stylist in professional hair salons, perm, separate, zone and dye hair or home DIY accessories"
B01KM5VRSQ,"Clutch Bag, Misaky Women Lady Retro Vintage Flower Small Wallet Hasp Purse (White)","Material: Canvas Mini Style:13cmX9cmX9.5cm. Long Style:18cmX9cm. And you can put ID card, coin, cards, cash and other small items. Lightweight, portable and fashionable. Package Include: 1X Women Lady Retro Vintage Flower Small Wallet Hasp Purse Clutch Bag (Without retailing packing)",,,Misaky make up,"Clutch Bag, Misaky Women Lady Retro Vintage Flower Small Wallet Hasp Purse (White) Misaky make up Material: Canvas Mini Style:13cmX9cmX9.5cm. Long Style:18cmX9cm. And you can put ID card, coin, cards, cash and other small items. Lightweight, portable and fashionable. Package Include: 1X Women Lady Retro Vintage Flower Small Wallet Hasp Purse Clutch Bag (Without retailing packing)"
B01LYUACZF,"Chapstick Total Hydration Set - 3 Flavors - Soothing Oasis,Wild Acai Berry and Coconut Hydration",,,,,"Chapstick Total Hydration Set - 3 Flavors - Soothing Oasis,Wild Acai Berry and Coconut Hydration"
B01M1RYC9M,COLOR CLEANER Makeup Brushes Set Synthetic Vegan Cruelty Free (11Pieces),,,,COLOR CLEANER,COLOR CLEANER Makeup Brushes Set Synthetic Vegan Cruelty Free (11Pieces) COLOR CLEANER
B072JG9WW8,LA Splash Cosmetics Soft Liquid Matte Blood Red Lipstick - LIP COUTURE (Poison Apple),"Product Description 🔴 What it is: Lip Couture with rich waterproof shades will leave a velvety, matte finish that never transfers and fades. 🔴 What it does: Experiment with our boldest high pigmented shades -- from neutral to solid black. It glides on as liquid and dries matte, you are sure to turn heads! 🔴 Made in USA. Net weight: 0.10 Fl Oz/3 ml. Ingredients 🔶 C9-C11 Isoparaffin, Trimethylsiloxysilicate, Dimethicone, Silica Dimethyl Silylate, Quaternium — 18 Bentonite, Propylparaben, Parfum, D—Limonene, Benzyl Benzoate, Linalool, Citral, Geraniol, Citronellol, Benzyl Alcohol, Tocopheryl Acetate, Fragrance. 🔶 Main contain: MICA (CI77019), CI77891, CI15850, CI45410, CI77492, CI77499, CI77491. 🔶 Ingredients are subject to change at the manufacturer's discretion. For a complete and most up-to-date list of ingredients, please refer to the product's packaging. How To Use 🔻 Exfoliate and moisturize lips 15-20 minutes prior to application. 🔻 Wipe off excess moisture on lips. 🔻 Apply a thin clean coat and let dry completely before rubbing lips together. What's In The Package 🎁 1x LA Splash Cosmetics Soft Liquid Matte Lipstick - LIP COUTURE, Color: Poison Apple.",,14.0,LA Splash,"LA Splash Cosmetics Soft Liquid Matte Blood Red Lipstick - LIP COUTURE (Poison Apple) LA Splash Product Description 🔴 What it is: Lip Couture with rich waterproof shades will leave a velvety, matte finish that never transfers and fades. 🔴 What it does: Experiment with our boldest high pigmented shades -- from neutral to solid black. It glides on as liquid and dries matte, you are sure to turn heads! 🔴 Made in USA. Net weight: 0.10 Fl Oz/3 ml. Ingredients 🔶 C9-C11 Isoparaffin, Trimethylsiloxysilicate, Dimethicone, Silica Dimethyl Silylate, Quaternium — 18 Bentonite, Propylparaben, Parfum, D—Limonene, Benzyl Benzoate, Linalool, Citral, Geraniol, Citronellol, Benzyl Alcohol, Tocopheryl Acetate, Fragrance. 🔶 Main contain: MICA (CI77019), CI77891, CI15850, CI45410, CI77492, CI77499, CI77491. 🔶 Ingredients are subject to change at the manufacturer's discretion. For a complete and most up-to-date list of ingredients, please refer to the product's packaging. How To Use 🔻 Exfoliate and moisturize lips 15-20 minutes prior to application. 🔻 Wipe off excess moisture on lips. 🔻 Apply a thin clean coat and let dry completely before rubbing lips together. What's In The Package 🎁 1x LA Splash Cosmetics Soft Liquid Matte Lipstick - LIP COUTURE, Color: Poison Apple."
B09XQB1S2F,Light Pink Wig with Bangs Cosplay Synthetic Hair Ombre Color Short Straight Pink Wig Dark Roots Wigs for Women,,,,BCHR,Light Pink Wig with Bangs Cosplay Synthetic Hair Ombre Color Short Straight Pink Wig Dark Roots Wigs for Women BCHR
B088BCF77J,DND 731 Gel & Matching Polish Set - DND Gel & Lacquer,,,9.74,Daisy DND,DND 731 Gel & Matching Polish Set - DND Gel & Lacquer Daisy DND
B0B1CS4PYB,"Electric Nail Drill Kit,RedFlow Professional Nail Drill Machine,Compact Type,for Nail File Exfoliating Abrasive Acrylic Nail Drill,with 6 Pcs Nail Drill Bits (Gold)",,,,RedFlow,"Electric Nail Drill Kit,RedFlow Professional Nail Drill Machine,Compact Type,for Nail File Exfoliating Abrasive Acrylic Nail Drill,with 6 Pcs Nail Drill Bits (Gold) RedFlow"
B01MTKCU9L,QTHAIR 10A 13x4 Ear To Ear Lace Frontal with Baby Hair Free Part 16 inch 100% Unprocessed Indian Straight Hair Extensions Indian Virgin Hair Lace Frontal…,,,,QTHAIR,QTHAIR 10A 13x4 Ear To Ear Lace Frontal with Baby Hair Free Part 16 inch 100% Unprocessed Indian Straight Hair Extensions Indian Virgin Hair Lace Frontal… QTHAIR
B002ESSD82,Strawberry - Sun's Eye Pure Oils - 1/2 Ounce Bottle,"Strawberry - Love, Good Luck1/2 ounce bottle of high quality Sun's Eye Pure Oils™ brand oil. Combining the pure scent of a distilled extract with the convenience and staying power of a body grade oil, Sun's Eye Pure oils offer exceptional quality and value. Unlike distilled single extract oils, this oil can be used directly on the skin. They are also ready for use in aroma lamps or rings, diffusers, bath water, in making candles or soap, sprinkled over incense charcoal, etc. Always test a very small amount of any oil for any reaction first. Not for use over large areas of skin. For centuries, a body of traditional knowledge has existed about the use of herbs to attract and extend vibrational qualities. Sun's Eye Pure Oils™ are fine, multi purposed, fragrance oils made from herbs, flowers, woods, spices, resins, leaves and essential oils. Sun's Eye Oils are made from aromatic herbs, blossoms, leaves, spices, woods, resins and essential oils. When a carrier base is required, soybean is used. They do not use animal products or animal testing. Their musk oils are all derived from herbs. Formulary oils are hand-blended, appropriate to the lunar cycles and other planetary influences.",,7.95,Sun's Eye Pure Oils,"Strawberry - Sun's Eye Pure Oils - 1/2 Ounce Bottle Sun's Eye Pure Oils Strawberry - Love, Good Luck1/2 ounce bottle of high quality Sun's Eye Pure Oils™ brand oil. Combining the pure scent of a distilled extract with the convenience and staying power of a body grade oil, Sun's Eye Pure oils offer exceptional quality and value. Unlike distilled single extract oils, this oil can be used directly on the skin. They are also ready for use in aroma lamps or rings, diffusers, bath water, in making candles or soap, sprinkled over incense charcoal, etc. Always test a very small amount of any oil for any reaction first. Not for use over large areas of skin. For centuries, a body of traditional knowledge has existed about the use of herbs to attract and extend vibrational qualities. Sun's Eye Pure Oils™ are fine, multi purposed, fragrance oils made from herbs, flowers, woods, spices, resins, leaves and essential oils. Sun's Eye Oils are made from aromatic herbs, blossoms, leaves, spices, woods, resins and essential oils. When a carrier base is required, soybean is used. They do not use animal products or animal testing. Their musk oils are all derived from herbs. Formulary oils are hand-blended, appropriate to the lunar cycles and other planetary influences."
B07Z3XTDQL,"3Pack Aloe Vera Lipstick, Long Lasting Nutritious Lip Balm Lips Moisturizer Magic Temperature Color Change Lip Gloss (Green)",,,,Funfunman,"3Pack Aloe Vera Lipstick, Long Lasting Nutritious Lip Balm Lips Moisturizer Magic Temperature Color Change Lip Gloss (Green) Funfunman"
B0BR379JSC,360 Highlight Ombre Lace Front Wigs Human Hair Pre Plucked Honey Blonde Body Wave Lace Front Wigs with Baby Hair Full 360 Glueless HD Transparent Lace Front Human Hair Wigs for Black women 4/27 Colored Human Hair Wig 150 Density （24 Inch，Highlight Lace Front Wigs Human Hair）,,,,AMIRTY,360 Highlight Ombre Lace Front Wigs Human Hair Pre Plucked Honey Blonde Body Wave Lace Front Wigs with Baby Hair Full 360 Glueless HD Transparent Lace Front Human Hair Wigs for Black women 4/27 Colored Human Hair Wig 150 Density （24 Inch，Highlight Lace Front Wigs Human Hair） AMIRTY
B00QFV60AC,Asquith and Somerset Peppermint Bath Bar Soap 10.5 Oz.,,,,,Asquith and Somerset Peppermint Bath Bar Soap 10.5 Oz.
B00NU1IO0Y,Bestrice 12 Color 3D DIY Nail Art Two-way Polish Brush Dot Pen Drawing Paint Tips Tools (12 PCS),,,,Best,Bestrice 12 Color 3D DIY Nail Art Two-way Polish Brush Dot Pen Drawing Paint Tips Tools (12 PCS) Best
B018IL4KT4,FINGER LOVE Handmade Carved Wood Hair Stick Fairy Fox Ebony [Gift Box Set] (B Ebony),"Chinese hair stick manufacturing has a rather long history that can track back to over 4000 years in Shang Dynasty. In ancient China both men and women like to use hair stick. It is also a custom for Chinese ancient Emperor to give hair stick to their ministers as a precious gift at the festival. Chinese hair stick usually made of wood, stone, pottery, animal bone and horn, jade, seashell, precious metal and so on",,,FINGER LOVE,"FINGER LOVE Handmade Carved Wood Hair Stick Fairy Fox Ebony [Gift Box Set] (B Ebony) FINGER LOVE Chinese hair stick manufacturing has a rather long history that can track back to over 4000 years in Shang Dynasty. In ancient China both men and women like to use hair stick. It is also a custom for Chinese ancient Emperor to give hair stick to their ministers as a precious gift at the festival. Chinese hair stick usually made of wood, stone, pottery, animal bone and horn, jade, seashell, precious metal and so on"
B01MUBDITE,"Lilly Pulitzer Girls Headband, Coco Coral Crab, 0 M US Infant","Keep your hair out of the way and look great at the same time with these headbands for women! Whether you're playing tennis, headed to lunch, or enjoying some yoga, this headband is the perfect accessory to any outfit!",,,Lilly Pulitzer,"Lilly Pulitzer Girls Headband, Coco Coral Crab, 0 M US Infant Lilly Pulitzer Keep your hair out of the way and look great at the same time with these headbands for women! Whether you're playing tennis, headed to lunch, or enjoying some yoga, this headband is the perfect accessory to any outfit!"
B07Z4QNT9Z,"28 Pcs Donut Hair Bun Maker Set Include 4 Pcs Hair Donut Chignon Bun Shapers,2 Pcs Foam Sponge Bun Makers,2 Pcs French Twist Snap Roll,15 Pcs Hair Bobby Pins and 5 Pcs Hair Elastic Ties for Women",,,,WILLBOND,"28 Pcs Donut Hair Bun Maker Set Include 4 Pcs Hair Donut Chignon Bun Shapers,2 Pcs Foam Sponge Bun Makers,2 Pcs French Twist Snap Roll,15 Pcs Hair Bobby Pins and 5 Pcs Hair Elastic Ties for Women WILLBOND"
B0891VW823,Pre-Stretched Braiding Hair Extensions 26 inch 6 Packs Synthetic Crochet Braids Natural Easy Braid Crochet Hair Hot Water Setting Professional Soft Yaki Texture (900#),,,,LUMIERE,Pre-Stretched Braiding Hair Extensions 26 inch 6 Packs Synthetic Crochet Braids Natural Easy Braid Crochet Hair Hot Water Setting Professional Soft Yaki Texture (900#) LUMIERE
B07GS93SMP,gainvictorlf Makeup brush Cosmetic Double Ended Eyeshadow Blending Contour Foundation Blush Makeup Brush,,,4.0,Fiddy,gainvictorlf Makeup brush Cosmetic Double Ended Eyeshadow Blending Contour Foundation Blush Makeup Brush Fiddy
B09JNP2PW3,"22"" SE Chocolate Brown Dreadlock Extensions 20 Strands Crochet Dread Extension of Synthetic Hair Hip Hop Style For Women and Man…",,,,KRALER,"22"" SE Chocolate Brown Dreadlock Extensions 20 Strands Crochet Dread Extension of Synthetic Hair Hip Hop Style For Women and Man… KRALER"
B08CBWQSCP,"4 Korean Velvet Wide Hair Band Headbands with Faux Pearl Elastic Hair bands, Fashionable Hair Accessories, Available for Children and Ladies, 4 Colors",,,,USonline911,"4 Korean Velvet Wide Hair Band Headbands with Faux Pearl Elastic Hair bands, Fashionable Hair Accessories, Available for Children and Ladies, 4 Colors USonline911"
B08V131NBS,"boqq 2 PCS Organic Gray Reverse Shampoo Bar, Essence Hair Darkening Shampoo Soap, Shampoo Bar, Hair Darkening Shampoo Bar, Polygonum Multiflorum for Hair Repair, Hydrate Hair, Damaged Dry Treated",Why Shampoo Bar? Conventional shampoos are harsh on the hair. They use strong petroleum-based detergents that strip the hair of natural protective oils. Silicone-based ingredients are then added to give hair a shiny shine for a healthy appearance. Specifications: Name: handmade shampoo soap Condition: new Net Weight:60g Package Includes: 2 * natural shampoo soap,,9.99,boqq,"boqq 2 PCS Organic Gray Reverse Shampoo Bar, Essence Hair Darkening Shampoo Soap, Shampoo Bar, Hair Darkening Shampoo Bar, Polygonum Multiflorum for Hair Repair, Hydrate Hair, Damaged Dry Treated boqq Why Shampoo Bar? Conventional shampoos are harsh on the hair. They use strong petroleum-based detergents that strip the hair of natural protective oils. Silicone-based ingredients are then added to give hair a shiny shine for a healthy appearance. Specifications: Name: handmade shampoo soap Condition: new Net Weight:60g Package Includes: 2 * natural shampoo soap"
B01N6UPD2H,EMI Medical Nylon 5 Pocket Nurse Scrub Organizer (Purple),The Elite Medical Instruments Scrub Pocket Organizer has 5 pockets to carry essential items. There is a belt loop on the back for use with a belt (not included). A useful pocket organizer that fits nicely into scrub pockets or you can keep at your side. The perfect item for nurses and medical professionals. Brand: Elite Medical Instruments (Model # EAO-314),,8.99,Elite Medical Instruments EMI,EMI Medical Nylon 5 Pocket Nurse Scrub Organizer (Purple) Elite Medical Instruments EMI The Elite Medical Instruments Scrub Pocket Organizer has 5 pockets to carry essential items. There is a belt loop on the back for use with a belt (not included). A useful pocket organizer that fits nicely into scrub pockets or you can keep at your side. The perfect item for nurses and medical professionals. Brand: Elite Medical Instruments (Model # EAO-314)
B0733V2ND5,"Rapid Repair Night Cream, 3.4 oz (100 ml), Maximum Hydration, Tightening Dark Circle Removal, 10% Glycolic Acid Anti- aging, Anti- Wrinkle Repair Hydrate Moisturizer Lotion. 60% Organic, Kosher Cert",,,,Naturally Naked Organic Skincare,"Rapid Repair Night Cream, 3.4 oz (100 ml), Maximum Hydration, Tightening Dark Circle Removal, 10% Glycolic Acid Anti- aging, Anti- Wrinkle Repair Hydrate Moisturizer Lotion. 60% Organic, Kosher Cert Naturally Naked Organic Skincare"
B00J4V6L1I,Valobra Fougere Hard Soap Pot - 100g,,,,Valobra,Valobra Fougere Hard Soap Pot - 100g Valobra
B0721K7229,eBoot 12 Pack Nylon Wig Caps for Women and Men (Natural Beige),,,6.99,EBOOT,eBoot 12 Pack Nylon Wig Caps for Women and Men (Natural Beige) EBOOT
B084JLBN7C,"Brazilian Virgin Hair Straight 1 Bundle 100% Unprocessed Brazilian Straight Human Hair Weave Bundles Weaving Natural Black Color(22"", 1Bundle)","1) Grade 10A 100% Unprocessed Brazilian Virgin Human Hair Bundles Straight Hair, Cut Directly From One Donor 2) Hair Length: 10 to 26 inch; Hair Weight: 95-100g/Bundle (3.3oz-3.5oz/Bundle) 3) Hair Advantages: Natural Black Color, Can Be Dyed, Bleached, Permed and Curled. Soft, Thick, Unprocessed and Factory Wholesale Price, Your best Choice 4) More Features: Tangle Free, No Shedding, Full, Thick, Soft, Bouncy and Shiny with Highest Elasticity. Top Quality Brazilian Hair. Can be Straightened,Curled and Styled as Your Own Hair. 5) Delivery Time: Prime By Amazon, Fast and Safe. 1-Day shipping, Two-Days shipping and noraml shipping.",,38.99,QinMei,"Brazilian Virgin Hair Straight 1 Bundle 100% Unprocessed Brazilian Straight Human Hair Weave Bundles Weaving Natural Black Color(22"", 1Bundle) QinMei 1) Grade 10A 100% Unprocessed Brazilian Virgin Human Hair Bundles Straight Hair, Cut Directly From One Donor 2) Hair Length: 10 to 26 inch; Hair Weight: 95-100g/Bundle (3.3oz-3.5oz/Bundle) 3) Hair Advantages: Natural Black Color, Can Be Dyed, Bleached, Permed and Curled. Soft, Thick, Unprocessed and Factory Wholesale Price, Your best Choice 4) More Features: Tangle Free, No Shedding, Full, Thick, Soft, Bouncy and Shiny with Highest Elasticity. Top Quality Brazilian Hair. Can be Straightened,Curled and Styled as Your Own Hair. 5) Delivery Time: Prime By Amazon, Fast and Safe. 1-Day shipping, Two-Days shipping and noraml shipping."
B086BT685W,"Detroit Grooming Co. Beard Wax - Corktown Scent - Vanilla, Tobacco, and Cedarwood - All Natural, Strong Hold Wax for All Beard and Mustache Shaping Styles - Professional Styling Product (2 oz)",,,,Detroit Grooming Co.,"Detroit Grooming Co. Beard Wax - Corktown Scent - Vanilla, Tobacco, and Cedarwood - All Natural, Strong Hold Wax for All Beard and Mustache Shaping Styles - Professional Styling Product (2 oz) Detroit Grooming Co."
B00IGIMQ9G,APRIL WINE Loose Powder Mineral Shimmer Multi Use Eyes Face Color Makeup Bare Earth Pigment Minerals Make Up Cosmetics By MAD Minerals Cruelty Free - 10 Gram Sized Sifter Jar,,,,M*A*D Minerals,APRIL WINE Loose Powder Mineral Shimmer Multi Use Eyes Face Color Makeup Bare Earth Pigment Minerals Make Up Cosmetics By MAD Minerals Cruelty Free - 10 Gram Sized Sifter Jar M*A*D Minerals
B0BNKHNWDW,QTHAIR 613 Bundle Body Wave Human Hair 12A Grade Light Blonde Color Bundles 613 Color Body Weave Human hair Extensions 100g/Bundle 3-4bundles can be full head 8inch Brazilian Honey Blonde Bundles Hair Weave,"Our factory specializes in all kinds of Human Hair products. We only sell 100% Real Human Hair.No shedding & No tangle, 100% Human hair Unprocessed Human Hair, super soft and smooth. Advantage :Factory direct, no middle charge. Quality :Natural Root-to-Tip hair only, 100% unprocessed human hair, dyeable, bleachable, can be ironed, permed, no shedding, no tangling.",,24.86,QTHAIR,"QTHAIR 613 Bundle Body Wave Human Hair 12A Grade Light Blonde Color Bundles 613 Color Body Weave Human hair Extensions 100g/Bundle 3-4bundles can be full head 8inch Brazilian Honey Blonde Bundles Hair Weave QTHAIR Our factory specializes in all kinds of Human Hair products. We only sell 100% Real Human Hair.No shedding & No tangle, 100% Human hair Unprocessed Human Hair, super soft and smooth. Advantage :Factory direct, no middle charge. Quality :Natural Root-to-Tip hair only, 100% unprocessed human hair, dyeable, bleachable, can be ironed, permed, no shedding, no tangling."
B085C16NY7,1000 PCS Toddlers Girl Colorful Fashion Disposable Rubber Band Elastic Hair Band Baby Hair Ties with Cute Storage Bag (#9),,,,CYOUNG,1000 PCS Toddlers Girl Colorful Fashion Disposable Rubber Band Elastic Hair Band Baby Hair Ties with Cute Storage Bag (#9) CYOUNG
B07JGBN63S,Unisex Bandana Galaxy Neck Gaiter Tube Headwear Windproof Cycling Bandana Motorcycle Face Bandana for Women Men Face Scarf,,,,Bo Feng,Unisex Bandana Galaxy Neck Gaiter Tube Headwear Windproof Cycling Bandana Motorcycle Face Bandana for Women Men Face Scarf Bo Feng
B082TW3YFH,"MAJESTIC PURE Biotin Hair Mask for Dry Damaged Hair with Lingonberry Deep Conditioning Hair Treatment, Nourishing, and Strengthening, Sulfate Free, 16 fl oz","MAJESTIC PURE Biotin Hair Mask with Lingonberry; sulfate free; made in the USA MAJESTIC PURE Biotin Hair Mask with Lingonberry; sulfate free; made in the USA Expertly formulated with beneficial ingredients such as Shea Butter, Coconut Oil, Ginger Root Oil, and Peppermint Oil to promote healthier, stronger and visibly shinier hair Safety Warning: Rub a very small amount on the inside of your elbow area to test for any allergic reaction before use. Avoid contact with eyes, keep out of the reach of children. If pregnant, consult with your health care provider before use. Deep conditioning and hair strengthening formula for all hair types MAJESTIC PURE Biotin Hair Mask n is cruelty free and not tested on animals",,,MAJESTIC PURE,"MAJESTIC PURE Biotin Hair Mask for Dry Damaged Hair with Lingonberry Deep Conditioning Hair Treatment, Nourishing, and Strengthening, Sulfate Free, 16 fl oz MAJESTIC PURE MAJESTIC PURE Biotin Hair Mask with Lingonberry; sulfate free; made in the USA MAJESTIC PURE Biotin Hair Mask with Lingonberry; sulfate free; made in the USA Expertly formulated with beneficial ingredients such as Shea Butter, Coconut Oil, Ginger Root Oil, and Peppermint Oil to promote healthier, stronger and visibly shinier hair Safety Warning: Rub a very small amount on the inside of your elbow area to test for any allergic reaction before use. Avoid contact with eyes, keep out of the reach of children. If pregnant, consult with your health care provider before use. Deep conditioning and hair strengthening formula for all hair types MAJESTIC PURE Biotin Hair Mask n is cruelty free and not tested on animals"
B0006ULJVI,UltraKlenz Wound and Skin Cleanser 8 oz. Spray Bottle,"Ideal for cleansing all types of wounds. Gentle, non-toxic cleanser with physiological pH and osmolality; excellent for removing slough and debris. Can be used on intact skin. In optimum P.S.I. range.UltraKlenz Wound Cleanser, 8 fl. oz. SprayUltraKlenz Wound & Skin Cleanser Gently Removes Wound Debris6 Each / Case;",,,MEDLINE,"UltraKlenz Wound and Skin Cleanser 8 oz. Spray Bottle MEDLINE Ideal for cleansing all types of wounds. Gentle, non-toxic cleanser with physiological pH and osmolality; excellent for removing slough and debris. Can be used on intact skin. In optimum P.S.I. range.UltraKlenz Wound Cleanser, 8 fl. oz. SprayUltraKlenz Wound & Skin Cleanser Gently Removes Wound Debris6 Each / Case;"
B07BDNTXWN,"Arganatural Body Firming Natural Vitamin C Body Lotion with Collagen & Hyaluronic Acid, Brighten Skin, Protect Against Damage, Firm & Sculpted Look, Normal to Mature Skin for all Skin Types 32oz/960ml",,,,Arganatural,"Arganatural Body Firming Natural Vitamin C Body Lotion with Collagen & Hyaluronic Acid, Brighten Skin, Protect Against Damage, Firm & Sculpted Look, Normal to Mature Skin for all Skin Types 32oz/960ml Arganatural"
B077Z1CH6J,"HEBE 10A Peruvian Straight Virgin Human Hair 3 Bundles 16"" 18"" 20"" Unprocessed Straight Peruvian Virgin Hair Weave Peruvian Straight Human Hair Extensions Sew Ins,1b",,,,HEBE,"HEBE 10A Peruvian Straight Virgin Human Hair 3 Bundles 16"" 18"" 20"" Unprocessed Straight Peruvian Virgin Hair Weave Peruvian Straight Human Hair Extensions Sew Ins,1b HEBE"
B071NW126W,Salon Science Anagain Proaccelerant Shampoo & Conditioner Duo,,,,Salon Science,Salon Science Anagain Proaccelerant Shampoo & Conditioner Duo Salon Science
B0B4ZW767B,"Body Wave V Part Wig Human Hair No Leave Out Brazilian Glueless Human Hair Upart Wig with Lace Beginner Friendly No Sew in NO Glue 150% Density(24 Inch, body wave)",,,,Oxeyegirl,"Body Wave V Part Wig Human Hair No Leave Out Brazilian Glueless Human Hair Upart Wig with Lace Beginner Friendly No Sew in NO Glue 150% Density(24 Inch, body wave) Oxeyegirl"
B00GVIM4ZY,WET N WILD Fergie Heavy Metal Nail Polish - Mazel Tov Madness,,,6.48,Wet 'n' Wild,WET N WILD Fergie Heavy Metal Nail Polish - Mazel Tov Madness Wet 'n' Wild
B0913MM3J3,"b.tan Spray Tan Solution | Love At First Tan - Pro Spray Mist, Violet Based Sunless Airbrush Tanning Solution for a Fast Rich Dark Tan - Use with Spray Tan Machine, Spray Tan Tents, 33.8 fl oz","no, it’s not going to turn you purple. it’s a violet based tan, and it’s going to give you a dark tan you won't soon forget... my violet base knocks out orange tones, making me perfect for first-time tanners and those who want no orange in their tan game. first up, get naked. or at least naked enough to tan your super hot bod. make sure your skin is clean, exfoliated and dry. apply professional solution with your spray tan machine evenly and smoothly. rinse in one hour for a deep tan, or go crazy dark and leave it on for 4+ hours. i'm 100% vegan, free of nasties like parabens and i love animals so am 100% cruelty free",,,B.TAN,"b.tan Spray Tan Solution | Love At First Tan - Pro Spray Mist, Violet Based Sunless Airbrush Tanning Solution for a Fast Rich Dark Tan - Use with Spray Tan Machine, Spray Tan Tents, 33.8 fl oz B.TAN no, it’s not going to turn you purple. it’s a violet based tan, and it’s going to give you a dark tan you won't soon forget... my violet base knocks out orange tones, making me perfect for first-time tanners and those who want no orange in their tan game. first up, get naked. or at least naked enough to tan your super hot bod. make sure your skin is clean, exfoliated and dry. apply professional solution with your spray tan machine evenly and smoothly. rinse in one hour for a deep tan, or go crazy dark and leave it on for 4+ hours. i'm 100% vegan, free of nasties like parabens and i love animals so am 100% cruelty free"
B0074AKVD0,Parker Safety Razor 100% Black Badger Bristle Shaving Brush with Ebony Handle & Free Stand,,,,Parker Safety Razor,Parker Safety Razor 100% Black Badger Bristle Shaving Brush with Ebony Handle & Free Stand Parker Safety Razor
B07DGG2LLT,Eco Style Gold Olive Oil & Shea Butter & Black Castor Oil & Flaxseed 16oz 2 PACK,,,12.74,Eco Style,Eco Style Gold Olive Oil & Shea Butter & Black Castor Oil & Flaxseed 16oz 2 PACK Eco Style
B076BPRWP6,"Jaciya 4 Pack DIY Velvet Hair Headband Bows Rabbit Bunny Ear Retro Hair Holders for Women, 4 Colors",,,,,"Jaciya 4 Pack DIY Velvet Hair Headband Bows Rabbit Bunny Ear Retro Hair Holders for Women, 4 Colors"
B07Y8VTXP1,"MULTI PACK DEALS! Outre Braids X-Pression Kanekaion 3X Pre Stretched Braid 42"" (3-PACK, 613)",,,18.99,x-pression,"MULTI PACK DEALS! Outre Braids X-Pression Kanekaion 3X Pre Stretched Braid 42"" (3-PACK, 613) x-pression"
B095K6X721,Jomocare Water Floss for Teeth Portable Oral Irrigator 120psi Water Pick Teeth Cleaner for Travel (Blue) (WP-J20-01),"The water flosser is with 0.6 mm ultra-fine water column. Strong water pressure 30-120psi water;jet power to effectively remove stubborn stains. Small size and compact package make it easy to carry. Material PC,ABS Capacity 150 ml Battery Capacity 1500 mAh; ; DC3.7 V Rated voltage DC 5 V Rated power 8 W Rated water pressure 30-120 psi; Adjustable Working frequency 1600 times/min Charge mode Type-C Gear position Low/ Medium/ Strong Accessories Charge cablex1, Nozzlex2, User's manualx1 Product Size 66x156x44 mm Product Packing Size 170x90x70 mm",,,Jomocare,"Jomocare Water Floss for Teeth Portable Oral Irrigator 120psi Water Pick Teeth Cleaner for Travel (Blue) (WP-J20-01) Jomocare The water flosser is with 0.6 mm ultra-fine water column. Strong water pressure 30-120psi water;jet power to effectively remove stubborn stains. Small size and compact package make it easy to carry. Material PC,ABS Capacity 150 ml Battery Capacity 1500 mAh; ; DC3.7 V Rated voltage DC 5 V Rated power 8 W Rated water pressure 30-120 psi; Adjustable Working frequency 1600 times/min Charge mode Type-C Gear position Low/ Medium/ Strong Accessories Charge cablex1, Nozzlex2, User's manualx1 Product Size 66x156x44 mm Product Packing Size 170x90x70 mm"
B00Q2CCSAA,PDC Pmel Clear Essence Mascara 8g,,,,,PDC Pmel Clear Essence Mascara 8g
B08DR7GFBL,"Makeup Cotton Pads&lint Free-Cotton Rounds, Premium Stitched Cotton Pads -3 Pack(360-Pcs)",,,,Nonebranded,"Makeup Cotton Pads&lint Free-Cotton Rounds, Premium Stitched Cotton Pads -3 Pack(360-Pcs) Nonebranded"
B079BHMD46,3 Multi-Dimensional Shades Highlighter Palette Creamy Smooth Eyeshadow Cosmetic Set,,,,,3 Multi-Dimensional Shades Highlighter Palette Creamy Smooth Eyeshadow Cosmetic Set
B078XZN79W,VeSunny Ombre Tape in Hair Extensions Human Hair Blonde Balayage 16inch Tape in Skin Weft Color #6 Fading to #613 Blonde Remy Human Hair Tape Extensions 20 Pieces 50g,,,,Ve Sunny,VeSunny Ombre Tape in Hair Extensions Human Hair Blonde Balayage 16inch Tape in Skin Weft Color #6 Fading to #613 Blonde Remy Human Hair Tape Extensions 20 Pieces 50g Ve Sunny
B09JK8VKTR,"AIFAIFA 25Pcs Nail Gel Polish Kit, Gel Nail Polish Color Collection Soak Off UV, Gel Polish with Base Coat and Glossy & Matte Top Coat All-Season Salon Manicure Art Design Cozy Autumn Winter",,,,AIFAIFA,"AIFAIFA 25Pcs Nail Gel Polish Kit, Gel Nail Polish Color Collection Soak Off UV, Gel Polish with Base Coat and Glossy & Matte Top Coat All-Season Salon Manicure Art Design Cozy Autumn Winter AIFAIFA"
B08XQNVBHQ,"NewBang 7 Colors Liquid Eyeliner Set,Matte Neon Liquid Eyeliner Pencil,Waterproof Long Lasting Eye Liner Pen,Professional Smudge Proof Hypoallergenic Multi Colored Makeup Pen",,,,NEWBANG,"NewBang 7 Colors Liquid Eyeliner Set,Matte Neon Liquid Eyeliner Pencil,Waterproof Long Lasting Eye Liner Pen,Professional Smudge Proof Hypoallergenic Multi Colored Makeup Pen NEWBANG"
B07YYKZPPX,"Shea Moisture African Water Mint & Ginger Detox Hand & Body Scrub, 12 Ounce","This detoxifying sugar scrub, enriched with certified organic Shea Butter, African Water Mint, Activated Charcoal and Opuntia Extracts helps dissolve surface impurities, evens skin tone, and boosts skins radiance.",,8.98,SheaMoisture,"Shea Moisture African Water Mint & Ginger Detox Hand & Body Scrub, 12 Ounce SheaMoisture This detoxifying sugar scrub, enriched with certified organic Shea Butter, African Water Mint, Activated Charcoal and Opuntia Extracts helps dissolve surface impurities, evens skin tone, and boosts skins radiance."
B01JW97CL4,TAFLY Tattoos Flower Body Art Leg Temporary Tattoo Sticker 5 Sheets,,,,TAFLY,TAFLY Tattoos Flower Body Art Leg Temporary Tattoo Sticker 5 Sheets TAFLY
B08D6JM69V,"Boho Headbands for Women, Bagvhandbagro 6 Pack Elastic Bandeau Head Bands Criss Cross Hair Wrap Hair Bands Hair Bows Bohemian Floral Style Hair Accessories for Women and Girls",,,,Bagvhandbagro,"Boho Headbands for Women, Bagvhandbagro 6 Pack Elastic Bandeau Head Bands Criss Cross Hair Wrap Hair Bands Hair Bows Bohemian Floral Style Hair Accessories for Women and Girls Bagvhandbagro"
B077DWJ4H5,"The Ordinary Retinol 0.2% in Squalane - 30ml, reduce the appearances of fine lines",,,,THE ORDINARY,"The Ordinary Retinol 0.2% in Squalane - 30ml, reduce the appearances of fine lines THE ORDINARY"
B06XR79F1N,"La Fresh Eco-Beauty Moisturizing Night Cream – Natural Face and Neck Moisturizer to Hydrate, Smooth and Revitalize Skin (0.5 oz Travel Pouch)",,,,La Fresh,"La Fresh Eco-Beauty Moisturizing Night Cream – Natural Face and Neck Moisturizer to Hydrate, Smooth and Revitalize Skin (0.5 oz Travel Pouch) La Fresh"
B08HVSNLTS,"Wondergloss Boho Potion Quartz Crystal Body Oil - Malibu Golden Glow 1.7 Oz Hydrating and Luminizing Body Oil and Hair Moisturizer with Avocado Oil, Jojoba Oil, Vitamin E, and Quartz Stone",,,,Wondergloss,"Wondergloss Boho Potion Quartz Crystal Body Oil - Malibu Golden Glow 1.7 Oz Hydrating and Luminizing Body Oil and Hair Moisturizer with Avocado Oil, Jojoba Oil, Vitamin E, and Quartz Stone Wondergloss"
B00MQ7NDQI,(3 Pack) MILANI Bella Eyes A Gel Powder Eyeshadow - Bella Copper,,,,,(3 Pack) MILANI Bella Eyes A Gel Powder Eyeshadow - Bella Copper
B0B4X4GTGD,FalaFala 4x4 Real HD Lace Closure Skinlike Human Hair Body Wave Free Part Swiss Lace Pre Plucked Baby Hair Ultra Thin Invisible Brazilian Hair Natural Hairline Front Closures 14 Inch,,,,FalaFala,FalaFala 4x4 Real HD Lace Closure Skinlike Human Hair Body Wave Free Part Swiss Lace Pre Plucked Baby Hair Ultra Thin Invisible Brazilian Hair Natural Hairline Front Closures 14 Inch FalaFala
B08X423NJ9,LAAVOO Microbead Hair Extensions Human Hair Balayage 22inch Dark Brown to Ash Blonde Mix Brown Real Human Hair Micro Loop Hair Extensions Silky Straight Thick Soft 50g 50strands,,,,LAAVOO,LAAVOO Microbead Hair Extensions Human Hair Balayage 22inch Dark Brown to Ash Blonde Mix Brown Real Human Hair Micro Loop Hair Extensions Silky Straight Thick Soft 50g 50strands LAAVOO
B07DSZH5NG,Natural Bamboo Hair Brush for Women Men Kids Wet and Dry Hair Message Brush Adds Shine and Improves Hair Texture - Reducing Hair Breakage and Frizzy,,,,KTKUDY,Natural Bamboo Hair Brush for Women Men Kids Wet and Dry Hair Message Brush Adds Shine and Improves Hair Texture - Reducing Hair Breakage and Frizzy KTKUDY
B08HQNTL7J,6D Faux Mink Lashes False Eyelashes Natural Look Fake Lashes Cat Eye Wispy Volume Short Soft Eyelashes Small Face Handmade Reusable Lashes Pack by ZANLUFLY,,,,zanlufly,6D Faux Mink Lashes False Eyelashes Natural Look Fake Lashes Cat Eye Wispy Volume Short Soft Eyelashes Small Face Handmade Reusable Lashes Pack by ZANLUFLY zanlufly
B09H61PN51,"Ryxskin Ryx Skin Invisible Sunshield Sunscreen Anti-Blue Light Technology SPF 40 PA+++, 50ml, Small","Ryx Skin Invisible Sunshield Sunscreen Anti-Blue Light Technology SPF 40 PA+++, 50ml Directions: Apply generously and evenly as the last step in your skincare routine, before makeup and 15 minutes before sun exposure.",,13.0,Ryxskin,"Ryxskin Ryx Skin Invisible Sunshield Sunscreen Anti-Blue Light Technology SPF 40 PA+++, 50ml, Small Ryxskin Ryx Skin Invisible Sunshield Sunscreen Anti-Blue Light Technology SPF 40 PA+++, 50ml Directions: Apply generously and evenly as the last step in your skincare routine, before makeup and 15 minutes before sun exposure."
B07RMH8RNQ,7 Packs 6 Inch Crochet Braids Synthetic Spring Twist Hair Extension Afro Kinky Curly Crochet Hair (1B#),,,,URNice,7 Packs 6 Inch Crochet Braids Synthetic Spring Twist Hair Extension Afro Kinky Curly Crochet Hair (1B#) URNice
B08BK58ZTX,Empty Plastic Spray Bottle 16 oz. Adjustable Head Sprayer from Fine to Stream (Pack of 2)…,,,,HLIN,Empty Plastic Spray Bottle 16 oz. Adjustable Head Sprayer from Fine to Stream (Pack of 2)… HLIN
B074XJQMTX,"I'm Sorry for My Skin S.O.S Jelly Mask - Calming, 33ml, Pack of 4",,,,Ultru,"I'm Sorry for My Skin S.O.S Jelly Mask - Calming, 33ml, Pack of 4 Ultru"
B08FDBN7R4,"Headbands For Women , Headwrap Yoga ,Boho Style , Floral Vintage/Solid color Twisted Criss Cross Elastic Head Wrap Hair Accessories(Pack of 8)",,,,Kingwora,"Headbands For Women , Headwrap Yoga ,Boho Style , Floral Vintage/Solid color Twisted Criss Cross Elastic Head Wrap Hair Accessories(Pack of 8) Kingwora"
B08K3D1FPW,The Original Kessa Hammam Scrubbing Glove - Deep Pink,,,,Zakia's Morocco,The Original Kessa Hammam Scrubbing Glove - Deep Pink Zakia's Morocco
B07XMCXZD7,"Travel Bottles/Toiletries Containers TSA ApprovedTravel Sizes 3oz & 2.8oz Leakproof Lid with Valve BPA Free Food Grade Silicone, Use for Shampoo Conditioner Lotion Body Wash (7 per Pack)…",,,,ALI TOPTINA,"Travel Bottles/Toiletries Containers TSA ApprovedTravel Sizes 3oz & 2.8oz Leakproof Lid with Valve BPA Free Food Grade Silicone, Use for Shampoo Conditioner Lotion Body Wash (7 per Pack)… ALI TOPTINA"
B00ZB090B4,Seya Beauty Soft-Sided Makeup Artist Nail Polish/Lipstick Storage Bag Case (Gold Quilted),,,,Seya,Seya Beauty Soft-Sided Makeup Artist Nail Polish/Lipstick Storage Bag Case (Gold Quilted) Seya
B07WH6RDYV,Lusucat Eyebrow Definer Pencil & Long-Wear Skinny Brow Pencil - #2 LIGHT CURRY - Soft Textured Natural Daily Look Eyebrow Makeup,,,,Lusucat,Lusucat Eyebrow Definer Pencil & Long-Wear Skinny Brow Pencil - #2 LIGHT CURRY - Soft Textured Natural Daily Look Eyebrow Makeup Lusucat
B01D1Q8TZC,Women's Small Brown Replacement Watch Band with Crocodile Embossed Genuine Leather 12mm,,,,,Women's Small Brown Replacement Watch Band with Crocodile Embossed Genuine Leather 12mm
B00J7LWZLU,"K-Concept Chrome Plated Barber Pole, Bp1237d",Give your shop a bit an old classic look. This old-fashioned barber shop pole spins and lights up to attract customers.,,114.99,K-Concept,"K-Concept Chrome Plated Barber Pole, Bp1237d K-Concept Give your shop a bit an old classic look. This old-fashioned barber shop pole spins and lights up to attract customers."
B01AHJY4YQ,Mosher Salon Tools 6.0 Inch Long Ergonomic Handle Scissors,Ergonomic Handle with Molded Finger Rest Japanese Steel Handmade Hollow Ground Convex Sharp Edges made with High Quality Japanese Steel for long lasting edges great smooth Sharp Edges Best ergonomic Handle for easy Hair cutting for Less Stress on Hands and Back . Great for beauty students/Stylist/Barbers/Dog -Groomers/and home use .Mosher Salon Tools has been designing Products for stylist-barbers for 20 years and Sharpening for manufactures around the world Our goal is to offer the best Customer Service as possible and the highest quality for a reasonable price Put your trust in Mosher Salon Tools .,,19.99,Mosher Salon Tools,Mosher Salon Tools 6.0 Inch Long Ergonomic Handle Scissors Mosher Salon Tools Ergonomic Handle with Molded Finger Rest Japanese Steel Handmade Hollow Ground Convex Sharp Edges made with High Quality Japanese Steel for long lasting edges great smooth Sharp Edges Best ergonomic Handle for easy Hair cutting for Less Stress on Hands and Back . Great for beauty students/Stylist/Barbers/Dog -Groomers/and home use .Mosher Salon Tools has been designing Products for stylist-barbers for 20 years and Sharpening for manufactures around the world Our goal is to offer the best Customer Service as possible and the highest quality for a reasonable price Put your trust in Mosher Salon Tools .
B01DY8KOM8,"stila Perfect Me, Perfect Hue Eye & Cheek Palette, Fair/Light",,,,,"stila Perfect Me, Perfect Hue Eye & Cheek Palette, Fair/Light"
B081FKT7CB,MORPHE 39L Hit The Lights Artistry Palette,,,,MORPHE,MORPHE 39L Hit The Lights Artistry Palette MORPHE
B07L11PGZ7,"Exfoliating Foot Peel Mask, Exfoliant for Baby Smooth Soft Feet Peeling Away Dead Skin Cells and Calluses 5 pack for Men and Women",,,,,"Exfoliating Foot Peel Mask, Exfoliant for Baby Smooth Soft Feet Peeling Away Dead Skin Cells and Calluses 5 pack for Men and Women"
B00KXJ0JJU,Omega Shaving Brush # 90018 Syntex 100% Synthetic,Omega Shaving Brush # 90018 Syntex 100% Synthetic. Made in Italy,,6.94,OMEGA,Omega Shaving Brush # 90018 Syntex 100% Synthetic OMEGA Omega Shaving Brush # 90018 Syntex 100% Synthetic. Made in Italy
B089Q3GF7L,"10A Brazilian Virgin Hair Body Wave Bundles Human Hair Bundles 3 Bundles (16"" 18"" 20"",300g) 100% Unprocessed Brazilian Hair Bundles Body Wave Human Hair Weave Extensions Natural Black",,,,Royal Lady,"10A Brazilian Virgin Hair Body Wave Bundles Human Hair Bundles 3 Bundles (16"" 18"" 20"",300g) 100% Unprocessed Brazilian Hair Bundles Body Wave Human Hair Weave Extensions Natural Black Royal Lady"
B01KWA1AEM,"RED RASPBERRY SEED OIL by Teak Naturals, 100% Organic, Natural for Face, Hands, Scars, and Breakouts 1 oz",,,,Teak Naturals,"RED RASPBERRY SEED OIL by Teak Naturals, 100% Organic, Natural for Face, Hands, Scars, and Breakouts 1 oz Teak Naturals"
B07N1GBQ9M,25mm Lashes 3D Mink Hair False Eyelashes Multilayers Dramatic Wispy Fluffy Eyelashes Extension Handmade Reusable Eye Lashes (003),,,,WUMONI,25mm Lashes 3D Mink Hair False Eyelashes Multilayers Dramatic Wispy Fluffy Eyelashes Extension Handmade Reusable Eye Lashes (003) WUMONI
B07QGKK12K,Ever Ego Italy Care BioStyling (Shampoo + Mask 33.8oz Combo),"Nourishing, moisturizing and conditioning mask. Non-grease, does not leave your hair heavy. It provides a silky and soft look. Ideal for dry and treat hair. Directions: Wash hair Biostyling, moisturizing bath. Towel-dry hair, apply mask to scalp evenly, then to hair shaft and ends. Leave on few minutes. Rinse well.",,54.99,Ever Ego,"Ever Ego Italy Care BioStyling (Shampoo + Mask 33.8oz Combo) Ever Ego Nourishing, moisturizing and conditioning mask. Non-grease, does not leave your hair heavy. It provides a silky and soft look. Ideal for dry and treat hair. Directions: Wash hair Biostyling, moisturizing bath. Towel-dry hair, apply mask to scalp evenly, then to hair shaft and ends. Leave on few minutes. Rinse well."
B00MC9G5QK,US Seller Nail Art Comb Set Pink Clear White UV Gel Kit UV Brush Buffer Guides Toe Seperator Glitter Powder Dryer Liquid Tools Nail Tips Glue DIY Kit,"UV Nail Gel Kit:With this complete UV gel kit,you can create trendy nail looks at home;easy to create special beauty UV nail gel arts with other nail equipment LONG-LASTING EFFECT:Easy to make shape with slip solution and will last about one month or longer with proper nail prep (filing, buffering, and cleaning ). Ideal Gift UV Nail :This UV gel nail kit is perfect gift idea for birthday, Thanksgiving Day, Christmas, New Year for mother, wife, girlfriend and nail art lovers. Suited for everyone from beginners to experienced professionals. NOTICE BEFORE PURCHASING THIS UV GEL NAIL KIT:The New UV gel kit may be bumpy during transportation,if there have any problems(leaking or missing),please feel free to contact us via email. We will offer replacement or refund service. To provide a better product is our goal,so we need your feedback and optimization advice. Thank you and enjoy your beauty journey.",,,RY,"US Seller Nail Art Comb Set Pink Clear White UV Gel Kit UV Brush Buffer Guides Toe Seperator Glitter Powder Dryer Liquid Tools Nail Tips Glue DIY Kit RY UV Nail Gel Kit:With this complete UV gel kit,you can create trendy nail looks at home;easy to create special beauty UV nail gel arts with other nail equipment LONG-LASTING EFFECT:Easy to make shape with slip solution and will last about one month or longer with proper nail prep (filing, buffering, and cleaning ). Ideal Gift UV Nail :This UV gel nail kit is perfect gift idea for birthday, Thanksgiving Day, Christmas, New Year for mother, wife, girlfriend and nail art lovers. Suited for everyone from beginners to experienced professionals. NOTICE BEFORE PURCHASING THIS UV GEL NAIL KIT:The New UV gel kit may be bumpy during transportation,if there have any problems(leaking or missing),please feel free to contact us via email. We will offer replacement or refund service. To provide a better product is our goal,so we need your feedback and optimization advice. Thank you and enjoy your beauty journey."
B09K36D44X,FGBFASS Brown Afro Puff Drawstring Ponytail Dreadlocks Faux Goddess Locs Braids Crochet High Puff Bun Clip in Chignon Scrunchies Loc Ponytail Hairpiece for Women Girls(27#),,,,KGBFASS,FGBFASS Brown Afro Puff Drawstring Ponytail Dreadlocks Faux Goddess Locs Braids Crochet High Puff Bun Clip in Chignon Scrunchies Loc Ponytail Hairpiece for Women Girls(27#) KGBFASS
B08QN49C8N,"Eyelash Growth Serum & Brow Enhancer Serum,Natural plant extract Growth Serum For eyelashes thicker, longer and longer(1ml)",,,,MTH,"Eyelash Growth Serum & Brow Enhancer Serum,Natural plant extract Growth Serum For eyelashes thicker, longer and longer(1ml) MTH"
B01F6BEV2A,Emjoi Micro-Pedi with Extra Rollers,Included items: Micro-Pedi Tornado Rechargeable Travel pouch Cleaning brush Instruction booklet 2 Regular blue rollers (one preinstalled on unit ) 3 Precision cone rollers (for calluses between toes and in hard to reach areas) 1 Extra gentle roller,,29.95,Emjoi,Emjoi Micro-Pedi with Extra Rollers Emjoi Included items: Micro-Pedi Tornado Rechargeable Travel pouch Cleaning brush Instruction booklet 2 Regular blue rollers (one preinstalled on unit ) 3 Precision cone rollers (for calluses between toes and in hard to reach areas) 1 Extra gentle roller
B09GNWC26L,The Crayon Case Box of Crayons 18-Pan EyeShadow Palette,"The shadows in this set boast beautiful vibrant colors to create any look. You'll love the rich pigmentation and variety in colors and hues. Whether you're looking to make a bold statement, stand out from the crowd, or express yourself in a new light, this palette will be the perfect fit for you! Choose from 18 radiant colors that shimmer or matte and rock your look all day or night.",,42.2,The Crayon Case,"The Crayon Case Box of Crayons 18-Pan EyeShadow Palette The Crayon Case The shadows in this set boast beautiful vibrant colors to create any look. You'll love the rich pigmentation and variety in colors and hues. Whether you're looking to make a bold statement, stand out from the crowd, or express yourself in a new light, this palette will be the perfect fit for you! Choose from 18 radiant colors that shimmer or matte and rock your look all day or night."
B082HB5TH6,SUSSURRO 5Pcs PolyGel Brush and Picker Polygel Nail Brushes Dual-Ended Brush Tool for Poly Nail Gel Acrylic UV Nails Extension,,,,SUSSURRO,SUSSURRO 5Pcs PolyGel Brush and Picker Polygel Nail Brushes Dual-Ended Brush Tool for Poly Nail Gel Acrylic UV Nails Extension SUSSURRO
B07X8Z9W22,"SnozzlePro Universal Hair Dryer Nozzle Adapter - Fits Xtava Black Orchid Diffuser, Replacement Concentrators and Blow Dryers with a Diameter 1.5 Inch to 2.25 Inch - Prevents Attachment Pop-Offs","FITS MOST HAIR DRYERS: Made of 100% industrial-strength silicone, SnozzlePro is flexible, durable, and fits most hair dryers with a nozzle diameter measuring 1.5"" to 2.25"". Please measure and confirm your hair dryer nozzle diameter BEFORE purchase. FITS XTAVA BLACK ORCHID HAIR DIFFUSER: SnozzlePro’s super-tight fit on the Xtava Black Orchid Hair Diffuser is designed to grip and support the added weight of this short nozzle hair diffuser. PREVENTS CONCENTRATOR NOZZLE POP-OFFS: SnozzlePro's patented design keeps hair dryer concentrator nozzles securely attached for a perfect fit and protects hands from heat. HOW TO USE - SnozzlePro comes with detailed HOW-TO-USE instructions. Please follow these instructions carefully before use. Diffuse on low to medium heat at low speed. Do not use high heat setting or high speed. PRO TIPS: Clean SnozzlePro with dishwashing liquid to remove hair product residue and restore its grip as needed. DYSON HAIR DRYER USERS: Insert the Dyson ""Smoothing"" nozzle ONLY HALFWAY into the larger end of the SnozzlePro. (Over-inserting the nozzle will cause the diffuser to detach.)",,14.99,Snozzle Pro,"SnozzlePro Universal Hair Dryer Nozzle Adapter - Fits Xtava Black Orchid Diffuser, Replacement Concentrators and Blow Dryers with a Diameter 1.5 Inch to 2.25 Inch - Prevents Attachment Pop-Offs Snozzle Pro FITS MOST HAIR DRYERS: Made of 100% industrial-strength silicone, SnozzlePro is flexible, durable, and fits most hair dryers with a nozzle diameter measuring 1.5"" to 2.25"". Please measure and confirm your hair dryer nozzle diameter BEFORE purchase. FITS XTAVA BLACK ORCHID HAIR DIFFUSER: SnozzlePro’s super-tight fit on the Xtava Black Orchid Hair Diffuser is designed to grip and support the added weight of this short nozzle hair diffuser. PREVENTS CONCENTRATOR NOZZLE POP-OFFS: SnozzlePro's patented design keeps hair dryer concentrator nozzles securely attached for a perfect fit and protects hands from heat. HOW TO USE - SnozzlePro comes with detailed HOW-TO-USE instructions. Please follow these instructions carefully before use. Diffuse on low to medium heat at low speed. Do not use high heat setting or high speed. PRO TIPS: Clean SnozzlePro with dishwashing liquid to remove hair product residue and restore its grip as needed. DYSON HAIR DRYER USERS: Insert the Dyson ""Smoothing"" nozzle ONLY HALFWAY into the larger end of the SnozzlePro. (Over-inserting the nozzle will cause the diffuser to detach.)"
B0182HILM6,Tate's The Natural Miracle - Odorless Nail Polish Remover 5 oz (Set of 2),,,16.02,Tate's The Natural Miracle,Tate's The Natural Miracle - Odorless Nail Polish Remover 5 oz (Set of 2) Tate's The Natural Miracle
B07BDGSMB5,"HAPPY WEEKEND for Women, 3.4 fl oz. Eau de Toilette Spray,",,,,Clinique,"HAPPY WEEKEND for Women, 3.4 fl oz. Eau de Toilette Spray, Clinique"
B078JWY9ST,LaFlore 3-Step Kit,,,,LaFlore,LaFlore 3-Step Kit LaFlore
B08595C6WY,Bohend 10Packs Boho Headbands Wide Flower Hair Band Boho Bandeau Stretchy Athletic Daily Use Hair Accessories for Women and Girls (A),,,,Bohend,Bohend 10Packs Boho Headbands Wide Flower Hair Band Boho Bandeau Stretchy Athletic Daily Use Hair Accessories for Women and Girls (A) Bohend
B0926V2N5J,"Beauty Sponge Blender Holder,Makeup Sponge Holder Egg Sponge Stand Puff Display Stand Dryer Rack Makeup Sponge Support (Sponge is not included), 2 Pieces (Rose Gold)","Product Description Item:Holder Tools Makeup Supplies Portable Multi Purpose Dryer Organizer Powder Puff Rack Stainless Steel Beauty Shelf Material : Stainless Steel Product size: chicken frame 2.242.91 inches, round frame 2.162.44 inches Color : Rose gold Packing : 2Pc Makeup Powder Puff Rack Features: 1.Beautiful and practical on the dresser. 2.Suitable for professional use and home use. 3.Easy to store a variety of puffs, easy to carry, and ventilation more healthy. 4.Placed on the dressing table, it is both attractive and conducive to the powder splash dry, to avoid foam moldy. 5.Can be used with various shapes of puff, beautiful and practical. Descriptions: 1.Suitable for beginners to professional makeup artist cosmetic beauty cosmetics. 2.Suitable for drying a variety of cosmetic puffs.",,,UARUOGP,"Beauty Sponge Blender Holder,Makeup Sponge Holder Egg Sponge Stand Puff Display Stand Dryer Rack Makeup Sponge Support (Sponge is not included), 2 Pieces (Rose Gold) UARUOGP Product Description Item:Holder Tools Makeup Supplies Portable Multi Purpose Dryer Organizer Powder Puff Rack Stainless Steel Beauty Shelf Material : Stainless Steel Product size: chicken frame 2.242.91 inches, round frame 2.162.44 inches Color : Rose gold Packing : 2Pc Makeup Powder Puff Rack Features: 1.Beautiful and practical on the dresser. 2.Suitable for professional use and home use. 3.Easy to store a variety of puffs, easy to carry, and ventilation more healthy. 4.Placed on the dressing table, it is both attractive and conducive to the powder splash dry, to avoid foam moldy. 5.Can be used with various shapes of puff, beautiful and practical. Descriptions: 1.Suitable for beginners to professional makeup artist cosmetic beauty cosmetics. 2.Suitable for drying a variety of cosmetic puffs."
B088BWGKBJ,"HLZG Sangwoo Cosplay Wig,Anime Killing Stalking Brown Gradient Black Short Hair",,,,HLZG,"HLZG Sangwoo Cosplay Wig,Anime Killing Stalking Brown Gradient Black Short Hair HLZG"
B08VJGZLDZ,KaiLeQi 6PCS Decorative bobby pins for women's hair Vintage flower decoration metal hair pins for women fancy hair clips girls hair accessories（6PCS PINK),,,,KaiLeQi,KaiLeQi 6PCS Decorative bobby pins for women's hair Vintage flower decoration metal hair pins for women fancy hair clips girls hair accessories（6PCS PINK) KaiLeQi
B0052EOS70,Effadiane Cream 30ml,,,15.0,Effadaine,Effadiane Cream 30ml Effadaine
B01N2BILUM,Paw Patrol Skye and Everest 2 Pc Bath Set,One set of Paw Patrol Skye and Everest 2 Pc Bath Set,,,"UPD, GBG beauty Paw Patrol ZD bundle","Paw Patrol Skye and Everest 2 Pc Bath Set UPD, GBG beauty Paw Patrol ZD bundle One set of Paw Patrol Skye and Everest 2 Pc Bath Set"
B01D1PMS2I,Compagnie de Provence Hand Balm Olive Enriched - Black Jasmine - 2.5 Fl Oz Tube,,,,La Compagnie de Provence,Compagnie de Provence Hand Balm Olive Enriched - Black Jasmine - 2.5 Fl Oz Tube La Compagnie de Provence
B06WRQXG4V,"12-22inch Clip in Remy Human Hair Extensions Grade 7A Thick to End Full Head Natural Hair Long Straight 8 Pieces 18clips 95g 16""-18'', #1 Jet Black",,,,,"12-22inch Clip in Remy Human Hair Extensions Grade 7A Thick to End Full Head Natural Hair Long Straight 8 Pieces 18clips 95g 16""-18'', #1 Jet Black"
B08KZYKW62,"Geloo Silicone Back Scrubber for Shower, Silicone Body Scrubber Brush, 2020 Version Bath Accessories for Women and Men, Larger Size 31.4 Inch Body Brush More Friendly and Comfortable (Blue)",,,,Geloo,"Geloo Silicone Back Scrubber for Shower, Silicone Body Scrubber Brush, 2020 Version Bath Accessories for Women and Men, Larger Size 31.4 Inch Body Brush More Friendly and Comfortable (Blue) Geloo"
B083NDJFTL,"100% Nature Jade Roller, Rose Quartz Roller and Jade Comb | 3-in-1 Stone Face Massager Kit",,,,Healthing,"100% Nature Jade Roller, Rose Quartz Roller and Jade Comb | 3-in-1 Stone Face Massager Kit Healthing"
B09M9DT9GM,WUDAS 7 Packs Passion Twist Hair 12 Inch Water Wave Crochet Hair for Braiding Short Passion Twist Crochet Hair for Butterfly Locs (7Pac.T27),,,,WUDAS,WUDAS 7 Packs Passion Twist Hair 12 Inch Water Wave Crochet Hair for Braiding Short Passion Twist Crochet Hair for Butterfly Locs (7Pac.T27) WUDAS
B0732PRTN7,Epilator for women Waterproof 4 in 1 Set With Wet Dry Electric Callus Remover Nail File Bikini Trimmer and Shaver For Women USB Rechargeable by Surker,,,,SURKER,Epilator for women Waterproof 4 in 1 Set With Wet Dry Electric Callus Remover Nail File Bikini Trimmer and Shaver For Women USB Rechargeable by Surker SURKER
B07F5FQJF7,"Sinbounboun Hair Short Bob Ombre Brazilian Body Wave 3 Bundles with Short Closure 1B T30 Water Wave Weave 2 Tone Ombre Dark Brown Medium Auburn Human Hair Extensions(12"" 12"" 12"" & Closure10"")",,,,SinBounBoun,"Sinbounboun Hair Short Bob Ombre Brazilian Body Wave 3 Bundles with Short Closure 1B T30 Water Wave Weave 2 Tone Ombre Dark Brown Medium Auburn Human Hair Extensions(12"" 12"" 12"" & Closure10"") SinBounBoun"
B08HLZD1NQ,HQ9 Replacement Heads Suitable For Philips Norelco HQ9 Speedxl Replacement Heads and Series 8140Xl 8150Xl 8160Xl 8170Xl 8171 8175 and More Automatically Adjusts To Every Curve Of Your Face and Neck.,,,21.0,AWLE,HQ9 Replacement Heads Suitable For Philips Norelco HQ9 Speedxl Replacement Heads and Series 8140Xl 8150Xl 8160Xl 8170Xl 8171 8175 and More Automatically Adjusts To Every Curve Of Your Face and Neck. AWLE
B07RFF6RNN,"Brazilian Body Wave Human Virgin Remy Hair 3 Bundles With Closure 8A 100% Unprocessed Human Hair Weave Weft with Lace Closure(10 12 14 with 8 Free Part,Natural Color）",,,,Alishow,"Brazilian Body Wave Human Virgin Remy Hair 3 Bundles With Closure 8A 100% Unprocessed Human Hair Weave Weft with Lace Closure(10 12 14 with 8 Free Part,Natural Color） Alishow"
B0009TAC14,Libelle Leather Brown Pen Wrap Accessory - LB-775BRWN,Libelle Leather Brown Pen Wrap Accessory,,,Libelle,Libelle Leather Brown Pen Wrap Accessory - LB-775BRWN Libelle Libelle Leather Brown Pen Wrap Accessory
B0011DN60Q,Magick Botanicals Conditioner for Thinning Hair Fragrance Free - 16 fl oz,"Formula for healthy hair and scalp, safe for the chemically sensitive and colored or treated hair.",,22.89,Magick Botanicals,"Magick Botanicals Conditioner for Thinning Hair Fragrance Free - 16 fl oz Magick Botanicals Formula for healthy hair and scalp, safe for the chemically sensitive and colored or treated hair."
B079Y3Y3ZV,"IAMBEAUTY 2 Jade Roller Massagers & Gua Sha Stone Board Scraping Face Tool Anti-Aging Natural Skincare Set for Face, Neck, Eyes & Body – Rejuvenating, Slimming, Massage Therapy Facial Kit","Jade rollers & gua sha massage tools by IAMBEAUTY are the anti-aging skincare massagers causing a buzz. Carved from 100% REAL jade stone, our skin rollers & jade gua sha tools for face are guaranteed authentic. 💚 INCLUDES 2 OF THE BEST JADE ROLLERS – Each with Dual Rollers for Eyes, Lips, Whole Face Featuring a larger roller perfect for contouring the chin & neck + a smaller roller that makes it easy to target the hard-to-reach areas around the eyes & lips, our dual-ended jade roller for face also doubles as a jade eye roller. 💚 MINI GUA-SHA BOARD FOR MASSAGE SCRAPING - Stimulates Blood Flow for Health & Wellness As a bonus gift to you, we have upgraded our jade skin roller with the addition of a small gua sha facial tool. Use the jade gua sha scraping massage tool as a neck gua sha to firm sagging skin for a youthful appearance. 💚 TOP CHOICE FOR FULL BODY REJUVENATION - Massage & ""Scrape"" Muscles From Head to Toe Commonly used as real jade rollers for face massage, the beauty accessories included in this gua sha tool kit can also used to relieve sore leg muscles, a tense back & foot fatigue. This is the #1 allover body gua sha set! 🔹 Use to Apply Day/Night Skin Serums, Gels & Creams - Softly Glides Across The Skin, NO Noisy Rattling 🔹 Roll & Rejuvenate Skin on Forehead, Neck, Decolletage, Chest + Near Eyes to Diminish Wrinkles & Lines 🔹 Chill the Gua Sha Facial Tool & Jade Rollers in the Fridge Before Massaging for an Extra Cooling Effect 🔹 Reduces Undereye Puffiness, Swelling, Inflammation, Fatigue, Wrinkles, Crow's Feet & Laugh Lines 🔹 Safe, Easy to Use Jade Rollers for Skin - Spa Quality, Recommended for Estheticians & DIY Skincare A REAL jade stone massage roller slims, refines, slenderizes. IAMBEAUTY facial rollers & jade gua sha tools are the preferred choice!",,,IAMBEAUTY,"IAMBEAUTY 2 Jade Roller Massagers & Gua Sha Stone Board Scraping Face Tool Anti-Aging Natural Skincare Set for Face, Neck, Eyes & Body – Rejuvenating, Slimming, Massage Therapy Facial Kit IAMBEAUTY Jade rollers & gua sha massage tools by IAMBEAUTY are the anti-aging skincare massagers causing a buzz. Carved from 100% REAL jade stone, our skin rollers & jade gua sha tools for face are guaranteed authentic. 💚 INCLUDES 2 OF THE BEST JADE ROLLERS – Each with Dual Rollers for Eyes, Lips, Whole Face Featuring a larger roller perfect for contouring the chin & neck + a smaller roller that makes it easy to target the hard-to-reach areas around the eyes & lips, our dual-ended jade roller for face also doubles as a jade eye roller. 💚 MINI GUA-SHA BOARD FOR MASSAGE SCRAPING - Stimulates Blood Flow for Health & Wellness As a bonus gift to you, we have upgraded our jade skin roller with the addition of a small gua sha facial tool. Use the jade gua sha scraping massage tool as a neck gua sha to firm sagging skin for a youthful appearance. 💚 TOP CHOICE FOR FULL BODY REJUVENATION - Massage & ""Scrape"" Muscles From Head to Toe Commonly used as real jade rollers for face massage, the beauty accessories included in this gua sha tool kit can also used to relieve sore leg muscles, a tense back & foot fatigue. This is the #1 allover body gua sha set! 🔹 Use to Apply Day/Night Skin Serums, Gels & Creams - Softly Glides Across The Skin, NO Noisy Rattling 🔹 Roll & Rejuvenate Skin on Forehead, Neck, Decolletage, Chest + Near Eyes to Diminish Wrinkles & Lines 🔹 Chill the Gua Sha Facial Tool & Jade Rollers in the Fridge Before Massaging for an Extra Cooling Effect 🔹 Reduces Undereye Puffiness, Swelling, Inflammation, Fatigue, Wrinkles, Crow's Feet & Laugh Lines 🔹 Safe, Easy to Use Jade Rollers for Skin - Spa Quality, Recommended for Estheticians & DIY Skincare A REAL jade stone massage roller slims, refines, slenderizes. IAMBEAUTY facial rollers & jade gua sha tools are the preferred choice!"
B018I2OJTY,Head9,,,,HYOUJIN,Head9 HYOUJIN
B07BKTH19G,Funky Fresh 60S Womens Adult Foam Wig Adult One Size,Have a last minute Halloween party to attend? Funky Fresh to the rescue! This hilarious over-sized foam wig is guaranteed to bring the LOLs. Buying multiple costume accessories is so yesterday. Slap on a Funky Fresh foam wig and let the good times roll! It's fun and functional and comfy to wear as well.,,,Funky Fresh,Funky Fresh 60S Womens Adult Foam Wig Adult One Size Funky Fresh Have a last minute Halloween party to attend? Funky Fresh to the rescue! This hilarious over-sized foam wig is guaranteed to bring the LOLs. Buying multiple costume accessories is so yesterday. Slap on a Funky Fresh foam wig and let the good times roll! It's fun and functional and comfy to wear as well.
B07KC7ZZ3M,"Steam Hair Straightener Flat Iron, inkint 1.2 Inch Professional Hair Iron Ionic Ceramic Straightening Iron for All Hair Types with Adjustable Temperature Dual Voltage",,,,inkint,"Steam Hair Straightener Flat Iron, inkint 1.2 Inch Professional Hair Iron Ionic Ceramic Straightening Iron for All Hair Types with Adjustable Temperature Dual Voltage inkint"
B0897VV65F,"Guitar Hook Stand, Guitar Holder Hook,Guitar Holders,Guitar Hanger Stand, with Screws. Fits Guitars,Mandolin,Banjo,Ukulele,Violin,Viola,Cello (Pack of 8)",,,,ELAPOTI,"Guitar Hook Stand, Guitar Holder Hook,Guitar Holders,Guitar Hanger Stand, with Screws. Fits Guitars,Mandolin,Banjo,Ukulele,Violin,Viola,Cello (Pack of 8) ELAPOTI"
B00J88DTLC,Black Thang Beez Wax 2 oz.,,,,It's A Black Thang,Black Thang Beez Wax 2 oz. It's A Black Thang
B00ZUS7000,Avon Dew Kiss Lip Dew,Treat your lips to moisture carry it with you wherever you go. .15 oz. net wt.,,7.45,AVON,Avon Dew Kiss Lip Dew AVON Treat your lips to moisture carry it with you wherever you go. .15 oz. net wt.
B08192SXNN,LOOKS Soft Foam Cushion Hair Rollers,,,,LQQKS,LOOKS Soft Foam Cushion Hair Rollers LQQKS
B01JV91BBW,Fake Bake - Body Care Flawless Self-Tan Liquid Professional Mitt - 170 ml/6oz by Fake Bake,Flawless is applied with a professional mitt (included) in effortless gliding strokes for a perfectly even tan. The dual function cosmetic bronzer assists in making the application even easier (shows-where-it-goes) providing an instant golden tan.,,,Fake Bake,Fake Bake - Body Care Flawless Self-Tan Liquid Professional Mitt - 170 ml/6oz by Fake Bake Fake Bake Flawless is applied with a professional mitt (included) in effortless gliding strokes for a perfectly even tan. The dual function cosmetic bronzer assists in making the application even easier (shows-where-it-goes) providing an instant golden tan.
B073PHJJD8,Vampire Makeup Kit Halloween Party Fun,,,,FunWorld,Vampire Makeup Kit Halloween Party Fun FunWorld
B01IADZLMK,Skin Musk Perfume Oil 0.50 oz (Pack of 6),,,63.66,Skin Musk,Skin Musk Perfume Oil 0.50 oz (Pack of 6) Skin Musk
B07Y5VPGGN,Newcally False Eyelashes 10 Pairs 3D Faux Mink 18MM False Lashes,,,,Newcally,Newcally False Eyelashes 10 Pairs 3D Faux Mink 18MM False Lashes Newcally
B08V8DVZZJ,"grapefruit scent cleanser by Vérité Skincare, 4 fl. oz. (plastic bottle)","4 oz (118mL) Ingredients: water, coco glucoside, lauryl glucoside, glycerin, citrus grandis (grapefruit) peel oil, xanthan gum, phenoxyethanol (and) caprylyl glycol (and) sorbic acid, citric acid use: apply 1-2 pumps to damp skin, wash, and rinse with warm water if irritation occurs, discontinue use.",,,Vérité Skincare,"grapefruit scent cleanser by Vérité Skincare, 4 fl. oz. (plastic bottle) Vérité Skincare 4 oz (118mL) Ingredients: water, coco glucoside, lauryl glucoside, glycerin, citrus grandis (grapefruit) peel oil, xanthan gum, phenoxyethanol (and) caprylyl glycol (and) sorbic acid, citric acid use: apply 1-2 pumps to damp skin, wash, and rinse with warm water if irritation occurs, discontinue use."
B08FCBXJFB,"Syntus Makeup Sponge Set, 10 Pcs Beauty Foundation Sponges Blending Latex-free Washable Cosmetic Blender Applicator Puff, Flawless for Powder Liquid Cream, Dark",,,,Syntus,"Syntus Makeup Sponge Set, 10 Pcs Beauty Foundation Sponges Blending Latex-free Washable Cosmetic Blender Applicator Puff, Flawless for Powder Liquid Cream, Dark Syntus"
B08L4BDNZ3,"FOVIUPET 2 Pack Microfiber Hair Towel Wrap for Women, 14x30 inch Super Absorbent Hair Wrap Quick Dryer Hair Drying Towel for Drying Curly, Long & Thick Hair, Hair Turban for Bath Spa (coffee+coffee)",,,,FOVIUPET,"FOVIUPET 2 Pack Microfiber Hair Towel Wrap for Women, 14x30 inch Super Absorbent Hair Wrap Quick Dryer Hair Drying Towel for Drying Curly, Long & Thick Hair, Hair Turban for Bath Spa (coffee+coffee) FOVIUPET"
B07QWBWKVW,Wide Tooth Comb for Curly Hair - Natural Purpleheart Wood Comb - Anti Static Bull Horn Comb for Women Men and Kids,,,,HX,Wide Tooth Comb for Curly Hair - Natural Purpleheart Wood Comb - Anti Static Bull Horn Comb for Women Men and Kids HX
B07PPLWT1N,"【WHITESILK Premium MASK PACK┃5,000ppm】BY Human Stem Cell(US patent) Instant Volume-Firming/ Lifting/ Hydro Gel Mask (1Box/3Sheets, 50ml each sheet) Before & After LASER TREATMENT",,,,Anterogen,"【WHITESILK Premium MASK PACK┃5,000ppm】BY Human Stem Cell(US patent) Instant Volume-Firming/ Lifting/ Hydro Gel Mask (1Box/3Sheets, 50ml each sheet) Before & After LASER TREATMENT Anterogen"
B087CG6WQY,"TRENDBOX 12 Pack 50ml Plastic Empty Bottles with Flip Cap Travel Containers Travel Size Bottles with Flip Cap for Shampoo, Liquid Body Soap, Toner, Lotion, Cream",,,,TRENDBOX,"TRENDBOX 12 Pack 50ml Plastic Empty Bottles with Flip Cap Travel Containers Travel Size Bottles with Flip Cap for Shampoo, Liquid Body Soap, Toner, Lotion, Cream TRENDBOX"
B088QCW2Y5,"Kari-Out American Flag Moist Towelettes, Wet Wipes, Alcohol-free, Individually Wrapped, Lemon-scented, [100 ct, 2 Sealed Packages of 50 ct, 4""x 7""] Made in USA","Smell great & leave hands feeling nice & smooth with no stickiness! These Lemon-scented pre-moistened towelettes can quickly and easily clean hands without soap and water, excellent for serving finger foods, great for the outdoor BBQ, wedding, party, classrooms or just to have it on the go! Size: Unfolded: 4"" x 7"", In the Package: 2 1/8"" x 2 1/8"" Quantity: 100 Count ✔Convenient & Hygienic Packaging: Two Sealed Packages of 50 ct Towelettes ✔Individually packaged, locking in the cleaning solution and moisture ✔Alcohol-Free, gentle on your hands ✔Quick and easy cleanup, Self-dries in seconds ✔Refreshing lemon scent ✔Made in USA",,9.95,,"Kari-Out American Flag Moist Towelettes, Wet Wipes, Alcohol-free, Individually Wrapped, Lemon-scented, [100 ct, 2 Sealed Packages of 50 ct, 4""x 7""] Made in USA Smell great & leave hands feeling nice & smooth with no stickiness! These Lemon-scented pre-moistened towelettes can quickly and easily clean hands without soap and water, excellent for serving finger foods, great for the outdoor BBQ, wedding, party, classrooms or just to have it on the go! Size: Unfolded: 4"" x 7"", In the Package: 2 1/8"" x 2 1/8"" Quantity: 100 Count ✔Convenient & Hygienic Packaging: Two Sealed Packages of 50 ct Towelettes ✔Individually packaged, locking in the cleaning solution and moisture ✔Alcohol-Free, gentle on your hands ✔Quick and easy cleanup, Self-dries in seconds ✔Refreshing lemon scent ✔Made in USA"
B08Z7NXKPC,Ombre Brown Headband Wig with Dark Roots Long Wavy Synthetic Wigs for Women Heat Resistant Brown Wig with Headbands 22 inches,,,,Orianna,Ombre Brown Headband Wig with Dark Roots Long Wavy Synthetic Wigs for Women Heat Resistant Brown Wig with Headbands 22 inches Orianna
B08VW912VF,"Civrie Short Wavy Wig with Bangs, 12nch Synthetic Dark Roots Ombre Blonde Bob Wigs for Black Women",,,,Civrie,"Civrie Short Wavy Wig with Bangs, 12nch Synthetic Dark Roots Ombre Blonde Bob Wigs for Black Women Civrie"
B07HBDC97V,Placenta Life Naturals Permanent Hair Color with Quinoa + Sacha Inchi + Passion Fruit Extract - Ammonia Free - 100% Gray Coverage - Fresh and Fruit Fragances (515 Exotic Chocolate),,,,PLACENTA LIFE,Placenta Life Naturals Permanent Hair Color with Quinoa + Sacha Inchi + Passion Fruit Extract - Ammonia Free - 100% Gray Coverage - Fresh and Fruit Fragances (515 Exotic Chocolate) PLACENTA LIFE
B01A075W8M,"(10-Pack+Bonus) Premium 4""x4"" Waffle-Weave Microfiber Makeup Removal Kit | Excellent Quality Cloths + Bonus Luxury 8""x8"" Ultra Soft Facial Towel with Silky Satin Border - TRC Skin Care",,,,The Rag CompanyATOPAL,"(10-Pack+Bonus) Premium 4""x4"" Waffle-Weave Microfiber Makeup Removal Kit | Excellent Quality Cloths + Bonus Luxury 8""x8"" Ultra Soft Facial Towel with Silky Satin Border - TRC Skin Care The Rag CompanyATOPAL"
B001AYYWY0,"Maybelline Dream Mousse Eye Shadow, Ivory Illusion #10.","This is such a quick and easy way to apply eye shadow as you don't need a brush or a sponge, apply your favourite shades with your fingertips.The mousse formulation gives amazing blendability and buildability that wears like a powder but applies like a cream.",,17.95,Maybelline New York,"Maybelline Dream Mousse Eye Shadow, Ivory Illusion #10. Maybelline New York This is such a quick and easy way to apply eye shadow as you don't need a brush or a sponge, apply your favourite shades with your fingertips.The mousse formulation gives amazing blendability and buildability that wears like a powder but applies like a cream."
B009WI1UKA,"NYX PROFESSIONAL MAKEUP Stay Matte but not Flat Liquid Foundation, Medium Beige, 1.18 Fluid Ounce",,,9.99,NYX PROFESSIONAL MAKEUP,"NYX PROFESSIONAL MAKEUP Stay Matte but not Flat Liquid Foundation, Medium Beige, 1.18 Fluid Ounce NYX PROFESSIONAL MAKEUP"
B09P1DQ6ZX,"Pure Blends Tempted Intense Color Depositing Conditioner - Provides Strength, Eliminates Color Fade & Maintains Vivid Tones - Sulfate, Sodium Chloride, Paraben & Gluten Free - 8.5 Oz",,,25.0,,"Pure Blends Tempted Intense Color Depositing Conditioner - Provides Strength, Eliminates Color Fade & Maintains Vivid Tones - Sulfate, Sodium Chloride, Paraben & Gluten Free - 8.5 Oz"
B00Q5K76DI,"iPhone Charger, MFi Certified Charging Cable, USB Nylon Braided Syncing 4Pack 3FT 6FT 6FT 10FT Lightning Cable Compatible iPhone X 8 8 Plus 7 7 Plus 6s 6s Plus (Black and Blue) 8-96",,,,Vionic,"iPhone Charger, MFi Certified Charging Cable, USB Nylon Braided Syncing 4Pack 3FT 6FT 6FT 10FT Lightning Cable Compatible iPhone X 8 8 Plus 7 7 Plus 6s 6s Plus (Black and Blue) 8-96 Vionic"
B07DJBBP6G,"Jade Facial Roller, jade massager roller jade stone roller for face neck eyes body healing","This double-edged pure Jade roller device was created specifically to help reduce fine line,minimize pores, and tighten the skin to give you a bright youthful glow. It also assists the lymphatic system by helping drain lymphatic fluids and toxins. Feature - Double-head design: It has smooth small and big rollers that were specifically designed to easily glide on all areas of the face, including hard to reach sensitive areas around the eyes, while providing a soothing effect. - Natural jade: The natural jade massager roller will give you the best results to promote healthy and beautiful looking skin. - Relaxing: Used our jade stone roller to relax your skin after a long time work. - Absorb better: After you apply the moisturizer on your skin,it would be absorb better to use our jade massager roller to roll on your skin. Instructions 1. Wash your face with your normal cleansing products. Dry your face completely with a towel. 2. Apply any night creams to your face and neck. 3. Use upward motions to move the jade massager roller gently over your forehead,cheeks,around the lip area and your neck.Close your eyes and roll gently over your eyelids if you have puffy eyes or bags under your eyes. 4. Use the roller on your face and neck for 5 to 10 minutes. 5. Use the jade stone roller three times a week to reduce lines and wrinkles. Note - Item might has a slight difference in color, Vein and Lines for jade is a natural material. - Please take great care when handling the jade massager roller. The jade stone roller is handmade and delicate; we recommend using gentle pressure as skin is also delicate. - Jade is movable and flexible to massage, if jade out of holder ,try to install it back. Please feel free to contact us,best wishes!",,,annila,"Jade Facial Roller, jade massager roller jade stone roller for face neck eyes body healing annila This double-edged pure Jade roller device was created specifically to help reduce fine line,minimize pores, and tighten the skin to give you a bright youthful glow. It also assists the lymphatic system by helping drain lymphatic fluids and toxins. Feature - Double-head design: It has smooth small and big rollers that were specifically designed to easily glide on all areas of the face, including hard to reach sensitive areas around the eyes, while providing a soothing effect. - Natural jade: The natural jade massager roller will give you the best results to promote healthy and beautiful looking skin. - Relaxing: Used our jade stone roller to relax your skin after a long time work. - Absorb better: After you apply the moisturizer on your skin,it would be absorb better to use our jade massager roller to roll on your skin. Instructions 1. Wash your face with your normal cleansing products. Dry your face completely with a towel. 2. Apply any night creams to your face and neck. 3. Use upward motions to move the jade massager roller gently over your forehead,cheeks,around the lip area and your neck.Close your eyes and roll gently over your eyelids if you have puffy eyes or bags under your eyes. 4. Use the roller on your face and neck for 5 to 10 minutes. 5. Use the jade stone roller three times a week to reduce lines and wrinkles. Note - Item might has a slight difference in color, Vein and Lines for jade is a natural material. - Please take great care when handling the jade massager roller. The jade stone roller is handmade and delicate; we recommend using gentle pressure as skin is also delicate. - Jade is movable and flexible to massage, if jade out of holder ,try to install it back. Please feel free to contact us,best wishes!"
B01LE3GULY,Grip-Tite Tite Grip 1 - Non Slip Grip Sport Lotion,"Keep your hands from perspiring while playing golf or other sports with the ProActive Tite-Grip antiperspirant hand lotion. The non-sticky topical hand cream goes on clear and will not stain, keeping your hand comfortable even when worn under a sports glove. Each application of the Tite-Grip lotion lasts between four and six hours.",,12.95,Grip-Tite,"Grip-Tite Tite Grip 1 - Non Slip Grip Sport Lotion Grip-Tite Keep your hands from perspiring while playing golf or other sports with the ProActive Tite-Grip antiperspirant hand lotion. The non-sticky topical hand cream goes on clear and will not stain, keeping your hand comfortable even when worn under a sports glove. Each application of the Tite-Grip lotion lasts between four and six hours."
B00Y14CKRW,Dr Adorable Mustard Seed Oil 8 Oz,"Mustard seed has been used for centuries in India as a massage oil and for skin care, where the oil is believed to improve circulation, complexion and muscular development. The oil also has antibacterial properties and is high in omega-3 fatty acids. Mustard seed oil has applications in personal care products like massage oils and muscle rubs. While it is often used as a cooking oil in India, its strong aroma is an acquired taste. Mustard seeds, which mustard oil comes from, contain calcium, protein, vitamins A and E, alpha omega-3 and alpha omega-6 fatty acids. They also contain antioxidants; these components make mustard oil an effective hair growth agent. The vitamins ensure strong hair and prevent hair from falling out. Conditioning Because mustard oil contains fatty acids, it both conditions and makes hair stronger, which causes healthy hair growth. Growth Mustard oil encourages the circulation of blood. Mustard oil is a hair stimulant, meaning it causes hair to grow healthier at a faster rate. How to Benefit From Mustard Oil Massage mustard oil onto your hair and your scalp three or more times a week. Each time, leave the oil in your hair for at least three hours before rinsing it out with shampoo. You will have healthier, stronger, faster-growing hair in just a few weeks.",,13.99,Dr Adorable,"Dr Adorable Mustard Seed Oil 8 Oz Dr Adorable Mustard seed has been used for centuries in India as a massage oil and for skin care, where the oil is believed to improve circulation, complexion and muscular development. The oil also has antibacterial properties and is high in omega-3 fatty acids. Mustard seed oil has applications in personal care products like massage oils and muscle rubs. While it is often used as a cooking oil in India, its strong aroma is an acquired taste. Mustard seeds, which mustard oil comes from, contain calcium, protein, vitamins A and E, alpha omega-3 and alpha omega-6 fatty acids. They also contain antioxidants; these components make mustard oil an effective hair growth agent. The vitamins ensure strong hair and prevent hair from falling out. Conditioning Because mustard oil contains fatty acids, it both conditions and makes hair stronger, which causes healthy hair growth. Growth Mustard oil encourages the circulation of blood. Mustard oil is a hair stimulant, meaning it causes hair to grow healthier at a faster rate. How to Benefit From Mustard Oil Massage mustard oil onto your hair and your scalp three or more times a week. Each time, leave the oil in your hair for at least three hours before rinsing it out with shampoo. You will have healthier, stronger, faster-growing hair in just a few weeks."
B07K5559YF,"Anruina 8A Brazilian Body Wave One Bundle 22 inch Body Wave Human Hair Bundle 100% Unprocessed Virgin Braziian Body Wave Single Bundle Very Soft 22, Natural Color",,,,anruina,"Anruina 8A Brazilian Body Wave One Bundle 22 inch Body Wave Human Hair Bundle 100% Unprocessed Virgin Braziian Body Wave Single Bundle Very Soft 22, Natural Color anruina"
B08NHHZT4X,"Soft Hair Ties For Women Thick Hair,Colorful And Black Hair Ties,Hair Ties For Elastic Girl,Thick Hair Ties Ponytail Holders,No Crease Cute Slip Variety-36pcs(Colorful)",,,,AWEFC,"Soft Hair Ties For Women Thick Hair,Colorful And Black Hair Ties,Hair Ties For Elastic Girl,Thick Hair Ties Ponytail Holders,No Crease Cute Slip Variety-36pcs(Colorful) AWEFC"
B09B2RNHHH,"MAC ""Stay Curious"" Lipstick - Powder Kiss Lipstick, Full Size, Full in Box","MAC ""Stay Curious"" Lipstick - Powder Kiss Lipstick, Full Size, Full in Box",,19.9,M.A.C,"MAC ""Stay Curious"" Lipstick - Powder Kiss Lipstick, Full Size, Full in Box M.A.C MAC ""Stay Curious"" Lipstick - Powder Kiss Lipstick, Full Size, Full in Box"
B075FSZZNX,Rica Milk Liposoluble Wax For Sensitive Skin 14 Ounces (396 g),,,71.49,Rica,Rica Milk Liposoluble Wax For Sensitive Skin 14 Ounces (396 g) Rica
B07H3BDVGK,"786 Cosmetics Asia-Inspired Nail Polish Set - 6 Full Size (12 mL) Nail Polishes, Dusty and True Purple Nail Polish, Grey Nail Polish, Deep and Light Pink Nail Polish, Sky Blue Nail Polish",,,,MANDOYV,"786 Cosmetics Asia-Inspired Nail Polish Set - 6 Full Size (12 mL) Nail Polishes, Dusty and True Purple Nail Polish, Grey Nail Polish, Deep and Light Pink Nail Polish, Sky Blue Nail Polish MANDOYV"
B09CKT5P8C,360 Lace Front Wigs Water Wave Pre Plucked Wet and Wavy Glueless 360 Human Hair Lace Wig with Baby Hair Glueless 180% Density 360 Lace Frontal Human Hair Wigs for Black Women 24 Inch,,,,Maxine,360 Lace Front Wigs Water Wave Pre Plucked Wet and Wavy Glueless 360 Human Hair Lace Wig with Baby Hair Glueless 180% Density 360 Lace Frontal Human Hair Wigs for Black Women 24 Inch Maxine
B01N6Y0DV8,Etude House FIX&FIX Tone Up Primer SPF33 PA++ (Rose),,,,Etude House,Etude House FIX&FIX Tone Up Primer SPF33 PA++ (Rose) Etude House
B072LFZR3C,"Alvarez Gomez Mediterranean Night Jasmine Eau de Toilette, 80 ml",,,,Alvarez Gomez,"Alvarez Gomez Mediterranean Night Jasmine Eau de Toilette, 80 ml Alvarez Gomez"
B07ZHGNPZM,"Imbue Intimate Wash for Women| Vegan Feminine Wash | Alcohol Free, Sulphate Free, Paraben Free, No Artificial Fragrance | 3.38 oz","Natural, Plant Based, Vegan Feminine Wash. Formulated with ingredients like Aloe Vera, Neem, Banyan Fig , Tea Tree oil with the added power of Panchvalkala. Panchvalkala is formulation prepared with the barks of five trees mentioned in Indian Traditional Science (Ayurveda) for its effectiveness in vaginal cleansing. Maintains the natural PH balance of the skin and reducing susceptibility to vaginal infections. Helps prevents itching , irritation , odour and dryness. Feminine Wash that is Cruelty Free, Alcohol Free, Paraben Free, Sulphate Free, No Artificial Fragrance Easy to use flip top bottle extremely handy while bathing or showering. Contains 3.38 oz.",,10.8,IMBUE,"Imbue Intimate Wash for Women| Vegan Feminine Wash | Alcohol Free, Sulphate Free, Paraben Free, No Artificial Fragrance | 3.38 oz IMBUE Natural, Plant Based, Vegan Feminine Wash. Formulated with ingredients like Aloe Vera, Neem, Banyan Fig , Tea Tree oil with the added power of Panchvalkala. Panchvalkala is formulation prepared with the barks of five trees mentioned in Indian Traditional Science (Ayurveda) for its effectiveness in vaginal cleansing. Maintains the natural PH balance of the skin and reducing susceptibility to vaginal infections. Helps prevents itching , irritation , odour and dryness. Feminine Wash that is Cruelty Free, Alcohol Free, Paraben Free, Sulphate Free, No Artificial Fragrance Easy to use flip top bottle extremely handy while bathing or showering. Contains 3.38 oz."
B07V5JHY3Y,"Disposable Shower Caps Plastic Waterproof Clear Bath Caps Shower Hair Caps for Home Use,Women Spa,Hotel and Hair Salon, Portable Travel Normal Size (100 Pcs)",,,,JOCHA,"Disposable Shower Caps Plastic Waterproof Clear Bath Caps Shower Hair Caps for Home Use,Women Spa,Hotel and Hair Salon, Portable Travel Normal Size (100 Pcs) JOCHA"
B00YUCX4I4,AW Rolling Trolley Glass Cart Barber Hair Salon Beauty Spa 3 Shelves 4-Wheel Equipment Tool Pink,,,,,AW Rolling Trolley Glass Cart Barber Hair Salon Beauty Spa 3 Shelves 4-Wheel Equipment Tool Pink
B09KBWGDNZ,AuokMar 14 16 18 Inch Burgundy Human Hair Bundles Straight Red Hair Extensions 1b99j 3 Bundles Tow Tone Black To Natural Brazilian Remy Hair Straight Brazilian Real Hair Weft Real Human Hair Bundles,Unit count type: Ounce,,,AuokMar,AuokMar 14 16 18 Inch Burgundy Human Hair Bundles Straight Red Hair Extensions 1b99j 3 Bundles Tow Tone Black To Natural Brazilian Remy Hair Straight Brazilian Real Hair Weft Real Human Hair Bundles AuokMar Unit count type: Ounce
B00ZMC1KV4,"NuFountain C20+Ferulic 3-Pack C20 Serum, Oil Free. 3 1 Oz. Bottles 20% LAA, Ferulic and Hylaronic Serum. Made Fresh When Ordered with",,,,Obagi Medical,"NuFountain C20+Ferulic 3-Pack C20 Serum, Oil Free. 3 1 Oz. Bottles 20% LAA, Ferulic and Hylaronic Serum. Made Fresh When Ordered with Obagi Medical"
B0879Y4XLC,"New Soft Locs Crochet Hair 14inch 1b/30 Ombre Locs Pre-Looped Crochet Braids 100% Premium Fiber Synthetic Hair Extensions African Roots 6pc/Lot (14inch, 1b/30)",,,,Phosphe,"New Soft Locs Crochet Hair 14inch 1b/30 Ombre Locs Pre-Looped Crochet Braids 100% Premium Fiber Synthetic Hair Extensions African Roots 6pc/Lot (14inch, 1b/30) Phosphe"
B07P8VNG17,"Neutrogena Visibly Clear Facial Cleansing Wipes, Pink Grapefruit, 25-Count (6 Pack)",neutrogena oil free pink grapefruit acne face wipes;neutrogena grapefruit wipes oil free;nutrogena oil free wipes;neutrogena oil free grapefruit wipes;neutrogena oil free pink grapefruit face wipes;neutrogena oil cleansing wipes;oil free,,,Neutrogena,"Neutrogena Visibly Clear Facial Cleansing Wipes, Pink Grapefruit, 25-Count (6 Pack) Neutrogena neutrogena oil free pink grapefruit acne face wipes;neutrogena grapefruit wipes oil free;nutrogena oil free wipes;neutrogena oil free grapefruit wipes;neutrogena oil free pink grapefruit face wipes;neutrogena oil cleansing wipes;oil free"
B07DFSN36Q,Deco Miami Namaste Nail Polish (By The Pool Nail Polish),,,4.99,Miny Beauty Cosmetics,Deco Miami Namaste Nail Polish (By The Pool Nail Polish) Miny Beauty Cosmetics
B07H33DXMZ,"True + Luscious Super Moisture Lipstick Clean Formula, Smooth and Hydrating - Vegan and Cruelty Free Lipstick, Non Toxic, Shade: Glamorous - 0.12 oz",,,,True + Luscious,"True + Luscious Super Moisture Lipstick Clean Formula, Smooth and Hydrating - Vegan and Cruelty Free Lipstick, Non Toxic, Shade: Glamorous - 0.12 oz True + Luscious"
B01IYN69KO,URSULA (OP530) - FreeTress Equal Synthetic Hair Extreme Side Part Wig,,,,Freetress,URSULA (OP530) - FreeTress Equal Synthetic Hair Extreme Side Part Wig Freetress
B0839CCQS5,6Packs 8Inch Pre-twisted Spring Twist Crochet Braiding Hair Nubian Twist Hair Bomb Twiat Crochet Hair Color Crochet Braids Passion Twist Hair Extensions(1B),,,,Liyate,6Packs 8Inch Pre-twisted Spring Twist Crochet Braiding Hair Nubian Twist Hair Bomb Twiat Crochet Hair Color Crochet Braids Passion Twist Hair Extensions(1B) Liyate
B08NW67Z2T,"3 Pack Loufas Back Scrubber for Shower, Soft Nylon Mesh Body Brush with Long Handle, Exfoliating Luffa Loufa Sponge for Women and Mens. (Beige)",,,8.66,N\C,"3 Pack Loufas Back Scrubber for Shower, Soft Nylon Mesh Body Brush with Long Handle, Exfoliating Luffa Loufa Sponge for Women and Mens. (Beige) N\C"
B08PP3NWXS,Outyua Matte Extra Long Press On Nails Super Long Coffin Ballerina Fake Nails Acrylic Full Cover Nails 24Pcs (White),,,,Outyua,Outyua Matte Extra Long Press On Nails Super Long Coffin Ballerina Fake Nails Acrylic Full Cover Nails 24Pcs (White) Outyua
B08F7K1JWZ,"Kuqqi Travel Plastic Clear Keychain Empty Bottles,2oz/50ml Hand Sanitizer Bottle Containers with Flip Cap Leakproof Squeeze Bottles for Shampoo Liquid Cosmetic,12 Pack",,,,Kuqqi,"Kuqqi Travel Plastic Clear Keychain Empty Bottles,2oz/50ml Hand Sanitizer Bottle Containers with Flip Cap Leakproof Squeeze Bottles for Shampoo Liquid Cosmetic,12 Pack Kuqqi"
B07DDDX59F,Clip in Ponytail Hair Extensions 16 inch Ponytail Extension Human Hair Dark Brown Highlight Caramel Blonde Wrap Around Ponytail Human Hair Clip in 80G,,,,YoungSee,Clip in Ponytail Hair Extensions 16 inch Ponytail Extension Human Hair Dark Brown Highlight Caramel Blonde Wrap Around Ponytail Human Hair Clip in 80G YoungSee
B08FTD39CF,"Aeruki Foot Scraper, Pedicure Callus Shaver Foot File Hard Skin Remover Sets with Case, Stainless Steel Callus Remover Foot Care Tool with 10 Blades for Woman Men",,,,Aeruki,"Aeruki Foot Scraper, Pedicure Callus Shaver Foot File Hard Skin Remover Sets with Case, Stainless Steel Callus Remover Foot Care Tool with 10 Blades for Woman Men Aeruki"
B012R8TWYW,2 Jar Tepezcohuite Ointment Natural Skin Healing 2 Frascos Unguento De Tepezcohuite De Chiapas Mex.,,,16.99,Tepezcohuite Cream,2 Jar Tepezcohuite Ointment Natural Skin Healing 2 Frascos Unguento De Tepezcohuite De Chiapas Mex. Tepezcohuite Cream
B01N9I42I0,Bath & Body Works Shea & Vitamin E Lotion - Sweet Summer Sunset,,,4.95,Bath & Body Works,Bath & Body Works Shea & Vitamin E Lotion - Sweet Summer Sunset Bath & Body Works
B08R87GSCL,"72 Pcs Wax Strips, Facial Hair Removal for Women Facial Lip Wax Strips Wax Strips Hair Removal for All Skin Types 72 Wax Strips + 4 Clean Cotton",,,,Parrots Treasure,"72 Pcs Wax Strips, Facial Hair Removal for Women Facial Lip Wax Strips Wax Strips Hair Removal for All Skin Types 72 Wax Strips + 4 Clean Cotton Parrots Treasure"
B07ZD648WC,"PURC Hair Treatment Mask,Magical Repair Treatment Scalp for Dry or Damaged Hair,Hair Roots Treatment Professional Deep Conditioner Hair Mask 120ML (120ml)",,,,Blue Finger,"PURC Hair Treatment Mask,Magical Repair Treatment Scalp for Dry or Damaged Hair,Hair Roots Treatment Professional Deep Conditioner Hair Mask 120ML (120ml) Blue Finger"
B07TDN9PCN,We Love Eyes- Eyelid Margin Cleansing Brush- Targets dirty eyelid margins - Ideal for lash extension daily home care & eyelid hygiene,"GENTLY AND THOROUGHLY CLEANSES THE EYELID AREA. Pair with your favorite We Love Eyes oil, foam, or cleansing spray for a precise and ultimate cleanse. UNIQUE HEART SHAPED TIERED DESIGN. Experience precise cleaning and control with gentle yet firm bristles and an ergonomic handle for comfort. VEGAN AND CRUELTY FREE. We Love Eyes strives to source products that are vegan and cruelty free such as this brush. CARE INSTRUCTIONS. Keep brush clean with We Love Eyes foaming cleanser, rinse thoroughly with water, dry with a clean towel, and leave to air dry after each use. Replace brush after 12 months. WHAT THIS PRODUCT DOES NOT DO. We Love Eyes products do not treat any eye disease. We Love Eyes products do not replace your eye care professional. Always consult your eye care professional when using eye care products.",,24.0,We Love Eyes,"We Love Eyes- Eyelid Margin Cleansing Brush- Targets dirty eyelid margins - Ideal for lash extension daily home care & eyelid hygiene We Love Eyes GENTLY AND THOROUGHLY CLEANSES THE EYELID AREA. Pair with your favorite We Love Eyes oil, foam, or cleansing spray for a precise and ultimate cleanse. UNIQUE HEART SHAPED TIERED DESIGN. Experience precise cleaning and control with gentle yet firm bristles and an ergonomic handle for comfort. VEGAN AND CRUELTY FREE. We Love Eyes strives to source products that are vegan and cruelty free such as this brush. CARE INSTRUCTIONS. Keep brush clean with We Love Eyes foaming cleanser, rinse thoroughly with water, dry with a clean towel, and leave to air dry after each use. Replace brush after 12 months. WHAT THIS PRODUCT DOES NOT DO. We Love Eyes products do not treat any eye disease. We Love Eyes products do not replace your eye care professional. Always consult your eye care professional when using eye care products."
B01DMQKRWE,Pixi Makeup Melting Cleansing Cloths,,,,Pixi Skintreats,Pixi Makeup Melting Cleansing Cloths Pixi Skintreats
B086VHFW8W,Hair Feel Finishing Stick - 2 PCS Hair Styling Gels Mascara For Small Broken Fly Away Flash Baby Hair Stick Cream Natural Ingredients,,,,CIMIY,Hair Feel Finishing Stick - 2 PCS Hair Styling Gels Mascara For Small Broken Fly Away Flash Baby Hair Stick Cream Natural Ingredients CIMIY
B07VKL2RX8,"Women's Dark Blue Ombre Short Curly Full Cosplay Wig and 1 Hair Net, for Halloween Family Daily Masquerade Costume Party, Oblique Bangs, Length 14'' ; H08S",,,,Artist Unknown,"Women's Dark Blue Ombre Short Curly Full Cosplay Wig and 1 Hair Net, for Halloween Family Daily Masquerade Costume Party, Oblique Bangs, Length 14'' ; H08S Artist Unknown"
B00NH1I50Q,Nails Inc London Nail Polish in Porchester Square .47 oz by Nails Inc. London,,,26.95,Nails Inc,Nails Inc London Nail Polish in Porchester Square .47 oz by Nails Inc. London Nails Inc
B07BFC3RZZ,DND DC Gel & Polish DC095 Orange Rust,,,9.99,,DND DC Gel & Polish DC095 Orange Rust
B013B1KRKM,"Yeshan Big Rhinestone Crystal Beaded Plastic Headband,Hairband for girls,Multicolors",,,,Yeshan,"Yeshan Big Rhinestone Crystal Beaded Plastic Headband,Hairband for girls,Multicolors Yeshan"
B01IJPDVIK,"Perstar Hair Brazilian Straight Virgin Hair with Closure 3 Bundles with lace closure 7A grade Human hair bundles with free part lace closure (8 10 12+ 8 free part, Natural Color)",,,,Perstar,"Perstar Hair Brazilian Straight Virgin Hair with Closure 3 Bundles with lace closure 7A grade Human hair bundles with free part lace closure (8 10 12+ 8 free part, Natural Color) Perstar"
B01BLQ5D1C,"DHC Deep Cleansing Oil 6.7 fl. oz., includes 12-Piece Beauty Sample Book",,,,,"DHC Deep Cleansing Oil 6.7 fl. oz., includes 12-Piece Beauty Sample Book"
B0711L86FJ,"Nubian Heritage Coconut & Papaya Body Lotion (Pack of 2) with Shea Butter, Cocoa Seed Butter, Olive Oil, Aloe Vera Juice, Papaya Fruit Extract, Songi Mushroom Extract and Roselle Flower, 13 oz",,,25.03,Nubian Heritage,"Nubian Heritage Coconut & Papaya Body Lotion (Pack of 2) with Shea Butter, Cocoa Seed Butter, Olive Oil, Aloe Vera Juice, Papaya Fruit Extract, Songi Mushroom Extract and Roselle Flower, 13 oz Nubian Heritage"
B07TDKG9Q5,"Onene 18 pieces Rhinestones Letter Bobby Pins, Word Crystal Hair Pins, Metal Hair Clips Hair Barrettes, Sparkly Hair Accessories for Women Ladies Hair Accessories, Gold and Silver Color",,,,Onene,"Onene 18 pieces Rhinestones Letter Bobby Pins, Word Crystal Hair Pins, Metal Hair Clips Hair Barrettes, Sparkly Hair Accessories for Women Ladies Hair Accessories, Gold and Silver Color Onene"
B0008G1YUG,"Lister Bandage Scissor 7.25""",,,,PHYSICIAN SUPPLIES,"Lister Bandage Scissor 7.25"" PHYSICIAN SUPPLIES"
B07KRSN2J1,AISI QUEENS Long Curly Wig Blonde Synthetic Natural Long Wavy Wig with Bangs Heat Resistant Fiber for Women (Platinum Blonde),,,,AISI QUEENS,AISI QUEENS Long Curly Wig Blonde Synthetic Natural Long Wavy Wig with Bangs Heat Resistant Fiber for Women (Platinum Blonde) AISI QUEENS
B01KB8R3NW,"Stone Crop Gel Facial Cleanser by Eva Naturals (6 oz) - Natural Skin Lightener Reduces Dark Spots and Pigmentation - Organic Face Wash Defends Against Acne and Breakouts - With Lemongrass, Vitamin B5",,,,ATOPAL,"Stone Crop Gel Facial Cleanser by Eva Naturals (6 oz) - Natural Skin Lightener Reduces Dark Spots and Pigmentation - Organic Face Wash Defends Against Acne and Breakouts - With Lemongrass, Vitamin B5 ATOPAL"
B07TJP9CNR,UCANBE Shimmer Eyeshadow Set Metallic Liquid Glitter Eye Shadow Pigment Face Lips Party Festival Eye Glow Makeup Waterproof Sparking Eyeliner Set (Liquid Eyeshadow Set),,,,Prism Makeup,UCANBE Shimmer Eyeshadow Set Metallic Liquid Glitter Eye Shadow Pigment Face Lips Party Festival Eye Glow Makeup Waterproof Sparking Eyeliner Set (Liquid Eyeshadow Set) Prism Makeup
B007TOLSSI,"UPC Certified Salon Shampoo Bowl Faucet, Sprayer & Vacuum Breaker SU-94","UPC Certified Chrome Faucet & Vacuum Breaker Kit SU-94 UPC Certified Single Handle Chrome Lever Faucet, Vacuum Breaker, Vacuum Breaker Hose and Sprayer Hose. Made in Taiwan FEATURES: Complete UPC Certified Shampoo Fixtures Complete UPC Certified Shampoo Fixtures UPC Certified ASSE-1001 UPC Certified ASSE-1001 Chrome Vacuum Breaker Chrome Vacuum Breaker Professional Chrome Finish Faucet Professional Chrome Finish Faucet Hot and Cold Water Control Hot and Cold Water Control Durable Metal Lining Hoses Durable Metal Lining Hoses Shampoo Sprayer with Stopper Shampoo Sprayer with Stopper Fits Most Shampoo Bowls and Shampoo Backwash Units Fits Most Shampoo Bowls and Shampoo Backwash Units DIMENSIONS: Faucet (3/4"" Hot & Cold Water Supply Lines) 18"" L Faucet (3/4"" Hot & Cold Water Supply Lines) 18"" L Sprayer Hose (1/2"" Female Connector End) 48"" L Sprayer Hose (1/2"" Female Connector End) 48"" L Vacuum Breaker (1/2"" Male Connector End) Vacuum Breaker (1/2"" Male Connector End) Vacuum Breaker Hose (1/2"" Female Connector End) 20"" L Vacuum Breaker Hose (1/2"" Female Connector End) 20"" L It is the responsibility of the purchaser and/or installer to adhere to local plumbing codes. Prior to purchase, please check with your City Code to determine the requirements for the fixtures, such as UPC and IAPMO. - All dimensions are approximations. Minor assembly required. -",,,Salon CA,"UPC Certified Salon Shampoo Bowl Faucet, Sprayer & Vacuum Breaker SU-94 Salon CA UPC Certified Chrome Faucet & Vacuum Breaker Kit SU-94 UPC Certified Single Handle Chrome Lever Faucet, Vacuum Breaker, Vacuum Breaker Hose and Sprayer Hose. Made in Taiwan FEATURES: Complete UPC Certified Shampoo Fixtures Complete UPC Certified Shampoo Fixtures UPC Certified ASSE-1001 UPC Certified ASSE-1001 Chrome Vacuum Breaker Chrome Vacuum Breaker Professional Chrome Finish Faucet Professional Chrome Finish Faucet Hot and Cold Water Control Hot and Cold Water Control Durable Metal Lining Hoses Durable Metal Lining Hoses Shampoo Sprayer with Stopper Shampoo Sprayer with Stopper Fits Most Shampoo Bowls and Shampoo Backwash Units Fits Most Shampoo Bowls and Shampoo Backwash Units DIMENSIONS: Faucet (3/4"" Hot & Cold Water Supply Lines) 18"" L Faucet (3/4"" Hot & Cold Water Supply Lines) 18"" L Sprayer Hose (1/2"" Female Connector End) 48"" L Sprayer Hose (1/2"" Female Connector End) 48"" L Vacuum Breaker (1/2"" Male Connector End) Vacuum Breaker (1/2"" Male Connector End) Vacuum Breaker Hose (1/2"" Female Connector End) 20"" L Vacuum Breaker Hose (1/2"" Female Connector End) 20"" L It is the responsibility of the purchaser and/or installer to adhere to local plumbing codes. Prior to purchase, please check with your City Code to determine the requirements for the fixtures, such as UPC and IAPMO. - All dimensions are approximations. Minor assembly required. -"
B08SK31GWL,10A Straight Human Hair Bundle 100% Virgin Brazilian Hair 1 Single Bundle 24 Inch Straight Weave Hair Human Bundle Natural Color Unprocessed Remy Hair Bundle (24 inch),,,,serwell,10A Straight Human Hair Bundle 100% Virgin Brazilian Hair 1 Single Bundle 24 Inch Straight Weave Hair Human Bundle Natural Color Unprocessed Remy Hair Bundle (24 inch) serwell
B01BW6ZN0M,12 Pieces Hair Crystal Barrette with Black Metal Clip 6 Color,,,,Elice,12 Pieces Hair Crystal Barrette with Black Metal Clip 6 Color Elice
B010E7LZ02,Bourjois Mat Illusion Bronzing Powder 22 Hale Fonce Dark,,,22.95,Bourjois,Bourjois Mat Illusion Bronzing Powder 22 Hale Fonce Dark Bourjois
B076WXG668,Latex Free Water Drop Beauty Blender (Red),,,,Lady.A,Latex Free Water Drop Beauty Blender (Red) Lady.A
B000PY8B98,LHomme After Shave Balm - 100ml/3.4oz,A calming aftershave balm A calming aftershave balm Instantly soothes just-shaved skin Instantly soothes just-shaved skin Refine texture & quick penetration Refine texture & quick penetration Softens skin while hydrating Softens skin while hydrating,,,Yves Saint Laurent,LHomme After Shave Balm - 100ml/3.4oz Yves Saint Laurent A calming aftershave balm A calming aftershave balm Instantly soothes just-shaved skin Instantly soothes just-shaved skin Refine texture & quick penetration Refine texture & quick penetration Softens skin while hydrating Softens skin while hydrating
B01BT0WULG,"Jericho Cosmetics - Eye Cream Gel for Dark Circles, Puffy Eyes and Under Eye Wrinkles - Contains Anti Aging Agents: Minerals from the Dead Sea, Olive Oil & plant extracts",,,39.95,Jericho,"Jericho Cosmetics - Eye Cream Gel for Dark Circles, Puffy Eyes and Under Eye Wrinkles - Contains Anti Aging Agents: Minerals from the Dead Sea, Olive Oil & plant extracts Jericho"
B008Y7P1SM,1 Spiral Blow Dryer Stand/flat Hair Iron Holder J0610-5,,,,ALINCAS,1 Spiral Blow Dryer Stand/flat Hair Iron Holder J0610-5 ALINCAS
B07TT58BGL,"KICOSY 2PCS Headbands for Women, Knotted Wide Headband, Yoga Hair Band Fashion Elastic Hair Accessories for Women and Girls, Knotted Headbands Womens Headbands, Headbands for Washing Face (6 Pack(F))",,,,KICOSY,"KICOSY 2PCS Headbands for Women, Knotted Wide Headband, Yoga Hair Band Fashion Elastic Hair Accessories for Women and Girls, Knotted Headbands Womens Headbands, Headbands for Washing Face (6 Pack(F)) KICOSY"
B0B3MGGVHY,FIOBEE Girls Headband Holder Organizer Unicorn Headband Storage Hair Accessories Organizer Hairband Display Stand Home Room Decors for Kids,"【Double Layer Headband Holder 】- Our headband display is design as a vivid unicorn, which will match up with girls room. The double layer headband storage designed exclusively for large capacity and saving space. Not take up too much space on the table. 【Keep Clean and Tidy】- Perfect for displaying all girls headband, keep kids headbands well-organized and within easy reach. No longer worry about headband tangly, no more searching on box. Keep room neat and tidy. 【Size & Package】- Assembled Size: Length: 12.2"", Width: 8.3"", Height: 11.8"", the package contains 2 boards, 6 wooden sticks, 14 screws, a screwdriver and an introduction. Perfect size for bathroom and dresser. 【Assembly】- It is easy to assemble hair accessories organizer, with installation tools and instructions in the package. You can quickly complete the holder in a few installation steps according to the instructions. 【Perfect Choices】 - Our headband stand must be a room organizers for girls, beautiful appearance and large capacity. It's a pretty decoration and adds a touch of colour in girls room . No girls can resist the great charm of unique design.",,15.99,FIOBEE,"FIOBEE Girls Headband Holder Organizer Unicorn Headband Storage Hair Accessories Organizer Hairband Display Stand Home Room Decors for Kids FIOBEE 【Double Layer Headband Holder 】- Our headband display is design as a vivid unicorn, which will match up with girls room. The double layer headband storage designed exclusively for large capacity and saving space. Not take up too much space on the table. 【Keep Clean and Tidy】- Perfect for displaying all girls headband, keep kids headbands well-organized and within easy reach. No longer worry about headband tangly, no more searching on box. Keep room neat and tidy. 【Size & Package】- Assembled Size: Length: 12.2"", Width: 8.3"", Height: 11.8"", the package contains 2 boards, 6 wooden sticks, 14 screws, a screwdriver and an introduction. Perfect size for bathroom and dresser. 【Assembly】- It is easy to assemble hair accessories organizer, with installation tools and instructions in the package. You can quickly complete the holder in a few installation steps according to the instructions. 【Perfect Choices】 - Our headband stand must be a room organizers for girls, beautiful appearance and large capacity. It's a pretty decoration and adds a touch of colour in girls room . No girls can resist the great charm of unique design."
B014JOL9MA,Sally Hansen MIRACLE GEL Polish 220 Teal Twin & Gel Top Coat,,,18.25,Sally Hansen,Sally Hansen MIRACLE GEL Polish 220 Teal Twin & Gel Top Coat Sally Hansen
B08B8QS7JB,"Magnetic Eyeliner and Lashes Magnetic Eyelashes Kit [3 Pairs] with Tweezers.No Glue Reusable Silk False Lashes, Easier To Use Than Traditional eyelashes magnetic eyeliner. (011)",,,,Generies,"Magnetic Eyeliner and Lashes Magnetic Eyelashes Kit [3 Pairs] with Tweezers.No Glue Reusable Silk False Lashes, Easier To Use Than Traditional eyelashes magnetic eyeliner. (011) Generies"
B08RJJ44WP,Teresa 18 Inch HeadBand Wig for Black Women Straight Human Hair Wigs Glueless Brazilian Virgin Hair None Lace Front Wigs With Headband Attached Ice Silk Headband Half Wig For Beginners Can be Curled,,,,Teresa,Teresa 18 Inch HeadBand Wig for Black Women Straight Human Hair Wigs Glueless Brazilian Virgin Hair None Lace Front Wigs With Headband Attached Ice Silk Headband Half Wig For Beginners Can be Curled Teresa
B085T7YDDH,Health Smart Premium Quality Baby Wipes with Resealable Lid Blue,,,4.99,HealthSmart,Health Smart Premium Quality Baby Wipes with Resealable Lid Blue HealthSmart
B09125RKX1,Kaneles Burgundy Wavy Wigs for Women Long Curly Wig Synthetic Wigs Middle Part Full Wigs Heat Resistant Fiber Halloween Cosplay Party Wigs,,,,Kaneles,Kaneles Burgundy Wavy Wigs for Women Long Curly Wig Synthetic Wigs Middle Part Full Wigs Heat Resistant Fiber Halloween Cosplay Party Wigs Kaneles
B08PPB3W6H,"YanJie Velvet Stretched Button Headband Holder for Nurse Mask Women/Girls/Men 6 Package, Leopard Black Gray Velvet ,Protect your Ear Headband 20inch (Leopard)",,,,YanJie,"YanJie Velvet Stretched Button Headband Holder for Nurse Mask Women/Girls/Men 6 Package, Leopard Black Gray Velvet ,Protect your Ear Headband 20inch (Leopard) YanJie"
B0169KHSRC,MagneSoothe Magnesium Oil Mg12 16 oz Oil,"Mg12 the Power of Magnesium, 100 % Dead Sea Minerals, 20 Essential Oils 16 oz.",,43.78,MG,"MagneSoothe Magnesium Oil Mg12 16 oz Oil MG Mg12 the Power of Magnesium, 100 % Dead Sea Minerals, 20 Essential Oils 16 oz."
B08549F7PF,JoYoung Micro Loop Hair Extensions #60 Platinum Blonde Hair Extensions Loop Hair Extensions Pre Bonded Loop Hair Extensions Microlink Hair Extensions Blonde Hair 20in 50grams 50strands,,,,JoYoung,JoYoung Micro Loop Hair Extensions #60 Platinum Blonde Hair Extensions Loop Hair Extensions Pre Bonded Loop Hair Extensions Microlink Hair Extensions Blonde Hair 20in 50grams 50strands JoYoung
B01B26W9YA,Solvere Fortified Moisturizer - 2 Oz Jar,"This lightweight cream from Solvere is the final step to a clearer complexion. It replaces the healthy hydration lost during targeted acne treatments, and restores a natural balance. Vitamins A, C and E with green tea extract and co-Q10 work to heal, protect and fortify devitalized skin. Glycerin and squalane soften and soothe for a smooth, comfortable finish.",,,Solvere,"Solvere Fortified Moisturizer - 2 Oz Jar Solvere This lightweight cream from Solvere is the final step to a clearer complexion. It replaces the healthy hydration lost during targeted acne treatments, and restores a natural balance. Vitamins A, C and E with green tea extract and co-Q10 work to heal, protect and fortify devitalized skin. Glycerin and squalane soften and soothe for a smooth, comfortable finish."
B07DZ3JLC6,Electric Shaver Bald Head Shaver 5 in 1 Men's Grooming Set Wet/Dry Hair Trimmer Facial Brush Hair Razor Rechargeable Waterproof Cordless Shaving Machine for Head Face Neck Feet (5 in 1 Shaver Set),,,,,Electric Shaver Bald Head Shaver 5 in 1 Men's Grooming Set Wet/Dry Hair Trimmer Facial Brush Hair Razor Rechargeable Waterproof Cordless Shaving Machine for Head Face Neck Feet (5 in 1 Shaver Set)
B08D3B6JCP,Earfodo Kinky Curly Ponytail Extension for Black Women Synthetic Afro Drawstring Ponytail for African American 14 Inch Hair Pieces for Daily Use(1B-30),,,,Earfodo,Earfodo Kinky Curly Ponytail Extension for Black Women Synthetic Afro Drawstring Ponytail for African American 14 Inch Hair Pieces for Daily Use(1B-30) Earfodo
B00OZWSSDK,PRO Leather Lotion,,,,PRO,PRO Leather Lotion PRO
B07QTPVVNM,3 Pcs Wave Durags (Velvet Durag and 2 Pcs Soft Durags ) – Premium Soft Headwraps with Extra Long Tail Perfect for 360 Waves,,,,ASHILISIA,3 Pcs Wave Durags (Velvet Durag and 2 Pcs Soft Durags ) – Premium Soft Headwraps with Extra Long Tail Perfect for 360 Waves ASHILISIA
B07KDYT8XY,"SheCotton Premium Cotton Rounds for Face, Lint-Free Turkish Cotton Pads, Makeup-Nail Polish Remover, (3 Pack 350 Count with Extra Travel Pack)",,,,She Cotton,"SheCotton Premium Cotton Rounds for Face, Lint-Free Turkish Cotton Pads, Makeup-Nail Polish Remover, (3 Pack 350 Count with Extra Travel Pack) She Cotton"
B01D9SPUUO,SiYi Long Straight Mint Green Wig Ombre Black Root Synthetic Wigs Heat Resistant Cosplay Pastel Full Wigs for Women Girls,,,,SiYi,SiYi Long Straight Mint Green Wig Ombre Black Root Synthetic Wigs Heat Resistant Cosplay Pastel Full Wigs for Women Girls SiYi
B0002DNRUU,Ulysse by Vicky Tiel for Men 3.3 oz Deodorant Spray,,,,Vicky Tiel,Ulysse by Vicky Tiel for Men 3.3 oz Deodorant Spray Vicky Tiel
B071ZNT4XY,Etude House Sweet Pudding Tone Up Cream Oil Control (50ml 1.69 fl. oz.),,,,,Etude House Sweet Pudding Tone Up Cream Oil Control (50ml 1.69 fl. oz.)
B01LCXJG26,"Pure Body Naturals Micellar Cleansing Water, All-in-1 Cleanser & Makeup Remover, 8 Fl. Oz.",,,,,"Pure Body Naturals Micellar Cleansing Water, All-in-1 Cleanser & Makeup Remover, 8 Fl. Oz."
B08SQYCTPP,"shower cap for women, 3 Pieces Waterproof Caps,Elastic Reusable Bathing Hair Cap,Beauty Salon Spa Shower Caps Lace Elastic Band Flower Printed Hat Environmental Protection Hair Bath Caps Shower Caps","Comfortable and DurableMade of a higher quality EVA fabric material, these shower cap are non-toxic,super breathable and soft, can be reused for a long time,it is safe to use when you bathing. Waterproof DesignBecause of the excellent waterproof surface, our bath cap can effectively keeps your hair dry and protects your get wet when you enjoy a shower, give you a better shower experience. One Size Fits Most With great elastic rubber around,our shower caps will bring much less pressure to head for women,also it’s hardly NO age limitation,it suit for kids,it,will not hurt your head and hair. Wide ApplicationBesides suit for bathing, these reusable shower caps can widely used in cooking, Spa,Beauty,Salon ects,protecting your hair from dust when do face cleaning,home cleaning.It a great shower cap for women with long hair,short hair,curly hair and so on. Your best choiceThis plastic hair caps are lightweight,cute, can be easily folded.While",,,Juhe,"shower cap for women, 3 Pieces Waterproof Caps,Elastic Reusable Bathing Hair Cap,Beauty Salon Spa Shower Caps Lace Elastic Band Flower Printed Hat Environmental Protection Hair Bath Caps Shower Caps Juhe Comfortable and DurableMade of a higher quality EVA fabric material, these shower cap are non-toxic,super breathable and soft, can be reused for a long time,it is safe to use when you bathing. Waterproof DesignBecause of the excellent waterproof surface, our bath cap can effectively keeps your hair dry and protects your get wet when you enjoy a shower, give you a better shower experience. One Size Fits Most With great elastic rubber around,our shower caps will bring much less pressure to head for women,also it’s hardly NO age limitation,it suit for kids,it,will not hurt your head and hair. Wide ApplicationBesides suit for bathing, these reusable shower caps can widely used in cooking, Spa,Beauty,Salon ects,protecting your hair from dust when do face cleaning,home cleaning.It a great shower cap for women with long hair,short hair,curly hair and so on. Your best choiceThis plastic hair caps are lightweight,cute, can be easily folded.While"
B08B3MSVQC,YOGFIT Wine Red Wigs with Bangs for Women 15 Inches Synthetic Curly Bob Wig for Girl Natural Looking Wavy Wigs,,,,YOGFIT,YOGFIT Wine Red Wigs with Bangs for Women 15 Inches Synthetic Curly Bob Wig for Girl Natural Looking Wavy Wigs YOGFIT
B09C1RMC6Y,Zara NIGHT POUR HOMME II NIGHT POUR HOMME III EDP 100 ML (3.4 FL. OZ) MEN'S LIMITED EDITION FRAGRANCE,"ZARA NIGHT POUR HOMME II + ZARA NIGHT POUR HOMME III EDP 100 ML (3.4 FL. OZ). EAU DE PARFUM DUO SET. THE SCENT REVEALS NOTES OF BERGAMOT, LAVENDER AND CEDAR (I) + CARDAMOM, IRIS AND AMBER (II).",,62.62,Zara,"Zara NIGHT POUR HOMME II NIGHT POUR HOMME III EDP 100 ML (3.4 FL. OZ) MEN'S LIMITED EDITION FRAGRANCE Zara ZARA NIGHT POUR HOMME II + ZARA NIGHT POUR HOMME III EDP 100 ML (3.4 FL. OZ). EAU DE PARFUM DUO SET. THE SCENT REVEALS NOTES OF BERGAMOT, LAVENDER AND CEDAR (I) + CARDAMOM, IRIS AND AMBER (II)."
